INFO 2026-06-09 20:16:58,046 Watching for file changes with StatReloader
WARNING 2026-06-09 20:17:48,906 Not Found: /
WARNING 2026-06-09 20:17:48,909 "GET / HTTP/1.1" 404 4259
INFO 2026-06-09 20:17:50,840 - Broken pipe from ('127.0.0.1', 50849)
WARNING 2026-06-09 20:18:15,313 Unauthorized: /api/token/
WARNING 2026-06-09 20:18:15,314 "POST /api/token/ HTTP/1.1" 401 63
INFO 2026-06-09 20:18:16,252 - Broken pipe from ('127.0.0.1', 59037)
WARNING 2026-06-09 20:19:13,677 Not Found: /
WARNING 2026-06-09 20:19:13,679 "GET / HTTP/1.1" 404 4259
WARNING 2026-06-09 20:19:14,465 Not Found: /favicon.ico
WARNING 2026-06-09 20:19:14,479 "GET /favicon.ico HTTP/1.1" 404 4310
INFO 2026-06-09 20:19:22,821 "GET /admin/ HTTP/1.1" 200 33127
INFO 2026-06-09 20:19:35,472 "OPTIONS /api/users/login/ HTTP/1.1" 200 0
INFO 2026-06-09 20:19:47,449 "POST /api/users/login/ HTTP/1.1" 200 1421
INFO 2026-06-09 20:19:47,473 "OPTIONS /api/products/ HTTP/1.1" 200 0
INFO 2026-06-09 20:19:47,596 "OPTIONS /api/notifications/notifications/?ordering=-created_at HTTP/1.1" 200 0
INFO 2026-06-09 20:19:48,023 "OPTIONS /api/sales/ HTTP/1.1" 200 0
INFO 2026-06-09 20:19:48,187 "OPTIONS /api/products/suppliers/ HTTP/1.1" 200 0
INFO 2026-06-09 20:19:48,438 "OPTIONS /api/inventory/purchase-orders/ HTTP/1.1" 200 0
INFO 2026-06-09 20:19:48,536 "GET /api/notifications/notifications/?ordering=-created_at HTTP/1.1" 200 52
INFO 2026-06-09 20:19:48,613 "OPTIONS /api/users/ HTTP/1.1" 200 0
INFO 2026-06-09 20:19:48,687 "OPTIONS /api/customers/ HTTP/1.1" 200 0
INFO 2026-06-09 20:19:48,876 "GET /api/sales/ HTTP/1.1" 200 52
WARNING 2026-06-09 20:19:49,472 Not Found: /ws/notifications/
INFO 2026-06-09 20:19:49,773 - Broken pipe from ('127.0.0.1', 56308)
WARNING 2026-06-09 20:19:49,875 Not Found: /ws/notifications/
WARNING 2026-06-09 20:19:49,928 "GET /ws/notifications/?token=eyJhbGciOiJIUzI1NiIsInR5cCI6IkpXVCJ9.eyJ0b2tlbl90eXBlIjoiYWNjZXNzIiwiZXhwIjoxNzgxMDU0Mzg2LCJpYXQiOjE3ODEwMjU1ODcsImp0aSI6IjFiODZjMzBiMWQxOTQyODBiYzU3Mzg3NTdmMzUwYTIxIiwidXNlcl9pZCI6IjIifQ.p3k8VlzEh2H2Z9D6YKnLk_9Az9yxg1T5lSJ7348qVQM HTTP/1.1" 404 4566
INFO 2026-06-09 20:19:49,933 "GET /api/inventory/purchase-orders/ HTTP/1.1" 200 52
INFO 2026-06-09 20:19:49,947 "GET /api/products/suppliers/ HTTP/1.1" 200 1014
INFO 2026-06-09 20:19:49,982 "GET /api/customers/ HTTP/1.1" 200 1217
INFO 2026-06-09 20:19:50,001 "GET /api/notifications/notifications/?ordering=-created_at HTTP/1.1" 200 52
INFO 2026-06-09 20:19:50,129 "GET /api/users/ HTTP/1.1" 200 5231
INFO 2026-06-09 20:19:50,513 "GET /api/products/ HTTP/1.1" 200 17141
WARNING 2026-06-09 20:19:55,142 Not Found: /ws/notifications/
WARNING 2026-06-09 20:19:55,159 "GET /ws/notifications/?token=eyJhbGciOiJIUzI1NiIsInR5cCI6IkpXVCJ9.eyJ0b2tlbl90eXBlIjoiYWNjZXNzIiwiZXhwIjoxNzgxMDU0Mzg2LCJpYXQiOjE3ODEwMjU1ODcsImp0aSI6IjFiODZjMzBiMWQxOTQyODBiYzU3Mzg3NTdmMzUwYTIxIiwidXNlcl9pZCI6IjIifQ.p3k8VlzEh2H2Z9D6YKnLk_9Az9yxg1T5lSJ7348qVQM HTTP/1.1" 404 4566
WARNING 2026-06-09 20:20:00,330 Not Found: /ws/notifications/
WARNING 2026-06-09 20:20:00,336 "GET /ws/notifications/?token=eyJhbGciOiJIUzI1NiIsInR5cCI6IkpXVCJ9.eyJ0b2tlbl90eXBlIjoiYWNjZXNzIiwiZXhwIjoxNzgxMDU0Mzg2LCJpYXQiOjE3ODEwMjU1ODcsImp0aSI6IjFiODZjMzBiMWQxOTQyODBiYzU3Mzg3NTdmMzUwYTIxIiwidXNlcl9pZCI6IjIifQ.p3k8VlzEh2H2Z9D6YKnLk_9Az9yxg1T5lSJ7348qVQM HTTP/1.1" 404 4566
INFO 2026-06-09 20:20:00,338 - Broken pipe from ('127.0.0.1', 59660)
INFO 2026-06-09 20:20:02,684 "GET /api/notifications/notifications/?ordering=-created_at HTTP/1.1" 200 52
WARNING 2026-06-09 20:20:05,419 Not Found: /ws/notifications/
WARNING 2026-06-09 20:20:05,420 "GET /ws/notifications/?token=eyJhbGciOiJIUzI1NiIsInR5cCI6IkpXVCJ9.eyJ0b2tlbl90eXBlIjoiYWNjZXNzIiwiZXhwIjoxNzgxMDU0Mzg2LCJpYXQiOjE3ODEwMjU1ODcsImp0aSI6IjFiODZjMzBiMWQxOTQyODBiYzU3Mzg3NTdmMzUwYTIxIiwidXNlcl9pZCI6IjIifQ.p3k8VlzEh2H2Z9D6YKnLk_9Az9yxg1T5lSJ7348qVQM HTTP/1.1" 404 4566
WARNING 2026-06-09 20:20:10,528 Not Found: /ws/notifications/
WARNING 2026-06-09 20:20:10,537 "GET /ws/notifications/?token=eyJhbGciOiJIUzI1NiIsInR5cCI6IkpXVCJ9.eyJ0b2tlbl90eXBlIjoiYWNjZXNzIiwiZXhwIjoxNzgxMDU0Mzg2LCJpYXQiOjE3ODEwMjU1ODcsImp0aSI6IjFiODZjMzBiMWQxOTQyODBiYzU3Mzg3NTdmMzUwYTIxIiwidXNlcl9pZCI6IjIifQ.p3k8VlzEh2H2Z9D6YKnLk_9Az9yxg1T5lSJ7348qVQM HTTP/1.1" 404 4566
WARNING 2026-06-09 20:20:15,668 Not Found: /ws/notifications/
WARNING 2026-06-09 20:20:15,671 "GET /ws/notifications/?token=eyJhbGciOiJIUzI1NiIsInR5cCI6IkpXVCJ9.eyJ0b2tlbl90eXBlIjoiYWNjZXNzIiwiZXhwIjoxNzgxMDU0Mzg2LCJpYXQiOjE3ODEwMjU1ODcsImp0aSI6IjFiODZjMzBiMWQxOTQyODBiYzU3Mzg3NTdmMzUwYTIxIiwidXNlcl9pZCI6IjIifQ.p3k8VlzEh2H2Z9D6YKnLk_9Az9yxg1T5lSJ7348qVQM HTTP/1.1" 404 4566
INFO 2026-06-09 20:20:18,037 "GET /api/products/suppliers/ HTTP/1.1" 200 1014
INFO 2026-06-09 20:20:18,100 "GET /api/inventory/purchase-orders/ HTTP/1.1" 200 52
INFO 2026-06-09 20:20:18,101 "GET /api/users/ HTTP/1.1" 200 5231
INFO 2026-06-09 20:20:18,121 "GET /api/sales/ HTTP/1.1" 200 52
INFO 2026-06-09 20:20:18,138 "GET /api/customers/ HTTP/1.1" 200 1217
INFO 2026-06-09 20:20:18,165 "GET /api/notifications/notifications/?ordering=-created_at HTTP/1.1" 200 52
INFO 2026-06-09 20:20:18,315 "GET /api/products/ HTTP/1.1" 200 17141
WARNING 2026-06-09 20:20:20,867 Not Found: /ws/notifications/
WARNING 2026-06-09 20:20:20,883 "GET /ws/notifications/?token=eyJhbGciOiJIUzI1NiIsInR5cCI6IkpXVCJ9.eyJ0b2tlbl90eXBlIjoiYWNjZXNzIiwiZXhwIjoxNzgxMDU0Mzg2LCJpYXQiOjE3ODEwMjU1ODcsImp0aSI6IjFiODZjMzBiMWQxOTQyODBiYzU3Mzg3NTdmMzUwYTIxIiwidXNlcl9pZCI6IjIifQ.p3k8VlzEh2H2Z9D6YKnLk_9Az9yxg1T5lSJ7348qVQM HTTP/1.1" 404 4566
WARNING 2026-06-09 20:20:26,109 Not Found: /ws/notifications/
WARNING 2026-06-09 20:20:26,110 "GET /ws/notifications/?token=eyJhbGciOiJIUzI1NiIsInR5cCI6IkpXVCJ9.eyJ0b2tlbl90eXBlIjoiYWNjZXNzIiwiZXhwIjoxNzgxMDU0Mzg2LCJpYXQiOjE3ODEwMjU1ODcsImp0aSI6IjFiODZjMzBiMWQxOTQyODBiYzU3Mzg3NTdmMzUwYTIxIiwidXNlcl9pZCI6IjIifQ.p3k8VlzEh2H2Z9D6YKnLk_9Az9yxg1T5lSJ7348qVQM HTTP/1.1" 404 4566
WARNING 2026-06-09 20:20:31,516 Not Found: /ws/notifications/
WARNING 2026-06-09 20:20:31,517 "GET /ws/notifications/?token=eyJhbGciOiJIUzI1NiIsInR5cCI6IkpXVCJ9.eyJ0b2tlbl90eXBlIjoiYWNjZXNzIiwiZXhwIjoxNzgxMDU0Mzg2LCJpYXQiOjE3ODEwMjU1ODcsImp0aSI6IjFiODZjMzBiMWQxOTQyODBiYzU3Mzg3NTdmMzUwYTIxIiwidXNlcl9pZCI6IjIifQ.p3k8VlzEh2H2Z9D6YKnLk_9Az9yxg1T5lSJ7348qVQM HTTP/1.1" 404 4566
INFO 2026-06-09 20:20:33,020 "GET /api/notifications/notifications/?ordering=-created_at HTTP/1.1" 200 52
WARNING 2026-06-09 20:20:38,579 Not Found: /ws/notifications/
WARNING 2026-06-09 20:20:38,585 "GET /ws/notifications/?token=eyJhbGciOiJIUzI1NiIsInR5cCI6IkpXVCJ9.eyJ0b2tlbl90eXBlIjoiYWNjZXNzIiwiZXhwIjoxNzgxMDU0Mzg2LCJpYXQiOjE3ODEwMjU1ODcsImp0aSI6IjFiODZjMzBiMWQxOTQyODBiYzU3Mzg3NTdmMzUwYTIxIiwidXNlcl9pZCI6IjIifQ.p3k8VlzEh2H2Z9D6YKnLk_9Az9yxg1T5lSJ7348qVQM HTTP/1.1" 404 4566
INFO 2026-06-09 20:20:43,566 "GET /admin/products/product/ HTTP/1.1" 200 82428
INFO 2026-06-09 20:20:44,005 "GET /admin/jsi18n/ HTTP/1.1" 200 3342
WARNING 2026-06-09 20:20:45,036 Not Found: /ws/notifications/
WARNING 2026-06-09 20:20:45,139 "GET /ws/notifications/?token=eyJhbGciOiJIUzI1NiIsInR5cCI6IkpXVCJ9.eyJ0b2tlbl90eXBlIjoiYWNjZXNzIiwiZXhwIjoxNzgxMDU0Mzg2LCJpYXQiOjE3ODEwMjU1ODcsImp0aSI6IjFiODZjMzBiMWQxOTQyODBiYzU3Mzg3NTdmMzUwYTIxIiwidXNlcl9pZCI6IjIifQ.p3k8VlzEh2H2Z9D6YKnLk_9Az9yxg1T5lSJ7348qVQM HTTP/1.1" 404 4566
INFO 2026-06-09 20:20:48,534 "GET /api/sales/ HTTP/1.1" 200 52
INFO 2026-06-09 20:20:48,534 "GET /api/inventory/purchase-orders/ HTTP/1.1" 200 52
INFO 2026-06-09 20:20:48,676 "GET /api/products/ HTTP/1.1" 200 17141
INFO 2026-06-09 20:20:49,505 "GET /api/customers/ HTTP/1.1" 200 1217
INFO 2026-06-09 20:20:49,521 "GET /api/notifications/notifications/?ordering=-created_at HTTP/1.1" 200 52
INFO 2026-06-09 20:20:49,521 "GET /api/products/suppliers/ HTTP/1.1" 200 1014
INFO 2026-06-09 20:20:49,546 "GET /api/users/ HTTP/1.1" 200 5231
WARNING 2026-06-09 20:20:55,354 Not Found: /ws/notifications/
WARNING 2026-06-09 20:20:55,355 "GET /ws/notifications/?token=eyJhbGciOiJIUzI1NiIsInR5cCI6IkpXVCJ9.eyJ0b2tlbl90eXBlIjoiYWNjZXNzIiwiZXhwIjoxNzgxMDU0Mzg2LCJpYXQiOjE3ODEwMjU1ODcsImp0aSI6IjFiODZjMzBiMWQxOTQyODBiYzU3Mzg3NTdmMzUwYTIxIiwidXNlcl9pZCI6IjIifQ.p3k8VlzEh2H2Z9D6YKnLk_9Az9yxg1T5lSJ7348qVQM HTTP/1.1" 404 4566
WARNING 2026-06-09 20:21:02,025 Not Found: /ws/notifications/
WARNING 2026-06-09 20:21:02,027 "GET /ws/notifications/?token=eyJhbGciOiJIUzI1NiIsInR5cCI6IkpXVCJ9.eyJ0b2tlbl90eXBlIjoiYWNjZXNzIiwiZXhwIjoxNzgxMDU0Mzg2LCJpYXQiOjE3ODEwMjU1ODcsImp0aSI6IjFiODZjMzBiMWQxOTQyODBiYzU3Mzg3NTdmMzUwYTIxIiwidXNlcl9pZCI6IjIifQ.p3k8VlzEh2H2Z9D6YKnLk_9Az9yxg1T5lSJ7348qVQM HTTP/1.1" 404 4566
INFO 2026-06-09 20:21:03,136 "GET /api/notifications/notifications/?ordering=-created_at HTTP/1.1" 200 52
WARNING 2026-06-09 20:21:08,169 Not Found: /ws/notifications/
WARNING 2026-06-09 20:21:08,170 "GET /ws/notifications/?token=eyJhbGciOiJIUzI1NiIsInR5cCI6IkpXVCJ9.eyJ0b2tlbl90eXBlIjoiYWNjZXNzIiwiZXhwIjoxNzgxMDU0Mzg2LCJpYXQiOjE3ODEwMjU1ODcsImp0aSI6IjFiODZjMzBiMWQxOTQyODBiYzU3Mzg3NTdmMzUwYTIxIiwidXNlcl9pZCI6IjIifQ.p3k8VlzEh2H2Z9D6YKnLk_9Az9yxg1T5lSJ7348qVQM HTTP/1.1" 404 4566
WARNING 2026-06-09 20:21:15,849 Not Found: /ws/notifications/
WARNING 2026-06-09 20:21:15,852 "GET /ws/notifications/?token=eyJhbGciOiJIUzI1NiIsInR5cCI6IkpXVCJ9.eyJ0b2tlbl90eXBlIjoiYWNjZXNzIiwiZXhwIjoxNzgxMDU0Mzg2LCJpYXQiOjE3ODEwMjU1ODcsImp0aSI6IjFiODZjMzBiMWQxOTQyODBiYzU3Mzg3NTdmMzUwYTIxIiwidXNlcl9pZCI6IjIifQ.p3k8VlzEh2H2Z9D6YKnLk_9Az9yxg1T5lSJ7348qVQM HTTP/1.1" 404 4566
INFO 2026-06-09 20:21:18,445 "GET /api/sales/ HTTP/1.1" 200 52
INFO 2026-06-09 20:21:18,543 "GET /api/customers/ HTTP/1.1" 200 1217
INFO 2026-06-09 20:21:18,579 "GET /api/inventory/purchase-orders/ HTTP/1.1" 200 52
INFO 2026-06-09 20:21:18,583 "GET /api/products/suppliers/ HTTP/1.1" 200 1014
INFO 2026-06-09 20:21:18,615 "GET /api/notifications/notifications/?ordering=-created_at HTTP/1.1" 200 52
INFO 2026-06-09 20:21:18,616 "GET /api/users/ HTTP/1.1" 200 5231
INFO 2026-06-09 20:21:18,900 "GET /api/products/ HTTP/1.1" 200 17141
WARNING 2026-06-09 20:21:23,215 Not Found: /ws/notifications/
WARNING 2026-06-09 20:21:23,260 "GET /ws/notifications/?token=eyJhbGciOiJIUzI1NiIsInR5cCI6IkpXVCJ9.eyJ0b2tlbl90eXBlIjoiYWNjZXNzIiwiZXhwIjoxNzgxMDU0Mzg2LCJpYXQiOjE3ODEwMjU1ODcsImp0aSI6IjFiODZjMzBiMWQxOTQyODBiYzU3Mzg3NTdmMzUwYTIxIiwidXNlcl9pZCI6IjIifQ.p3k8VlzEh2H2Z9D6YKnLk_9Az9yxg1T5lSJ7348qVQM HTTP/1.1" 404 4566
WARNING 2026-06-09 20:21:31,113 Not Found: /ws/notifications/
WARNING 2026-06-09 20:21:31,285 "GET /ws/notifications/?token=eyJhbGciOiJIUzI1NiIsInR5cCI6IkpXVCJ9.eyJ0b2tlbl90eXBlIjoiYWNjZXNzIiwiZXhwIjoxNzgxMDU0Mzg2LCJpYXQiOjE3ODEwMjU1ODcsImp0aSI6IjFiODZjMzBiMWQxOTQyODBiYzU3Mzg3NTdmMzUwYTIxIiwidXNlcl9pZCI6IjIifQ.p3k8VlzEh2H2Z9D6YKnLk_9Az9yxg1T5lSJ7348qVQM HTTP/1.1" 404 4566
INFO 2026-06-09 20:21:33,160 "GET /api/notifications/notifications/?ordering=-created_at HTTP/1.1" 200 52
WARNING 2026-06-09 20:21:40,243 Not Found: /ws/notifications/
WARNING 2026-06-09 20:21:40,294 "GET /ws/notifications/?token=eyJhbGciOiJIUzI1NiIsInR5cCI6IkpXVCJ9.eyJ0b2tlbl90eXBlIjoiYWNjZXNzIiwiZXhwIjoxNzgxMDU0Mzg2LCJpYXQiOjE3ODEwMjU1ODcsImp0aSI6IjFiODZjMzBiMWQxOTQyODBiYzU3Mzg3NTdmMzUwYTIxIiwidXNlcl9pZCI6IjIifQ.p3k8VlzEh2H2Z9D6YKnLk_9Az9yxg1T5lSJ7348qVQM HTTP/1.1" 404 4566
INFO 2026-06-09 20:21:48,403 "GET /api/sales/ HTTP/1.1" 200 52
INFO 2026-06-09 20:21:48,405 "GET /api/inventory/purchase-orders/ HTTP/1.1" 200 52
INFO 2026-06-09 20:21:48,448 "GET /api/products/ HTTP/1.1" 200 17141
INFO 2026-06-09 20:21:49,595 "GET /api/products/suppliers/ HTTP/1.1" 200 1014
INFO 2026-06-09 20:21:49,627 "GET /api/customers/ HTTP/1.1" 200 1217
INFO 2026-06-09 20:21:49,685 "GET /api/users/ HTTP/1.1" 200 5231
WARNING 2026-06-09 20:21:50,705 Not Found: /ws/notifications/
WARNING 2026-06-09 20:21:50,709 "GET /ws/notifications/?token=eyJhbGciOiJIUzI1NiIsInR5cCI6IkpXVCJ9.eyJ0b2tlbl90eXBlIjoiYWNjZXNzIiwiZXhwIjoxNzgxMDU0Mzg2LCJpYXQiOjE3ODEwMjU1ODcsImp0aSI6IjFiODZjMzBiMWQxOTQyODBiYzU3Mzg3NTdmMzUwYTIxIiwidXNlcl9pZCI6IjIifQ.p3k8VlzEh2H2Z9D6YKnLk_9Az9yxg1T5lSJ7348qVQM HTTP/1.1" 404 4566
INFO 2026-06-09 20:21:58,164 "GET /api/notifications/notifications/?ordering=-created_at HTTP/1.1" 200 52
WARNING 2026-06-09 20:21:59,761 Not Found: /ws/notifications/
WARNING 2026-06-09 20:21:59,763 "GET /ws/notifications/?token=eyJhbGciOiJIUzI1NiIsInR5cCI6IkpXVCJ9.eyJ0b2tlbl90eXBlIjoiYWNjZXNzIiwiZXhwIjoxNzgxMDU0Mzg2LCJpYXQiOjE3ODEwMjU1ODcsImp0aSI6IjFiODZjMzBiMWQxOTQyODBiYzU3Mzg3NTdmMzUwYTIxIiwidXNlcl9pZCI6IjIifQ.p3k8VlzEh2H2Z9D6YKnLk_9Az9yxg1T5lSJ7348qVQM HTTP/1.1" 404 4566
WARNING 2026-06-09 20:22:06,833 Not Found: /ws/notifications/
WARNING 2026-06-09 20:22:07,152 "GET /ws/notifications/?token=eyJhbGciOiJIUzI1NiIsInR5cCI6IkpXVCJ9.eyJ0b2tlbl90eXBlIjoiYWNjZXNzIiwiZXhwIjoxNzgxMDU0Mzg2LCJpYXQiOjE3ODEwMjU1ODcsImp0aSI6IjFiODZjMzBiMWQxOTQyODBiYzU3Mzg3NTdmMzUwYTIxIiwidXNlcl9pZCI6IjIifQ.p3k8VlzEh2H2Z9D6YKnLk_9Az9yxg1T5lSJ7348qVQM HTTP/1.1" 404 4566
WARNING 2026-06-09 20:22:17,451 Not Found: /ws/notifications/
WARNING 2026-06-09 20:22:17,453 "GET /ws/notifications/?token=eyJhbGciOiJIUzI1NiIsInR5cCI6IkpXVCJ9.eyJ0b2tlbl90eXBlIjoiYWNjZXNzIiwiZXhwIjoxNzgxMDU0Mzg2LCJpYXQiOjE3ODEwMjU1ODcsImp0aSI6IjFiODZjMzBiMWQxOTQyODBiYzU3Mzg3NTdmMzUwYTIxIiwidXNlcl9pZCI6IjIifQ.p3k8VlzEh2H2Z9D6YKnLk_9Az9yxg1T5lSJ7348qVQM HTTP/1.1" 404 4566
INFO 2026-06-09 20:22:21,150 "GET /api/products/ HTTP/1.1" 200 17141
INFO 2026-06-09 20:22:22,938 "GET /api/sales/ HTTP/1.1" 200 52
INFO 2026-06-09 20:22:26,338 "GET /api/inventory/purchase-orders/ HTTP/1.1" 200 52
INFO 2026-06-09 20:22:26,368 "GET /api/customers/ HTTP/1.1" 200 1217
INFO 2026-06-09 20:22:26,382 "GET /api/products/suppliers/ HTTP/1.1" 200 1014
INFO 2026-06-09 20:22:26,383 "GET /api/users/ HTTP/1.1" 200 5231
WARNING 2026-06-09 20:22:42,756 Not Found: /ws/notifications/
WARNING 2026-06-09 20:22:42,758 "GET /ws/notifications/?token=eyJhbGciOiJIUzI1NiIsInR5cCI6IkpXVCJ9.eyJ0b2tlbl90eXBlIjoiYWNjZXNzIiwiZXhwIjoxNzgxMDU0Mzg2LCJpYXQiOjE3ODEwMjU1ODcsImp0aSI6IjFiODZjMzBiMWQxOTQyODBiYzU3Mzg3NTdmMzUwYTIxIiwidXNlcl9pZCI6IjIifQ.p3k8VlzEh2H2Z9D6YKnLk_9Az9yxg1T5lSJ7348qVQM HTTP/1.1" 404 4566
INFO 2026-06-09 20:22:48,177 "GET /api/sales/ HTTP/1.1" 200 52
INFO 2026-06-09 20:22:48,180 "GET /api/inventory/purchase-orders/ HTTP/1.1" 200 52
INFO 2026-06-09 20:22:48,194 "GET /api/products/suppliers/ HTTP/1.1" 200 1014
INFO 2026-06-09 20:22:48,210 "GET /api/customers/ HTTP/1.1" 200 1217
INFO 2026-06-09 20:22:48,299 "GET /api/users/ HTTP/1.1" 200 5231
INFO 2026-06-09 20:22:48,317 "GET /api/products/ HTTP/1.1" 200 17141
WARNING 2026-06-09 20:22:51,043 Not Found: /ws/notifications/
WARNING 2026-06-09 20:22:51,044 "GET /ws/notifications/?token=eyJhbGciOiJIUzI1NiIsInR5cCI6IkpXVCJ9.eyJ0b2tlbl90eXBlIjoiYWNjZXNzIiwiZXhwIjoxNzgxMDU0Mzg2LCJpYXQiOjE3ODEwMjU1ODcsImp0aSI6IjFiODZjMzBiMWQxOTQyODBiYzU3Mzg3NTdmMzUwYTIxIiwidXNlcl9pZCI6IjIifQ.p3k8VlzEh2H2Z9D6YKnLk_9Az9yxg1T5lSJ7348qVQM HTTP/1.1" 404 4566
INFO 2026-06-09 20:22:58,153 "GET /api/notifications/notifications/?ordering=-created_at HTTP/1.1" 200 52
WARNING 2026-06-09 20:22:58,641 Not Found: /ws/notifications/
WARNING 2026-06-09 20:22:58,681 "GET /ws/notifications/?token=eyJhbGciOiJIUzI1NiIsInR5cCI6IkpXVCJ9.eyJ0b2tlbl90eXBlIjoiYWNjZXNzIiwiZXhwIjoxNzgxMDU0Mzg2LCJpYXQiOjE3ODEwMjU1ODcsImp0aSI6IjFiODZjMzBiMWQxOTQyODBiYzU3Mzg3NTdmMzUwYTIxIiwidXNlcl9pZCI6IjIifQ.p3k8VlzEh2H2Z9D6YKnLk_9Az9yxg1T5lSJ7348qVQM HTTP/1.1" 404 4566
WARNING 2026-06-09 20:23:05,761 Not Found: /ws/notifications/
WARNING 2026-06-09 20:23:05,792 "GET /ws/notifications/?token=eyJhbGciOiJIUzI1NiIsInR5cCI6IkpXVCJ9.eyJ0b2tlbl90eXBlIjoiYWNjZXNzIiwiZXhwIjoxNzgxMDU0Mzg2LCJpYXQiOjE3ODEwMjU1ODcsImp0aSI6IjFiODZjMzBiMWQxOTQyODBiYzU3Mzg3NTdmMzUwYTIxIiwidXNlcl9pZCI6IjIifQ.p3k8VlzEh2H2Z9D6YKnLk_9Az9yxg1T5lSJ7348qVQM HTTP/1.1" 404 4566
WARNING 2026-06-09 20:23:14,534 Not Found: /ws/notifications/
WARNING 2026-06-09 20:23:14,536 "GET /ws/notifications/?token=eyJhbGciOiJIUzI1NiIsInR5cCI6IkpXVCJ9.eyJ0b2tlbl90eXBlIjoiYWNjZXNzIiwiZXhwIjoxNzgxMDU0Mzg2LCJpYXQiOjE3ODEwMjU1ODcsImp0aSI6IjFiODZjMzBiMWQxOTQyODBiYzU3Mzg3NTdmMzUwYTIxIiwidXNlcl9pZCI6IjIifQ.p3k8VlzEh2H2Z9D6YKnLk_9Az9yxg1T5lSJ7348qVQM HTTP/1.1" 404 4566
WARNING 2026-06-09 20:23:22,939 Not Found: /ws/notifications/
WARNING 2026-06-09 20:23:22,951 "GET /ws/notifications/?token=eyJhbGciOiJIUzI1NiIsInR5cCI6IkpXVCJ9.eyJ0b2tlbl90eXBlIjoiYWNjZXNzIiwiZXhwIjoxNzgxMDU0Mzg2LCJpYXQiOjE3ODEwMjU1ODcsImp0aSI6IjFiODZjMzBiMWQxOTQyODBiYzU3Mzg3NTdmMzUwYTIxIiwidXNlcl9pZCI6IjIifQ.p3k8VlzEh2H2Z9D6YKnLk_9Az9yxg1T5lSJ7348qVQM HTTP/1.1" 404 4566
WARNING 2026-06-09 20:23:31,080 Not Found: /ws/notifications/
WARNING 2026-06-09 20:23:31,082 "GET /ws/notifications/?token=eyJhbGciOiJIUzI1NiIsInR5cCI6IkpXVCJ9.eyJ0b2tlbl90eXBlIjoiYWNjZXNzIiwiZXhwIjoxNzgxMDU0Mzg2LCJpYXQiOjE3ODEwMjU1ODcsImp0aSI6IjFiODZjMzBiMWQxOTQyODBiYzU3Mzg3NTdmMzUwYTIxIiwidXNlcl9pZCI6IjIifQ.p3k8VlzEh2H2Z9D6YKnLk_9Az9yxg1T5lSJ7348qVQM HTTP/1.1" 404 4566
WARNING 2026-06-09 20:23:40,782 Not Found: /ws/notifications/
WARNING 2026-06-09 20:23:40,784 "GET /ws/notifications/?token=eyJhbGciOiJIUzI1NiIsInR5cCI6IkpXVCJ9.eyJ0b2tlbl90eXBlIjoiYWNjZXNzIiwiZXhwIjoxNzgxMDU0Mzg2LCJpYXQiOjE3ODEwMjU1ODcsImp0aSI6IjFiODZjMzBiMWQxOTQyODBiYzU3Mzg3NTdmMzUwYTIxIiwidXNlcl9pZCI6IjIifQ.p3k8VlzEh2H2Z9D6YKnLk_9Az9yxg1T5lSJ7348qVQM HTTP/1.1" 404 4566
WARNING 2026-06-09 20:23:47,734 Not Found: /ws/notifications/
WARNING 2026-06-09 20:23:47,737 "GET /ws/notifications/?token=eyJhbGciOiJIUzI1NiIsInR5cCI6IkpXVCJ9.eyJ0b2tlbl90eXBlIjoiYWNjZXNzIiwiZXhwIjoxNzgxMDU0Mzg2LCJpYXQiOjE3ODEwMjU1ODcsImp0aSI6IjFiODZjMzBiMWQxOTQyODBiYzU3Mzg3NTdmMzUwYTIxIiwidXNlcl9pZCI6IjIifQ.p3k8VlzEh2H2Z9D6YKnLk_9Az9yxg1T5lSJ7348qVQM HTTP/1.1" 404 4566
WARNING 2026-06-09 20:23:53,278 Not Found: /ws/notifications/
WARNING 2026-06-09 20:23:53,287 "GET /ws/notifications/?token=eyJhbGciOiJIUzI1NiIsInR5cCI6IkpXVCJ9.eyJ0b2tlbl90eXBlIjoiYWNjZXNzIiwiZXhwIjoxNzgxMDU0Mzg2LCJpYXQiOjE3ODEwMjU1ODcsImp0aSI6IjFiODZjMzBiMWQxOTQyODBiYzU3Mzg3NTdmMzUwYTIxIiwidXNlcl9pZCI6IjIifQ.p3k8VlzEh2H2Z9D6YKnLk_9Az9yxg1T5lSJ7348qVQM HTTP/1.1" 404 4566
INFO 2026-06-09 20:23:58,215 "GET /api/notifications/notifications/?ordering=-created_at HTTP/1.1" 200 52
INFO 2026-06-09 20:23:58,434 "GET /api/sales/ HTTP/1.1" 200 52
INFO 2026-06-09 20:23:58,500 "GET /api/inventory/purchase-orders/ HTTP/1.1" 200 52
INFO 2026-06-09 20:23:58,506 "GET /api/products/suppliers/ HTTP/1.1" 200 1014
INFO 2026-06-09 20:23:58,659 "GET /api/users/ HTTP/1.1" 200 5231
INFO 2026-06-09 20:23:58,688 "GET /api/customers/ HTTP/1.1" 200 1217
INFO 2026-06-09 20:23:58,815 "GET /api/products/ HTTP/1.1" 200 17141
WARNING 2026-06-09 20:24:00,087 Not Found: /ws/notifications/
WARNING 2026-06-09 20:24:00,091 "GET /ws/notifications/?token=eyJhbGciOiJIUzI1NiIsInR5cCI6IkpXVCJ9.eyJ0b2tlbl90eXBlIjoiYWNjZXNzIiwiZXhwIjoxNzgxMDU0Mzg2LCJpYXQiOjE3ODEwMjU1ODcsImp0aSI6IjFiODZjMzBiMWQxOTQyODBiYzU3Mzg3NTdmMzUwYTIxIiwidXNlcl9pZCI6IjIifQ.p3k8VlzEh2H2Z9D6YKnLk_9Az9yxg1T5lSJ7348qVQM HTTP/1.1" 404 4566
WARNING 2026-06-09 20:24:07,626 Not Found: /ws/notifications/
WARNING 2026-06-09 20:24:07,628 "GET /ws/notifications/?token=eyJhbGciOiJIUzI1NiIsInR5cCI6IkpXVCJ9.eyJ0b2tlbl90eXBlIjoiYWNjZXNzIiwiZXhwIjoxNzgxMDU0Mzg2LCJpYXQiOjE3ODEwMjU1ODcsImp0aSI6IjFiODZjMzBiMWQxOTQyODBiYzU3Mzg3NTdmMzUwYTIxIiwidXNlcl9pZCI6IjIifQ.p3k8VlzEh2H2Z9D6YKnLk_9Az9yxg1T5lSJ7348qVQM HTTP/1.1" 404 4566
WARNING 2026-06-09 20:24:17,128 Not Found: /ws/notifications/
WARNING 2026-06-09 20:24:17,131 "GET /ws/notifications/?token=eyJhbGciOiJIUzI1NiIsInR5cCI6IkpXVCJ9.eyJ0b2tlbl90eXBlIjoiYWNjZXNzIiwiZXhwIjoxNzgxMDU0Mzg2LCJpYXQiOjE3ODEwMjU1ODcsImp0aSI6IjFiODZjMzBiMWQxOTQyODBiYzU3Mzg3NTdmMzUwYTIxIiwidXNlcl9pZCI6IjIifQ.p3k8VlzEh2H2Z9D6YKnLk_9Az9yxg1T5lSJ7348qVQM HTTP/1.1" 404 4566
WARNING 2026-06-09 20:24:25,758 Not Found: /ws/notifications/
WARNING 2026-06-09 20:24:25,759 "GET /ws/notifications/?token=eyJhbGciOiJIUzI1NiIsInR5cCI6IkpXVCJ9.eyJ0b2tlbl90eXBlIjoiYWNjZXNzIiwiZXhwIjoxNzgxMDU0Mzg2LCJpYXQiOjE3ODEwMjU1ODcsImp0aSI6IjFiODZjMzBiMWQxOTQyODBiYzU3Mzg3NTdmMzUwYTIxIiwidXNlcl9pZCI6IjIifQ.p3k8VlzEh2H2Z9D6YKnLk_9Az9yxg1T5lSJ7348qVQM HTTP/1.1" 404 4566
WARNING 2026-06-09 20:24:33,487 Not Found: /ws/notifications/
WARNING 2026-06-09 20:24:33,489 "GET /ws/notifications/?token=eyJhbGciOiJIUzI1NiIsInR5cCI6IkpXVCJ9.eyJ0b2tlbl90eXBlIjoiYWNjZXNzIiwiZXhwIjoxNzgxMDU0Mzg2LCJpYXQiOjE3ODEwMjU1ODcsImp0aSI6IjFiODZjMzBiMWQxOTQyODBiYzU3Mzg3NTdmMzUwYTIxIiwidXNlcl9pZCI6IjIifQ.p3k8VlzEh2H2Z9D6YKnLk_9Az9yxg1T5lSJ7348qVQM HTTP/1.1" 404 4566
INFO 2026-06-09 20:24:36,139 "POST /admin/products/product/ HTTP/1.1" 200 37159
INFO 2026-06-09 20:24:40,712 "POST /admin/products/product/ HTTP/1.1" 302 0
INFO 2026-06-09 20:24:40,905 "GET /admin/products/product/ HTTP/1.1" 200 46087
WARNING 2026-06-09 20:24:40,940 Not Found: /ws/notifications/
WARNING 2026-06-09 20:24:40,942 "GET /ws/notifications/?token=eyJhbGciOiJIUzI1NiIsInR5cCI6IkpXVCJ9.eyJ0b2tlbl90eXBlIjoiYWNjZXNzIiwiZXhwIjoxNzgxMDU0Mzg2LCJpYXQiOjE3ODEwMjU1ODcsImp0aSI6IjFiODZjMzBiMWQxOTQyODBiYzU3Mzg3NTdmMzUwYTIxIiwidXNlcl9pZCI6IjIifQ.p3k8VlzEh2H2Z9D6YKnLk_9Az9yxg1T5lSJ7348qVQM HTTP/1.1" 404 4566
INFO 2026-06-09 20:24:40,997 "GET /admin/jsi18n/ HTTP/1.1" 200 3342
INFO 2026-06-09 20:24:45,017 "GET /api/notifications/notifications/?ordering=-created_at HTTP/1.1" 200 52
INFO 2026-06-09 20:24:45,106 "GET /api/customers/ HTTP/1.1" 200 1217
INFO 2026-06-09 20:24:45,110 "GET /api/sales/ HTTP/1.1" 200 52
INFO 2026-06-09 20:24:45,193 "GET /api/inventory/purchase-orders/ HTTP/1.1" 200 52
INFO 2026-06-09 20:24:45,279 "GET /api/products/suppliers/ HTTP/1.1" 200 1014
INFO 2026-06-09 20:24:45,365 "GET /api/users/ HTTP/1.1" 200 5231
INFO 2026-06-09 20:24:45,365 "GET /api/notifications/notifications/?ordering=-created_at HTTP/1.1" 200 52
INFO 2026-06-09 20:24:45,996 "GET /api/products/ HTTP/1.1" 200 17134
WARNING 2026-06-09 20:24:47,196 Not Found: /ws/notifications/
WARNING 2026-06-09 20:24:47,198 "GET /ws/notifications/?token=eyJhbGciOiJIUzI1NiIsInR5cCI6IkpXVCJ9.eyJ0b2tlbl90eXBlIjoiYWNjZXNzIiwiZXhwIjoxNzgxMDU0Mzg2LCJpYXQiOjE3ODEwMjU1ODcsImp0aSI6IjFiODZjMzBiMWQxOTQyODBiYzU3Mzg3NTdmMzUwYTIxIiwidXNlcl9pZCI6IjIifQ.p3k8VlzEh2H2Z9D6YKnLk_9Az9yxg1T5lSJ7348qVQM HTTP/1.1" 404 4566
INFO 2026-06-09 20:24:47,930 "GET /api/products/suppliers/ HTTP/1.1" 200 1014
INFO 2026-06-09 20:24:47,960 "GET /api/sales/ HTTP/1.1" 200 52
INFO 2026-06-09 20:24:47,968 "GET /api/customers/ HTTP/1.1" 200 1217
INFO 2026-06-09 20:24:47,977 "GET /api/inventory/purchase-orders/ HTTP/1.1" 200 52
INFO 2026-06-09 20:24:48,056 "GET /api/users/ HTTP/1.1" 200 5231
INFO 2026-06-09 20:24:48,107 "GET /api/notifications/notifications/?ordering=-created_at HTTP/1.1" 200 52
INFO 2026-06-09 20:24:48,497 "GET /api/products/ HTTP/1.1" 200 17134
WARNING 2026-06-09 20:24:55,322 Not Found: /ws/notifications/
WARNING 2026-06-09 20:24:55,323 "GET /ws/notifications/?token=eyJhbGciOiJIUzI1NiIsInR5cCI6IkpXVCJ9.eyJ0b2tlbl90eXBlIjoiYWNjZXNzIiwiZXhwIjoxNzgxMDU0Mzg2LCJpYXQiOjE3ODEwMjU1ODcsImp0aSI6IjFiODZjMzBiMWQxOTQyODBiYzU3Mzg3NTdmMzUwYTIxIiwidXNlcl9pZCI6IjIifQ.p3k8VlzEh2H2Z9D6YKnLk_9Az9yxg1T5lSJ7348qVQM HTTP/1.1" 404 4566
WARNING 2026-06-09 20:25:01,387 Not Found: /ws/notifications/
WARNING 2026-06-09 20:25:01,389 "GET /ws/notifications/?token=eyJhbGciOiJIUzI1NiIsInR5cCI6IkpXVCJ9.eyJ0b2tlbl90eXBlIjoiYWNjZXNzIiwiZXhwIjoxNzgxMDU0Mzg2LCJpYXQiOjE3ODEwMjU1ODcsImp0aSI6IjFiODZjMzBiMWQxOTQyODBiYzU3Mzg3NTdmMzUwYTIxIiwidXNlcl9pZCI6IjIifQ.p3k8VlzEh2H2Z9D6YKnLk_9Az9yxg1T5lSJ7348qVQM HTTP/1.1" 404 4566
INFO 2026-06-09 20:25:02,619 "GET /api/notifications/notifications/?ordering=-created_at HTTP/1.1" 200 52
WARNING 2026-06-09 20:25:08,229 Not Found: /ws/notifications/
WARNING 2026-06-09 20:25:08,231 "GET /ws/notifications/?token=eyJhbGciOiJIUzI1NiIsInR5cCI6IkpXVCJ9.eyJ0b2tlbl90eXBlIjoiYWNjZXNzIiwiZXhwIjoxNzgxMDU0Mzg2LCJpYXQiOjE3ODEwMjU1ODcsImp0aSI6IjFiODZjMzBiMWQxOTQyODBiYzU3Mzg3NTdmMzUwYTIxIiwidXNlcl9pZCI6IjIifQ.p3k8VlzEh2H2Z9D6YKnLk_9Az9yxg1T5lSJ7348qVQM HTTP/1.1" 404 4566
INFO 2026-06-09 20:25:09,848 "GET /api/notifications/notifications/?ordering=-created_at HTTP/1.1" 200 52
WARNING 2026-06-09 20:25:16,054 Not Found: /ws/notifications/
WARNING 2026-06-09 20:25:16,056 "GET /ws/notifications/?token=eyJhbGciOiJIUzI1NiIsInR5cCI6IkpXVCJ9.eyJ0b2tlbl90eXBlIjoiYWNjZXNzIiwiZXhwIjoxNzgxMDU0Mzg2LCJpYXQiOjE3ODEwMjU1ODcsImp0aSI6IjFiODZjMzBiMWQxOTQyODBiYzU3Mzg3NTdmMzUwYTIxIiwidXNlcl9pZCI6IjIifQ.p3k8VlzEh2H2Z9D6YKnLk_9Az9yxg1T5lSJ7348qVQM HTTP/1.1" 404 4566
INFO 2026-06-09 20:25:17,666 "GET /api/sales/ HTTP/1.1" 200 52
INFO 2026-06-09 20:25:17,689 "GET /api/products/suppliers/ HTTP/1.1" 200 1014
INFO 2026-06-09 20:25:17,696 "GET /api/inventory/purchase-orders/ HTTP/1.1" 200 52
INFO 2026-06-09 20:25:17,699 "GET /api/customers/ HTTP/1.1" 200 1217
INFO 2026-06-09 20:25:17,722 "GET /api/users/ HTTP/1.1" 200 5231
INFO 2026-06-09 20:25:17,727 "GET /api/notifications/notifications/?ordering=-created_at HTTP/1.1" 200 52
INFO 2026-06-09 20:25:17,792 "GET /api/products/ HTTP/1.1" 200 17134
INFO 2026-06-09 20:25:22,672 "GET /api/notifications/notifications/?ordering=-created_at HTTP/1.1" 200 52
WARNING 2026-06-09 20:25:23,782 Not Found: /ws/notifications/
WARNING 2026-06-09 20:25:23,783 "GET /ws/notifications/?token=eyJhbGciOiJIUzI1NiIsInR5cCI6IkpXVCJ9.eyJ0b2tlbl90eXBlIjoiYWNjZXNzIiwiZXhwIjoxNzgxMDU0Mzg2LCJpYXQiOjE3ODEwMjU1ODcsImp0aSI6IjFiODZjMzBiMWQxOTQyODBiYzU3Mzg3NTdmMzUwYTIxIiwidXNlcl9pZCI6IjIifQ.p3k8VlzEh2H2Z9D6YKnLk_9Az9yxg1T5lSJ7348qVQM HTTP/1.1" 404 4566
INFO 2026-06-09 20:25:33,359 "GET /api/notifications/notifications/?ordering=-created_at HTTP/1.1" 200 52
WARNING 2026-06-09 20:25:33,590 Not Found: /ws/notifications/
WARNING 2026-06-09 20:25:33,591 "GET /ws/notifications/?token=eyJhbGciOiJIUzI1NiIsInR5cCI6IkpXVCJ9.eyJ0b2tlbl90eXBlIjoiYWNjZXNzIiwiZXhwIjoxNzgxMDU0Mzg2LCJpYXQiOjE3ODEwMjU1ODcsImp0aSI6IjFiODZjMzBiMWQxOTQyODBiYzU3Mzg3NTdmMzUwYTIxIiwidXNlcl9pZCI6IjIifQ.p3k8VlzEh2H2Z9D6YKnLk_9Az9yxg1T5lSJ7348qVQM HTTP/1.1" 404 4566
WARNING 2026-06-09 20:25:40,687 Not Found: /ws/notifications/
WARNING 2026-06-09 20:25:40,689 "GET /ws/notifications/?token=eyJhbGciOiJIUzI1NiIsInR5cCI6IkpXVCJ9.eyJ0b2tlbl90eXBlIjoiYWNjZXNzIiwiZXhwIjoxNzgxMDU0Mzg2LCJpYXQiOjE3ODEwMjU1ODcsImp0aSI6IjFiODZjMzBiMWQxOTQyODBiYzU3Mzg3NTdmMzUwYTIxIiwidXNlcl9pZCI6IjIifQ.p3k8VlzEh2H2Z9D6YKnLk_9Az9yxg1T5lSJ7348qVQM HTTP/1.1" 404 4566
WARNING 2026-06-09 20:25:47,219 Not Found: /ws/notifications/
WARNING 2026-06-09 20:25:47,220 "GET /ws/notifications/?token=eyJhbGciOiJIUzI1NiIsInR5cCI6IkpXVCJ9.eyJ0b2tlbl90eXBlIjoiYWNjZXNzIiwiZXhwIjoxNzgxMDU0Mzg2LCJpYXQiOjE3ODEwMjU1ODcsImp0aSI6IjFiODZjMzBiMWQxOTQyODBiYzU3Mzg3NTdmMzUwYTIxIiwidXNlcl9pZCI6IjIifQ.p3k8VlzEh2H2Z9D6YKnLk_9Az9yxg1T5lSJ7348qVQM HTTP/1.1" 404 4566
INFO 2026-06-09 20:25:48,180 "GET /api/sales/ HTTP/1.1" 200 52
INFO 2026-06-09 20:25:48,185 "GET /api/inventory/purchase-orders/ HTTP/1.1" 200 52
INFO 2026-06-09 20:25:48,191 "GET /api/products/suppliers/ HTTP/1.1" 200 1014
INFO 2026-06-09 20:25:48,203 "GET /api/customers/ HTTP/1.1" 200 1217
INFO 2026-06-09 20:25:48,240 "GET /api/notifications/notifications/?ordering=-created_at HTTP/1.1" 200 52
INFO 2026-06-09 20:25:48,245 "GET /api/users/ HTTP/1.1" 200 5231
INFO 2026-06-09 20:25:48,332 "GET /api/products/ HTTP/1.1" 200 17134
WARNING 2026-06-09 20:25:53,136 Not Found: /ws/notifications/
WARNING 2026-06-09 20:25:53,138 "GET /ws/notifications/?token=eyJhbGciOiJIUzI1NiIsInR5cCI6IkpXVCJ9.eyJ0b2tlbl90eXBlIjoiYWNjZXNzIiwiZXhwIjoxNzgxMDU0Mzg2LCJpYXQiOjE3ODEwMjU1ODcsImp0aSI6IjFiODZjMzBiMWQxOTQyODBiYzU3Mzg3NTdmMzUwYTIxIiwidXNlcl9pZCI6IjIifQ.p3k8VlzEh2H2Z9D6YKnLk_9Az9yxg1T5lSJ7348qVQM HTTP/1.1" 404 4566
WARNING 2026-06-09 20:25:59,123 Not Found: /ws/notifications/
WARNING 2026-06-09 20:25:59,167 "GET /ws/notifications/?token=eyJhbGciOiJIUzI1NiIsInR5cCI6IkpXVCJ9.eyJ0b2tlbl90eXBlIjoiYWNjZXNzIiwiZXhwIjoxNzgxMDU0Mzg2LCJpYXQiOjE3ODEwMjU1ODcsImp0aSI6IjFiODZjMzBiMWQxOTQyODBiYzU3Mzg3NTdmMzUwYTIxIiwidXNlcl9pZCI6IjIifQ.p3k8VlzEh2H2Z9D6YKnLk_9Az9yxg1T5lSJ7348qVQM HTTP/1.1" 404 4566
INFO 2026-06-09 20:26:03,134 "GET /api/notifications/notifications/?ordering=-created_at HTTP/1.1" 200 52
WARNING 2026-06-09 20:26:05,198 Not Found: /ws/notifications/
WARNING 2026-06-09 20:26:05,201 "GET /ws/notifications/?token=eyJhbGciOiJIUzI1NiIsInR5cCI6IkpXVCJ9.eyJ0b2tlbl90eXBlIjoiYWNjZXNzIiwiZXhwIjoxNzgxMDU0Mzg2LCJpYXQiOjE3ODEwMjU1ODcsImp0aSI6IjFiODZjMzBiMWQxOTQyODBiYzU3Mzg3NTdmMzUwYTIxIiwidXNlcl9pZCI6IjIifQ.p3k8VlzEh2H2Z9D6YKnLk_9Az9yxg1T5lSJ7348qVQM HTTP/1.1" 404 4566
INFO 2026-06-09 20:26:05,202 - Broken pipe from ('127.0.0.1', 60991)
WARNING 2026-06-09 20:26:11,132 Not Found: /ws/notifications/
WARNING 2026-06-09 20:26:11,133 "GET /ws/notifications/?token=eyJhbGciOiJIUzI1NiIsInR5cCI6IkpXVCJ9.eyJ0b2tlbl90eXBlIjoiYWNjZXNzIiwiZXhwIjoxNzgxMDU0Mzg2LCJpYXQiOjE3ODEwMjU1ODcsImp0aSI6IjFiODZjMzBiMWQxOTQyODBiYzU3Mzg3NTdmMzUwYTIxIiwidXNlcl9pZCI6IjIifQ.p3k8VlzEh2H2Z9D6YKnLk_9Az9yxg1T5lSJ7348qVQM HTTP/1.1" 404 4566
WARNING 2026-06-09 20:26:17,155 Not Found: /ws/notifications/
WARNING 2026-06-09 20:26:17,157 "GET /ws/notifications/?token=eyJhbGciOiJIUzI1NiIsInR5cCI6IkpXVCJ9.eyJ0b2tlbl90eXBlIjoiYWNjZXNzIiwiZXhwIjoxNzgxMDU0Mzg2LCJpYXQiOjE3ODEwMjU1ODcsImp0aSI6IjFiODZjMzBiMWQxOTQyODBiYzU3Mzg3NTdmMzUwYTIxIiwidXNlcl9pZCI6IjIifQ.p3k8VlzEh2H2Z9D6YKnLk_9Az9yxg1T5lSJ7348qVQM HTTP/1.1" 404 4566
INFO 2026-06-09 20:26:18,173 "GET /api/sales/ HTTP/1.1" 200 52
INFO 2026-06-09 20:26:18,176 "GET /api/inventory/purchase-orders/ HTTP/1.1" 200 52
INFO 2026-06-09 20:26:18,183 "GET /api/customers/ HTTP/1.1" 200 1217
INFO 2026-06-09 20:26:18,184 "GET /api/products/suppliers/ HTTP/1.1" 200 1014
INFO 2026-06-09 20:26:18,237 "GET /api/users/ HTTP/1.1" 200 5231
INFO 2026-06-09 20:26:18,302 "GET /api/notifications/notifications/?ordering=-created_at HTTP/1.1" 200 52
INFO 2026-06-09 20:26:18,385 "GET /api/products/ HTTP/1.1" 200 17134
WARNING 2026-06-09 20:26:23,164 Not Found: /ws/notifications/
WARNING 2026-06-09 20:26:23,165 "GET /ws/notifications/?token=eyJhbGciOiJIUzI1NiIsInR5cCI6IkpXVCJ9.eyJ0b2tlbl90eXBlIjoiYWNjZXNzIiwiZXhwIjoxNzgxMDU0Mzg2LCJpYXQiOjE3ODEwMjU1ODcsImp0aSI6IjFiODZjMzBiMWQxOTQyODBiYzU3Mzg3NTdmMzUwYTIxIiwidXNlcl9pZCI6IjIifQ.p3k8VlzEh2H2Z9D6YKnLk_9Az9yxg1T5lSJ7348qVQM HTTP/1.1" 404 4566
WARNING 2026-06-09 20:26:29,140 Not Found: /ws/notifications/
WARNING 2026-06-09 20:26:29,160 "GET /ws/notifications/?token=eyJhbGciOiJIUzI1NiIsInR5cCI6IkpXVCJ9.eyJ0b2tlbl90eXBlIjoiYWNjZXNzIiwiZXhwIjoxNzgxMDU0Mzg2LCJpYXQiOjE3ODEwMjU1ODcsImp0aSI6IjFiODZjMzBiMWQxOTQyODBiYzU3Mzg3NTdmMzUwYTIxIiwidXNlcl9pZCI6IjIifQ.p3k8VlzEh2H2Z9D6YKnLk_9Az9yxg1T5lSJ7348qVQM HTTP/1.1" 404 4566
INFO 2026-06-09 20:26:29,161 - Broken pipe from ('127.0.0.1', 62148)
WARNING 2026-06-09 20:26:35,144 Not Found: /ws/notifications/
WARNING 2026-06-09 20:26:35,146 "GET /ws/notifications/?token=eyJhbGciOiJIUzI1NiIsInR5cCI6IkpXVCJ9.eyJ0b2tlbl90eXBlIjoiYWNjZXNzIiwiZXhwIjoxNzgxMDU0Mzg2LCJpYXQiOjE3ODEwMjU1ODcsImp0aSI6IjFiODZjMzBiMWQxOTQyODBiYzU3Mzg3NTdmMzUwYTIxIiwidXNlcl9pZCI6IjIifQ.p3k8VlzEh2H2Z9D6YKnLk_9Az9yxg1T5lSJ7348qVQM HTTP/1.1" 404 4566
WARNING 2026-06-09 20:26:41,280 Not Found: /ws/notifications/
WARNING 2026-06-09 20:26:41,281 "GET /ws/notifications/?token=eyJhbGciOiJIUzI1NiIsInR5cCI6IkpXVCJ9.eyJ0b2tlbl90eXBlIjoiYWNjZXNzIiwiZXhwIjoxNzgxMDU0Mzg2LCJpYXQiOjE3ODEwMjU1ODcsImp0aSI6IjFiODZjMzBiMWQxOTQyODBiYzU3Mzg3NTdmMzUwYTIxIiwidXNlcl9pZCI6IjIifQ.p3k8VlzEh2H2Z9D6YKnLk_9Az9yxg1T5lSJ7348qVQM HTTP/1.1" 404 4566
WARNING 2026-06-09 20:26:47,517 Not Found: /ws/notifications/
WARNING 2026-06-09 20:26:47,518 "GET /ws/notifications/?token=eyJhbGciOiJIUzI1NiIsInR5cCI6IkpXVCJ9.eyJ0b2tlbl90eXBlIjoiYWNjZXNzIiwiZXhwIjoxNzgxMDU0Mzg2LCJpYXQiOjE3ODEwMjU1ODcsImp0aSI6IjFiODZjMzBiMWQxOTQyODBiYzU3Mzg3NTdmMzUwYTIxIiwidXNlcl9pZCI6IjIifQ.p3k8VlzEh2H2Z9D6YKnLk_9Az9yxg1T5lSJ7348qVQM HTTP/1.1" 404 4566
WARNING 2026-06-09 20:26:53,245 Not Found: /ws/notifications/
WARNING 2026-06-09 20:26:53,247 "GET /ws/notifications/?token=eyJhbGciOiJIUzI1NiIsInR5cCI6IkpXVCJ9.eyJ0b2tlbl90eXBlIjoiYWNjZXNzIiwiZXhwIjoxNzgxMDU0Mzg2LCJpYXQiOjE3ODEwMjU1ODcsImp0aSI6IjFiODZjMzBiMWQxOTQyODBiYzU3Mzg3NTdmMzUwYTIxIiwidXNlcl9pZCI6IjIifQ.p3k8VlzEh2H2Z9D6YKnLk_9Az9yxg1T5lSJ7348qVQM HTTP/1.1" 404 4566
INFO 2026-06-09 20:26:58,159 "GET /api/notifications/notifications/?ordering=-created_at HTTP/1.1" 200 52
INFO 2026-06-09 20:26:58,253 "GET /api/sales/ HTTP/1.1" 200 52
INFO 2026-06-09 20:26:58,265 "GET /api/inventory/purchase-orders/ HTTP/1.1" 200 52
INFO 2026-06-09 20:26:58,302 "GET /api/customers/ HTTP/1.1" 200 1217
INFO 2026-06-09 20:26:58,305 "GET /api/products/suppliers/ HTTP/1.1" 200 1014
INFO 2026-06-09 20:26:58,319 "GET /api/users/ HTTP/1.1" 200 5231
INFO 2026-06-09 20:26:58,395 "GET /api/products/ HTTP/1.1" 200 17134
WARNING 2026-06-09 20:26:59,170 Not Found: /ws/notifications/
WARNING 2026-06-09 20:26:59,172 "GET /ws/notifications/?token=eyJhbGciOiJIUzI1NiIsInR5cCI6IkpXVCJ9.eyJ0b2tlbl90eXBlIjoiYWNjZXNzIiwiZXhwIjoxNzgxMDU0Mzg2LCJpYXQiOjE3ODEwMjU1ODcsImp0aSI6IjFiODZjMzBiMWQxOTQyODBiYzU3Mzg3NTdmMzUwYTIxIiwidXNlcl9pZCI6IjIifQ.p3k8VlzEh2H2Z9D6YKnLk_9Az9yxg1T5lSJ7348qVQM HTTP/1.1" 404 4566
WARNING 2026-06-09 20:27:05,399 Not Found: /ws/notifications/
WARNING 2026-06-09 20:27:05,400 "GET /ws/notifications/?token=eyJhbGciOiJIUzI1NiIsInR5cCI6IkpXVCJ9.eyJ0b2tlbl90eXBlIjoiYWNjZXNzIiwiZXhwIjoxNzgxMDU0Mzg2LCJpYXQiOjE3ODEwMjU1ODcsImp0aSI6IjFiODZjMzBiMWQxOTQyODBiYzU3Mzg3NTdmMzUwYTIxIiwidXNlcl9pZCI6IjIifQ.p3k8VlzEh2H2Z9D6YKnLk_9Az9yxg1T5lSJ7348qVQM HTTP/1.1" 404 4566
WARNING 2026-06-09 20:27:11,696 Not Found: /ws/notifications/
WARNING 2026-06-09 20:27:11,699 "GET /ws/notifications/?token=eyJhbGciOiJIUzI1NiIsInR5cCI6IkpXVCJ9.eyJ0b2tlbl90eXBlIjoiYWNjZXNzIiwiZXhwIjoxNzgxMDU0Mzg2LCJpYXQiOjE3ODEwMjU1ODcsImp0aSI6IjFiODZjMzBiMWQxOTQyODBiYzU3Mzg3NTdmMzUwYTIxIiwidXNlcl9pZCI6IjIifQ.p3k8VlzEh2H2Z9D6YKnLk_9Az9yxg1T5lSJ7348qVQM HTTP/1.1" 404 4566
INFO 2026-06-09 20:27:14,920 "POST /admin/products/product/ HTTP/1.1" 200 30000
WARNING 2026-06-09 20:27:17,562 Not Found: /ws/notifications/
WARNING 2026-06-09 20:27:17,566 "GET /ws/notifications/?token=eyJhbGciOiJIUzI1NiIsInR5cCI6IkpXVCJ9.eyJ0b2tlbl90eXBlIjoiYWNjZXNzIiwiZXhwIjoxNzgxMDU0Mzg2LCJpYXQiOjE3ODEwMjU1ODcsImp0aSI6IjFiODZjMzBiMWQxOTQyODBiYzU3Mzg3NTdmMzUwYTIxIiwidXNlcl9pZCI6IjIifQ.p3k8VlzEh2H2Z9D6YKnLk_9Az9yxg1T5lSJ7348qVQM HTTP/1.1" 404 4566
INFO 2026-06-09 20:27:19,594 "POST /admin/products/product/ HTTP/1.1" 302 0
INFO 2026-06-09 20:27:20,000 "GET /admin/products/product/ HTTP/1.1" 200 31203
INFO 2026-06-09 20:27:20,583 "GET /admin/jsi18n/ HTTP/1.1" 200 3342
WARNING 2026-06-09 20:27:24,267 Not Found: /ws/notifications/
WARNING 2026-06-09 20:27:24,391 "GET /ws/notifications/?token=eyJhbGciOiJIUzI1NiIsInR5cCI6IkpXVCJ9.eyJ0b2tlbl90eXBlIjoiYWNjZXNzIiwiZXhwIjoxNzgxMDU0Mzg2LCJpYXQiOjE3ODEwMjU1ODcsImp0aSI6IjFiODZjMzBiMWQxOTQyODBiYzU3Mzg3NTdmMzUwYTIxIiwidXNlcl9pZCI6IjIifQ.p3k8VlzEh2H2Z9D6YKnLk_9Az9yxg1T5lSJ7348qVQM HTTP/1.1" 404 4566
INFO 2026-06-09 20:27:25,837 "GET /api/notifications/notifications/?ordering=-created_at HTTP/1.1" 200 52
INFO 2026-06-09 20:27:25,885 "GET /api/products/suppliers/ HTTP/1.1" 200 1014
INFO 2026-06-09 20:27:25,885 "GET /api/sales/ HTTP/1.1" 200 52
INFO 2026-06-09 20:27:25,888 "GET /api/inventory/purchase-orders/ HTTP/1.1" 200 52
INFO 2026-06-09 20:27:25,897 "GET /api/products/ HTTP/1.1" 200 1085
INFO 2026-06-09 20:27:25,897 "GET /api/customers/ HTTP/1.1" 200 1217
INFO 2026-06-09 20:27:26,454 "GET /api/users/ HTTP/1.1" 200 5231
INFO 2026-06-09 20:27:26,724 "GET /api/notifications/notifications/?ordering=-created_at HTTP/1.1" 200 52
WARNING 2026-06-09 20:27:31,671 Not Found: /ws/notifications/
WARNING 2026-06-09 20:27:31,753 "GET /ws/notifications/?token=eyJhbGciOiJIUzI1NiIsInR5cCI6IkpXVCJ9.eyJ0b2tlbl90eXBlIjoiYWNjZXNzIiwiZXhwIjoxNzgxMDU0Mzg2LCJpYXQiOjE3ODEwMjU1ODcsImp0aSI6IjFiODZjMzBiMWQxOTQyODBiYzU3Mzg3NTdmMzUwYTIxIiwidXNlcl9pZCI6IjIifQ.p3k8VlzEh2H2Z9D6YKnLk_9Az9yxg1T5lSJ7348qVQM HTTP/1.1" 404 4566
INFO 2026-06-09 20:27:32,625 "GET /api/notifications/notifications/?ordering=-created_at HTTP/1.1" 200 52
WARNING 2026-06-09 20:27:41,001 Not Found: /ws/notifications/
WARNING 2026-06-09 20:27:41,011 "GET /ws/notifications/?token=eyJhbGciOiJIUzI1NiIsInR5cCI6IkpXVCJ9.eyJ0b2tlbl90eXBlIjoiYWNjZXNzIiwiZXhwIjoxNzgxMDU0Mzg2LCJpYXQiOjE3ODEwMjU1ODcsImp0aSI6IjFiODZjMzBiMWQxOTQyODBiYzU3Mzg3NTdmMzUwYTIxIiwidXNlcl9pZCI6IjIifQ.p3k8VlzEh2H2Z9D6YKnLk_9Az9yxg1T5lSJ7348qVQM HTTP/1.1" 404 4566
INFO 2026-06-09 20:27:41,015 - Broken pipe from ('127.0.0.1', 63135)
INFO 2026-06-09 20:27:47,681 "GET /api/inventory/purchase-orders/ HTTP/1.1" 200 52
INFO 2026-06-09 20:27:47,692 "GET /api/products/suppliers/ HTTP/1.1" 200 1014
INFO 2026-06-09 20:27:47,718 "GET /api/customers/ HTTP/1.1" 200 1217
INFO 2026-06-09 20:27:47,733 "GET /api/users/ HTTP/1.1" 200 5231
INFO 2026-06-09 20:27:47,737 "GET /api/sales/ HTTP/1.1" 200 52
INFO 2026-06-09 20:27:47,736 "GET /api/products/ HTTP/1.1" 200 1085
INFO 2026-06-09 20:27:47,755 "GET /api/notifications/notifications/?ordering=-created_at HTTP/1.1" 200 52
WARNING 2026-06-09 20:27:49,896 Not Found: /ws/notifications/
WARNING 2026-06-09 20:27:49,898 "GET /ws/notifications/?token=eyJhbGciOiJIUzI1NiIsInR5cCI6IkpXVCJ9.eyJ0b2tlbl90eXBlIjoiYWNjZXNzIiwiZXhwIjoxNzgxMDU0Mzg2LCJpYXQiOjE3ODEwMjU1ODcsImp0aSI6IjFiODZjMzBiMWQxOTQyODBiYzU3Mzg3NTdmMzUwYTIxIiwidXNlcl9pZCI6IjIifQ.p3k8VlzEh2H2Z9D6YKnLk_9Az9yxg1T5lSJ7348qVQM HTTP/1.1" 404 4566
WARNING 2026-06-09 20:27:54,945 Not Found: /ws/notifications/
WARNING 2026-06-09 20:27:54,947 "GET /ws/notifications/?token=eyJhbGciOiJIUzI1NiIsInR5cCI6IkpXVCJ9.eyJ0b2tlbl90eXBlIjoiYWNjZXNzIiwiZXhwIjoxNzgxMDU0Mzg2LCJpYXQiOjE3ODEwMjU1ODcsImp0aSI6IjFiODZjMzBiMWQxOTQyODBiYzU3Mzg3NTdmMzUwYTIxIiwidXNlcl9pZCI6IjIifQ.p3k8VlzEh2H2Z9D6YKnLk_9Az9yxg1T5lSJ7348qVQM HTTP/1.1" 404 4566
WARNING 2026-06-09 20:27:59,980 Not Found: /ws/notifications/
WARNING 2026-06-09 20:27:59,981 "GET /ws/notifications/?token=eyJhbGciOiJIUzI1NiIsInR5cCI6IkpXVCJ9.eyJ0b2tlbl90eXBlIjoiYWNjZXNzIiwiZXhwIjoxNzgxMDU0Mzg2LCJpYXQiOjE3ODEwMjU1ODcsImp0aSI6IjFiODZjMzBiMWQxOTQyODBiYzU3Mzg3NTdmMzUwYTIxIiwidXNlcl9pZCI6IjIifQ.p3k8VlzEh2H2Z9D6YKnLk_9Az9yxg1T5lSJ7348qVQM HTTP/1.1" 404 4566
INFO 2026-06-09 20:28:02,628 "GET /api/notifications/notifications/?ordering=-created_at HTTP/1.1" 200 52
WARNING 2026-06-09 20:28:05,018 Not Found: /ws/notifications/
WARNING 2026-06-09 20:28:05,019 "GET /ws/notifications/?token=eyJhbGciOiJIUzI1NiIsInR5cCI6IkpXVCJ9.eyJ0b2tlbl90eXBlIjoiYWNjZXNzIiwiZXhwIjoxNzgxMDU0Mzg2LCJpYXQiOjE3ODEwMjU1ODcsImp0aSI6IjFiODZjMzBiMWQxOTQyODBiYzU3Mzg3NTdmMzUwYTIxIiwidXNlcl9pZCI6IjIifQ.p3k8VlzEh2H2Z9D6YKnLk_9Az9yxg1T5lSJ7348qVQM HTTP/1.1" 404 4566
WARNING 2026-06-09 20:28:10,051 Not Found: /ws/notifications/
WARNING 2026-06-09 20:28:10,059 "GET /ws/notifications/?token=eyJhbGciOiJIUzI1NiIsInR5cCI6IkpXVCJ9.eyJ0b2tlbl90eXBlIjoiYWNjZXNzIiwiZXhwIjoxNzgxMDU0Mzg2LCJpYXQiOjE3ODEwMjU1ODcsImp0aSI6IjFiODZjMzBiMWQxOTQyODBiYzU3Mzg3NTdmMzUwYTIxIiwidXNlcl9pZCI6IjIifQ.p3k8VlzEh2H2Z9D6YKnLk_9Az9yxg1T5lSJ7348qVQM HTTP/1.1" 404 4566
WARNING 2026-06-09 20:28:15,190 Not Found: /ws/notifications/
WARNING 2026-06-09 20:28:15,233 "GET /ws/notifications/?token=eyJhbGciOiJIUzI1NiIsInR5cCI6IkpXVCJ9.eyJ0b2tlbl90eXBlIjoiYWNjZXNzIiwiZXhwIjoxNzgxMDU0Mzg2LCJpYXQiOjE3ODEwMjU1ODcsImp0aSI6IjFiODZjMzBiMWQxOTQyODBiYzU3Mzg3NTdmMzUwYTIxIiwidXNlcl9pZCI6IjIifQ.p3k8VlzEh2H2Z9D6YKnLk_9Az9yxg1T5lSJ7348qVQM HTTP/1.1" 404 4566
INFO 2026-06-09 20:28:17,687 "GET /api/inventory/purchase-orders/ HTTP/1.1" 200 52
INFO 2026-06-09 20:28:17,740 "GET /api/sales/ HTTP/1.1" 200 52
INFO 2026-06-09 20:28:17,751 "GET /api/customers/ HTTP/1.1" 200 1217
INFO 2026-06-09 20:28:17,770 "GET /api/products/ HTTP/1.1" 200 1085
INFO 2026-06-09 20:28:17,778 "GET /api/products/suppliers/ HTTP/1.1" 200 1014
INFO 2026-06-09 20:28:17,780 "GET /api/users/ HTTP/1.1" 200 5231
INFO 2026-06-09 20:28:17,782 "GET /api/notifications/notifications/?ordering=-created_at HTTP/1.1" 200 52
WARNING 2026-06-09 20:28:20,264 Not Found: /ws/notifications/
WARNING 2026-06-09 20:28:20,265 "GET /ws/notifications/?token=eyJhbGciOiJIUzI1NiIsInR5cCI6IkpXVCJ9.eyJ0b2tlbl90eXBlIjoiYWNjZXNzIiwiZXhwIjoxNzgxMDU0Mzg2LCJpYXQiOjE3ODEwMjU1ODcsImp0aSI6IjFiODZjMzBiMWQxOTQyODBiYzU3Mzg3NTdmMzUwYTIxIiwidXNlcl9pZCI6IjIifQ.p3k8VlzEh2H2Z9D6YKnLk_9Az9yxg1T5lSJ7348qVQM HTTP/1.1" 404 4566
WARNING 2026-06-09 20:28:25,314 Not Found: /ws/notifications/
WARNING 2026-06-09 20:28:25,316 "GET /ws/notifications/?token=eyJhbGciOiJIUzI1NiIsInR5cCI6IkpXVCJ9.eyJ0b2tlbl90eXBlIjoiYWNjZXNzIiwiZXhwIjoxNzgxMDU0Mzg2LCJpYXQiOjE3ODEwMjU1ODcsImp0aSI6IjFiODZjMzBiMWQxOTQyODBiYzU3Mzg3NTdmMzUwYTIxIiwidXNlcl9pZCI6IjIifQ.p3k8VlzEh2H2Z9D6YKnLk_9Az9yxg1T5lSJ7348qVQM HTTP/1.1" 404 4566
WARNING 2026-06-09 20:28:30,357 Not Found: /ws/notifications/
WARNING 2026-06-09 20:28:30,359 "GET /ws/notifications/?token=eyJhbGciOiJIUzI1NiIsInR5cCI6IkpXVCJ9.eyJ0b2tlbl90eXBlIjoiYWNjZXNzIiwiZXhwIjoxNzgxMDU0Mzg2LCJpYXQiOjE3ODEwMjU1ODcsImp0aSI6IjFiODZjMzBiMWQxOTQyODBiYzU3Mzg3NTdmMzUwYTIxIiwidXNlcl9pZCI6IjIifQ.p3k8VlzEh2H2Z9D6YKnLk_9Az9yxg1T5lSJ7348qVQM HTTP/1.1" 404 4566
INFO 2026-06-09 20:28:32,622 "GET /api/notifications/notifications/?ordering=-created_at HTTP/1.1" 200 52
WARNING 2026-06-09 20:28:35,407 Not Found: /ws/notifications/
WARNING 2026-06-09 20:28:35,408 "GET /ws/notifications/?token=eyJhbGciOiJIUzI1NiIsInR5cCI6IkpXVCJ9.eyJ0b2tlbl90eXBlIjoiYWNjZXNzIiwiZXhwIjoxNzgxMDU0Mzg2LCJpYXQiOjE3ODEwMjU1ODcsImp0aSI6IjFiODZjMzBiMWQxOTQyODBiYzU3Mzg3NTdmMzUwYTIxIiwidXNlcl9pZCI6IjIifQ.p3k8VlzEh2H2Z9D6YKnLk_9Az9yxg1T5lSJ7348qVQM HTTP/1.1" 404 4566
WARNING 2026-06-09 20:28:40,571 Not Found: /ws/notifications/
WARNING 2026-06-09 20:28:40,757 "GET /ws/notifications/?token=eyJhbGciOiJIUzI1NiIsInR5cCI6IkpXVCJ9.eyJ0b2tlbl90eXBlIjoiYWNjZXNzIiwiZXhwIjoxNzgxMDU0Mzg2LCJpYXQiOjE3ODEwMjU1ODcsImp0aSI6IjFiODZjMzBiMWQxOTQyODBiYzU3Mzg3NTdmMzUwYTIxIiwidXNlcl9pZCI6IjIifQ.p3k8VlzEh2H2Z9D6YKnLk_9Az9yxg1T5lSJ7348qVQM HTTP/1.1" 404 4566
WARNING 2026-06-09 20:28:46,229 Not Found: /ws/notifications/
WARNING 2026-06-09 20:28:46,231 "GET /ws/notifications/?token=eyJhbGciOiJIUzI1NiIsInR5cCI6IkpXVCJ9.eyJ0b2tlbl90eXBlIjoiYWNjZXNzIiwiZXhwIjoxNzgxMDU0Mzg2LCJpYXQiOjE3ODEwMjU1ODcsImp0aSI6IjFiODZjMzBiMWQxOTQyODBiYzU3Mzg3NTdmMzUwYTIxIiwidXNlcl9pZCI6IjIifQ.p3k8VlzEh2H2Z9D6YKnLk_9Az9yxg1T5lSJ7348qVQM HTTP/1.1" 404 4566
INFO 2026-06-09 20:28:48,272 "GET /api/products/ HTTP/1.1" 200 1085
INFO 2026-06-09 20:28:48,316 "GET /api/sales/ HTTP/1.1" 200 52
INFO 2026-06-09 20:28:48,756 "GET /api/inventory/purchase-orders/ HTTP/1.1" 200 52
INFO 2026-06-09 20:28:49,630 "GET /api/products/suppliers/ HTTP/1.1" 200 1014
INFO 2026-06-09 20:28:49,843 "GET /api/customers/ HTTP/1.1" 200 1217
INFO 2026-06-09 20:28:49,939 "GET /api/users/ HTTP/1.1" 200 5231
INFO 2026-06-09 20:28:49,970 "GET /api/notifications/notifications/?ordering=-created_at HTTP/1.1" 200 52
WARNING 2026-06-09 20:28:52,356 Not Found: /ws/notifications/
WARNING 2026-06-09 20:28:52,364 "GET /ws/notifications/?token=eyJhbGciOiJIUzI1NiIsInR5cCI6IkpXVCJ9.eyJ0b2tlbl90eXBlIjoiYWNjZXNzIiwiZXhwIjoxNzgxMDU0Mzg2LCJpYXQiOjE3ODEwMjU1ODcsImp0aSI6IjFiODZjMzBiMWQxOTQyODBiYzU3Mzg3NTdmMzUwYTIxIiwidXNlcl9pZCI6IjIifQ.p3k8VlzEh2H2Z9D6YKnLk_9Az9yxg1T5lSJ7348qVQM HTTP/1.1" 404 4566
WARNING 2026-06-09 20:28:58,258 Not Found: /ws/notifications/
WARNING 2026-06-09 20:28:58,271 "GET /ws/notifications/?token=eyJhbGciOiJIUzI1NiIsInR5cCI6IkpXVCJ9.eyJ0b2tlbl90eXBlIjoiYWNjZXNzIiwiZXhwIjoxNzgxMDU0Mzg2LCJpYXQiOjE3ODEwMjU1ODcsImp0aSI6IjFiODZjMzBiMWQxOTQyODBiYzU3Mzg3NTdmMzUwYTIxIiwidXNlcl9pZCI6IjIifQ.p3k8VlzEh2H2Z9D6YKnLk_9Az9yxg1T5lSJ7348qVQM HTTP/1.1" 404 4566
INFO 2026-06-09 20:29:03,145 "GET /api/notifications/notifications/?ordering=-created_at HTTP/1.1" 200 52
WARNING 2026-06-09 20:29:04,708 Not Found: /ws/notifications/
WARNING 2026-06-09 20:29:04,710 "GET /ws/notifications/?token=eyJhbGciOiJIUzI1NiIsInR5cCI6IkpXVCJ9.eyJ0b2tlbl90eXBlIjoiYWNjZXNzIiwiZXhwIjoxNzgxMDU0Mzg2LCJpYXQiOjE3ODEwMjU1ODcsImp0aSI6IjFiODZjMzBiMWQxOTQyODBiYzU3Mzg3NTdmMzUwYTIxIiwidXNlcl9pZCI6IjIifQ.p3k8VlzEh2H2Z9D6YKnLk_9Az9yxg1T5lSJ7348qVQM HTTP/1.1" 404 4566
WARNING 2026-06-09 20:29:10,884 Not Found: /ws/notifications/
WARNING 2026-06-09 20:29:10,896 "GET /ws/notifications/?token=eyJhbGciOiJIUzI1NiIsInR5cCI6IkpXVCJ9.eyJ0b2tlbl90eXBlIjoiYWNjZXNzIiwiZXhwIjoxNzgxMDU0Mzg2LCJpYXQiOjE3ODEwMjU1ODcsImp0aSI6IjFiODZjMzBiMWQxOTQyODBiYzU3Mzg3NTdmMzUwYTIxIiwidXNlcl9pZCI6IjIifQ.p3k8VlzEh2H2Z9D6YKnLk_9Az9yxg1T5lSJ7348qVQM HTTP/1.1" 404 4566
INFO 2026-06-09 20:29:18,176 "GET /api/inventory/purchase-orders/ HTTP/1.1" 200 52
INFO 2026-06-09 20:29:18,196 "GET /api/products/ HTTP/1.1" 200 1085
INFO 2026-06-09 20:29:18,206 "GET /api/sales/ HTTP/1.1" 200 52
INFO 2026-06-09 20:29:18,206 "GET /api/customers/ HTTP/1.1" 200 1217
INFO 2026-06-09 20:29:18,211 "GET /api/products/suppliers/ HTTP/1.1" 200 1014
INFO 2026-06-09 20:29:18,218 "GET /api/users/ HTTP/1.1" 200 5231
WARNING 2026-06-09 20:29:18,399 Not Found: /ws/notifications/
INFO 2026-06-09 20:29:18,428 "GET /api/notifications/notifications/?ordering=-created_at HTTP/1.1" 200 52
WARNING 2026-06-09 20:29:19,247 "GET /ws/notifications/?token=eyJhbGciOiJIUzI1NiIsInR5cCI6IkpXVCJ9.eyJ0b2tlbl90eXBlIjoiYWNjZXNzIiwiZXhwIjoxNzgxMDU0Mzg2LCJpYXQiOjE3ODEwMjU1ODcsImp0aSI6IjFiODZjMzBiMWQxOTQyODBiYzU3Mzg3NTdmMzUwYTIxIiwidXNlcl9pZCI6IjIifQ.p3k8VlzEh2H2Z9D6YKnLk_9Az9yxg1T5lSJ7348qVQM HTTP/1.1" 404 4566
WARNING 2026-06-09 20:29:27,412 Not Found: /ws/notifications/
WARNING 2026-06-09 20:29:27,414 "GET /ws/notifications/?token=eyJhbGciOiJIUzI1NiIsInR5cCI6IkpXVCJ9.eyJ0b2tlbl90eXBlIjoiYWNjZXNzIiwiZXhwIjoxNzgxMDU0Mzg2LCJpYXQiOjE3ODEwMjU1ODcsImp0aSI6IjFiODZjMzBiMWQxOTQyODBiYzU3Mzg3NTdmMzUwYTIxIiwidXNlcl9pZCI6IjIifQ.p3k8VlzEh2H2Z9D6YKnLk_9Az9yxg1T5lSJ7348qVQM HTTP/1.1" 404 4566
INFO 2026-06-09 20:29:33,208 "GET /api/notifications/notifications/?ordering=-created_at HTTP/1.1" 200 52
WARNING 2026-06-09 20:29:36,037 Not Found: /ws/notifications/
WARNING 2026-06-09 20:29:36,038 "GET /ws/notifications/?token=eyJhbGciOiJIUzI1NiIsInR5cCI6IkpXVCJ9.eyJ0b2tlbl90eXBlIjoiYWNjZXNzIiwiZXhwIjoxNzgxMDU0Mzg2LCJpYXQiOjE3ODEwMjU1ODcsImp0aSI6IjFiODZjMzBiMWQxOTQyODBiYzU3Mzg3NTdmMzUwYTIxIiwidXNlcl9pZCI6IjIifQ.p3k8VlzEh2H2Z9D6YKnLk_9Az9yxg1T5lSJ7348qVQM HTTP/1.1" 404 4566
WARNING 2026-06-09 20:29:46,107 Not Found: /ws/notifications/
WARNING 2026-06-09 20:29:46,108 "GET /ws/notifications/?token=eyJhbGciOiJIUzI1NiIsInR5cCI6IkpXVCJ9.eyJ0b2tlbl90eXBlIjoiYWNjZXNzIiwiZXhwIjoxNzgxMDU0Mzg2LCJpYXQiOjE3ODEwMjU1ODcsImp0aSI6IjFiODZjMzBiMWQxOTQyODBiYzU3Mzg3NTdmMzUwYTIxIiwidXNlcl9pZCI6IjIifQ.p3k8VlzEh2H2Z9D6YKnLk_9Az9yxg1T5lSJ7348qVQM HTTP/1.1" 404 4566
WARNING 2026-06-09 20:29:56,280 Not Found: /ws/notifications/
WARNING 2026-06-09 20:29:56,281 "GET /ws/notifications/?token=eyJhbGciOiJIUzI1NiIsInR5cCI6IkpXVCJ9.eyJ0b2tlbl90eXBlIjoiYWNjZXNzIiwiZXhwIjoxNzgxMDU0Mzg2LCJpYXQiOjE3ODEwMjU1ODcsImp0aSI6IjFiODZjMzBiMWQxOTQyODBiYzU3Mzg3NTdmMzUwYTIxIiwidXNlcl9pZCI6IjIifQ.p3k8VlzEh2H2Z9D6YKnLk_9Az9yxg1T5lSJ7348qVQM HTTP/1.1" 404 4566
INFO 2026-06-09 20:29:58,189 "GET /api/sales/ HTTP/1.1" 200 52
INFO 2026-06-09 20:29:58,197 "GET /api/inventory/purchase-orders/ HTTP/1.1" 200 52
INFO 2026-06-09 20:29:58,199 "GET /api/products/ HTTP/1.1" 200 1085
INFO 2026-06-09 20:29:58,231 "GET /api/products/suppliers/ HTTP/1.1" 200 1014
INFO 2026-06-09 20:29:58,269 "GET /api/customers/ HTTP/1.1" 200 1217
INFO 2026-06-09 20:29:58,312 "GET /api/users/ HTTP/1.1" 200 5231
INFO 2026-06-09 20:29:58,317 "GET /api/notifications/notifications/?ordering=-created_at HTTP/1.1" 200 52
WARNING 2026-06-09 20:30:03,586 Not Found: /ws/notifications/
WARNING 2026-06-09 20:30:03,587 "GET /ws/notifications/?token=eyJhbGciOiJIUzI1NiIsInR5cCI6IkpXVCJ9.eyJ0b2tlbl90eXBlIjoiYWNjZXNzIiwiZXhwIjoxNzgxMDU0Mzg2LCJpYXQiOjE3ODEwMjU1ODcsImp0aSI6IjFiODZjMzBiMWQxOTQyODBiYzU3Mzg3NTdmMzUwYTIxIiwidXNlcl9pZCI6IjIifQ.p3k8VlzEh2H2Z9D6YKnLk_9Az9yxg1T5lSJ7348qVQM HTTP/1.1" 404 4566
WARNING 2026-06-09 20:30:11,721 Not Found: /ws/notifications/
WARNING 2026-06-09 20:30:11,987 "GET /ws/notifications/?token=eyJhbGciOiJIUzI1NiIsInR5cCI6IkpXVCJ9.eyJ0b2tlbl90eXBlIjoiYWNjZXNzIiwiZXhwIjoxNzgxMDU0Mzg2LCJpYXQiOjE3ODEwMjU1ODcsImp0aSI6IjFiODZjMzBiMWQxOTQyODBiYzU3Mzg3NTdmMzUwYTIxIiwidXNlcl9pZCI6IjIifQ.p3k8VlzEh2H2Z9D6YKnLk_9Az9yxg1T5lSJ7348qVQM HTTP/1.1" 404 4566
WARNING 2026-06-09 20:30:21,825 Not Found: /ws/notifications/
WARNING 2026-06-09 20:30:21,827 "GET /ws/notifications/?token=eyJhbGciOiJIUzI1NiIsInR5cCI6IkpXVCJ9.eyJ0b2tlbl90eXBlIjoiYWNjZXNzIiwiZXhwIjoxNzgxMDU0Mzg2LCJpYXQiOjE3ODEwMjU1ODcsImp0aSI6IjFiODZjMzBiMWQxOTQyODBiYzU3Mzg3NTdmMzUwYTIxIiwidXNlcl9pZCI6IjIifQ.p3k8VlzEh2H2Z9D6YKnLk_9Az9yxg1T5lSJ7348qVQM HTTP/1.1" 404 4566
WARNING 2026-06-09 20:30:32,117 Not Found: /ws/notifications/
WARNING 2026-06-09 20:30:32,255 "GET /ws/notifications/?token=eyJhbGciOiJIUzI1NiIsInR5cCI6IkpXVCJ9.eyJ0b2tlbl90eXBlIjoiYWNjZXNzIiwiZXhwIjoxNzgxMDU0Mzg2LCJpYXQiOjE3ODEwMjU1ODcsImp0aSI6IjFiODZjMzBiMWQxOTQyODBiYzU3Mzg3NTdmMzUwYTIxIiwidXNlcl9pZCI6IjIifQ.p3k8VlzEh2H2Z9D6YKnLk_9Az9yxg1T5lSJ7348qVQM HTTP/1.1" 404 4566
WARNING 2026-06-09 20:30:45,552 Not Found: /ws/notifications/
WARNING 2026-06-09 20:30:45,563 "GET /ws/notifications/?token=eyJhbGciOiJIUzI1NiIsInR5cCI6IkpXVCJ9.eyJ0b2tlbl90eXBlIjoiYWNjZXNzIiwiZXhwIjoxNzgxMDU0Mzg2LCJpYXQiOjE3ODEwMjU1ODcsImp0aSI6IjFiODZjMzBiMWQxOTQyODBiYzU3Mzg3NTdmMzUwYTIxIiwidXNlcl9pZCI6IjIifQ.p3k8VlzEh2H2Z9D6YKnLk_9Az9yxg1T5lSJ7348qVQM HTTP/1.1" 404 4566
INFO 2026-06-09 20:30:45,564 - Broken pipe from ('127.0.0.1', 63863)
WARNING 2026-06-09 20:30:57,278 Not Found: /ws/notifications/
WARNING 2026-06-09 20:30:57,319 "GET /ws/notifications/?token=eyJhbGciOiJIUzI1NiIsInR5cCI6IkpXVCJ9.eyJ0b2tlbl90eXBlIjoiYWNjZXNzIiwiZXhwIjoxNzgxMDU0Mzg2LCJpYXQiOjE3ODEwMjU1ODcsImp0aSI6IjFiODZjMzBiMWQxOTQyODBiYzU3Mzg3NTdmMzUwYTIxIiwidXNlcl9pZCI6IjIifQ.p3k8VlzEh2H2Z9D6YKnLk_9Az9yxg1T5lSJ7348qVQM HTTP/1.1" 404 4566
INFO 2026-06-09 20:30:57,324 - Broken pipe from ('127.0.0.1', 57464)
INFO 2026-06-09 20:30:58,382 "GET /api/notifications/notifications/?ordering=-created_at HTTP/1.1" 200 52
INFO 2026-06-09 20:30:58,474 "GET /api/sales/ HTTP/1.1" 200 52
INFO 2026-06-09 20:30:58,479 "GET /api/products/ HTTP/1.1" 200 1085
INFO 2026-06-09 20:30:58,525 "GET /api/inventory/purchase-orders/ HTTP/1.1" 200 52
INFO 2026-06-09 20:30:58,566 "GET /api/products/suppliers/ HTTP/1.1" 200 1014
INFO 2026-06-09 20:30:58,580 "GET /api/customers/ HTTP/1.1" 200 1217
INFO 2026-06-09 20:30:58,591 "GET /api/users/ HTTP/1.1" 200 5231
WARNING 2026-06-09 20:31:07,542 Not Found: /ws/notifications/
WARNING 2026-06-09 20:31:07,546 "GET /ws/notifications/?token=eyJhbGciOiJIUzI1NiIsInR5cCI6IkpXVCJ9.eyJ0b2tlbl90eXBlIjoiYWNjZXNzIiwiZXhwIjoxNzgxMDU0Mzg2LCJpYXQiOjE3ODEwMjU1ODcsImp0aSI6IjFiODZjMzBiMWQxOTQyODBiYzU3Mzg3NTdmMzUwYTIxIiwidXNlcl9pZCI6IjIifQ.p3k8VlzEh2H2Z9D6YKnLk_9Az9yxg1T5lSJ7348qVQM HTTP/1.1" 404 4566
WARNING 2026-06-09 20:31:18,106 Not Found: /ws/notifications/
WARNING 2026-06-09 20:31:18,108 "GET /ws/notifications/?token=eyJhbGciOiJIUzI1NiIsInR5cCI6IkpXVCJ9.eyJ0b2tlbl90eXBlIjoiYWNjZXNzIiwiZXhwIjoxNzgxMDU0Mzg2LCJpYXQiOjE3ODEwMjU1ODcsImp0aSI6IjFiODZjMzBiMWQxOTQyODBiYzU3Mzg3NTdmMzUwYTIxIiwidXNlcl9pZCI6IjIifQ.p3k8VlzEh2H2Z9D6YKnLk_9Az9yxg1T5lSJ7348qVQM HTTP/1.1" 404 4566
WARNING 2026-06-09 20:31:26,363 Not Found: /ws/notifications/
WARNING 2026-06-09 20:31:26,364 "GET /ws/notifications/?token=eyJhbGciOiJIUzI1NiIsInR5cCI6IkpXVCJ9.eyJ0b2tlbl90eXBlIjoiYWNjZXNzIiwiZXhwIjoxNzgxMDU0Mzg2LCJpYXQiOjE3ODEwMjU1ODcsImp0aSI6IjFiODZjMzBiMWQxOTQyODBiYzU3Mzg3NTdmMzUwYTIxIiwidXNlcl9pZCI6IjIifQ.p3k8VlzEh2H2Z9D6YKnLk_9Az9yxg1T5lSJ7348qVQM HTTP/1.1" 404 4566
WARNING 2026-06-09 20:31:34,826 Not Found: /ws/notifications/
WARNING 2026-06-09 20:31:34,834 "GET /ws/notifications/?token=eyJhbGciOiJIUzI1NiIsInR5cCI6IkpXVCJ9.eyJ0b2tlbl90eXBlIjoiYWNjZXNzIiwiZXhwIjoxNzgxMDU0Mzg2LCJpYXQiOjE3ODEwMjU1ODcsImp0aSI6IjFiODZjMzBiMWQxOTQyODBiYzU3Mzg3NTdmMzUwYTIxIiwidXNlcl9pZCI6IjIifQ.p3k8VlzEh2H2Z9D6YKnLk_9Az9yxg1T5lSJ7348qVQM HTTP/1.1" 404 4566
WARNING 2026-06-09 20:31:43,672 Not Found: /ws/notifications/
WARNING 2026-06-09 20:31:43,843 "GET /ws/notifications/?token=eyJhbGciOiJIUzI1NiIsInR5cCI6IkpXVCJ9.eyJ0b2tlbl90eXBlIjoiYWNjZXNzIiwiZXhwIjoxNzgxMDU0Mzg2LCJpYXQiOjE3ODEwMjU1ODcsImp0aSI6IjFiODZjMzBiMWQxOTQyODBiYzU3Mzg3NTdmMzUwYTIxIiwidXNlcl9pZCI6IjIifQ.p3k8VlzEh2H2Z9D6YKnLk_9Az9yxg1T5lSJ7348qVQM HTTP/1.1" 404 4566
WARNING 2026-06-09 20:31:56,981 Not Found: /ws/notifications/
WARNING 2026-06-09 20:31:57,042 "GET /ws/notifications/?token=eyJhbGciOiJIUzI1NiIsInR5cCI6IkpXVCJ9.eyJ0b2tlbl90eXBlIjoiYWNjZXNzIiwiZXhwIjoxNzgxMDU0Mzg2LCJpYXQiOjE3ODEwMjU1ODcsImp0aSI6IjFiODZjMzBiMWQxOTQyODBiYzU3Mzg3NTdmMzUwYTIxIiwidXNlcl9pZCI6IjIifQ.p3k8VlzEh2H2Z9D6YKnLk_9Az9yxg1T5lSJ7348qVQM HTTP/1.1" 404 4566
INFO 2026-06-09 20:31:58,992 "GET /api/notifications/notifications/?ordering=-created_at HTTP/1.1" 200 52
INFO 2026-06-09 20:31:59,035 "GET /api/products/ HTTP/1.1" 200 1085
INFO 2026-06-09 20:31:59,050 "GET /api/sales/ HTTP/1.1" 200 52
INFO 2026-06-09 20:31:59,082 "GET /api/inventory/purchase-orders/ HTTP/1.1" 200 52
INFO 2026-06-09 20:32:05,339 "GET /api/products/suppliers/ HTTP/1.1" 200 1014
INFO 2026-06-09 20:32:05,340 "GET /api/customers/ HTTP/1.1" 200 1217
INFO 2026-06-09 20:32:05,343 "GET /api/users/ HTTP/1.1" 200 5231
WARNING 2026-06-09 20:32:07,349 Not Found: /ws/notifications/
WARNING 2026-06-09 20:32:07,352 "GET /ws/notifications/?token=eyJhbGciOiJIUzI1NiIsInR5cCI6IkpXVCJ9.eyJ0b2tlbl90eXBlIjoiYWNjZXNzIiwiZXhwIjoxNzgxMDU0Mzg2LCJpYXQiOjE3ODEwMjU1ODcsImp0aSI6IjFiODZjMzBiMWQxOTQyODBiYzU3Mzg3NTdmMzUwYTIxIiwidXNlcl9pZCI6IjIifQ.p3k8VlzEh2H2Z9D6YKnLk_9Az9yxg1T5lSJ7348qVQM HTTP/1.1" 404 4566
WARNING 2026-06-09 20:32:14,520 Not Found: /ws/notifications/
WARNING 2026-06-09 20:32:14,522 "GET /ws/notifications/?token=eyJhbGciOiJIUzI1NiIsInR5cCI6IkpXVCJ9.eyJ0b2tlbl90eXBlIjoiYWNjZXNzIiwiZXhwIjoxNzgxMDU0Mzg2LCJpYXQiOjE3ODEwMjU1ODcsImp0aSI6IjFiODZjMzBiMWQxOTQyODBiYzU3Mzg3NTdmMzUwYTIxIiwidXNlcl9pZCI6IjIifQ.p3k8VlzEh2H2Z9D6YKnLk_9Az9yxg1T5lSJ7348qVQM HTTP/1.1" 404 4566
WARNING 2026-06-09 20:32:21,509 Not Found: /ws/notifications/
WARNING 2026-06-09 20:32:21,623 "GET /ws/notifications/?token=eyJhbGciOiJIUzI1NiIsInR5cCI6IkpXVCJ9.eyJ0b2tlbl90eXBlIjoiYWNjZXNzIiwiZXhwIjoxNzgxMDU0Mzg2LCJpYXQiOjE3ODEwMjU1ODcsImp0aSI6IjFiODZjMzBiMWQxOTQyODBiYzU3Mzg3NTdmMzUwYTIxIiwidXNlcl9pZCI6IjIifQ.p3k8VlzEh2H2Z9D6YKnLk_9Az9yxg1T5lSJ7348qVQM HTTP/1.1" 404 4566
WARNING 2026-06-09 20:32:33,320 Not Found: /ws/notifications/
WARNING 2026-06-09 20:32:33,322 "GET /ws/notifications/?token=eyJhbGciOiJIUzI1NiIsInR5cCI6IkpXVCJ9.eyJ0b2tlbl90eXBlIjoiYWNjZXNzIiwiZXhwIjoxNzgxMDU0Mzg2LCJpYXQiOjE3ODEwMjU1ODcsImp0aSI6IjFiODZjMzBiMWQxOTQyODBiYzU3Mzg3NTdmMzUwYTIxIiwidXNlcl9pZCI6IjIifQ.p3k8VlzEh2H2Z9D6YKnLk_9Az9yxg1T5lSJ7348qVQM HTTP/1.1" 404 4566
WARNING 2026-06-09 20:32:44,375 Not Found: /ws/notifications/
WARNING 2026-06-09 20:32:44,402 "GET /ws/notifications/?token=eyJhbGciOiJIUzI1NiIsInR5cCI6IkpXVCJ9.eyJ0b2tlbl90eXBlIjoiYWNjZXNzIiwiZXhwIjoxNzgxMDU0Mzg2LCJpYXQiOjE3ODEwMjU1ODcsImp0aSI6IjFiODZjMzBiMWQxOTQyODBiYzU3Mzg3NTdmMzUwYTIxIiwidXNlcl9pZCI6IjIifQ.p3k8VlzEh2H2Z9D6YKnLk_9Az9yxg1T5lSJ7348qVQM HTTP/1.1" 404 4566
WARNING 2026-06-09 20:32:57,111 Not Found: /ws/notifications/
WARNING 2026-06-09 20:32:57,114 "GET /ws/notifications/?token=eyJhbGciOiJIUzI1NiIsInR5cCI6IkpXVCJ9.eyJ0b2tlbl90eXBlIjoiYWNjZXNzIiwiZXhwIjoxNzgxMDU0Mzg2LCJpYXQiOjE3ODEwMjU1ODcsImp0aSI6IjFiODZjMzBiMWQxOTQyODBiYzU3Mzg3NTdmMzUwYTIxIiwidXNlcl9pZCI6IjIifQ.p3k8VlzEh2H2Z9D6YKnLk_9Az9yxg1T5lSJ7348qVQM HTTP/1.1" 404 4566
INFO 2026-06-09 20:32:59,869 "GET /api/notifications/notifications/?ordering=-created_at HTTP/1.1" 200 52
INFO 2026-06-09 20:32:59,981 "GET /api/inventory/purchase-orders/ HTTP/1.1" 200 52
INFO 2026-06-09 20:32:59,984 "GET /api/sales/ HTTP/1.1" 200 52
INFO 2026-06-09 20:33:00,003 "GET /api/products/suppliers/ HTTP/1.1" 200 1014
INFO 2026-06-09 20:33:00,053 "GET /api/products/ HTTP/1.1" 200 1085
INFO 2026-06-09 20:33:00,166 "GET /api/customers/ HTTP/1.1" 200 1217
INFO 2026-06-09 20:33:00,219 "GET /api/users/ HTTP/1.1" 200 5231
WARNING 2026-06-09 20:33:08,663 Not Found: /ws/notifications/
WARNING 2026-06-09 20:33:08,665 "GET /ws/notifications/?token=eyJhbGciOiJIUzI1NiIsInR5cCI6IkpXVCJ9.eyJ0b2tlbl90eXBlIjoiYWNjZXNzIiwiZXhwIjoxNzgxMDU0Mzg2LCJpYXQiOjE3ODEwMjU1ODcsImp0aSI6IjFiODZjMzBiMWQxOTQyODBiYzU3Mzg3NTdmMzUwYTIxIiwidXNlcl9pZCI6IjIifQ.p3k8VlzEh2H2Z9D6YKnLk_9Az9yxg1T5lSJ7348qVQM HTTP/1.1" 404 4566
WARNING 2026-06-09 20:33:17,463 Not Found: /ws/notifications/
WARNING 2026-06-09 20:33:17,465 "GET /ws/notifications/?token=eyJhbGciOiJIUzI1NiIsInR5cCI6IkpXVCJ9.eyJ0b2tlbl90eXBlIjoiYWNjZXNzIiwiZXhwIjoxNzgxMDU0Mzg2LCJpYXQiOjE3ODEwMjU1ODcsImp0aSI6IjFiODZjMzBiMWQxOTQyODBiYzU3Mzg3NTdmMzUwYTIxIiwidXNlcl9pZCI6IjIifQ.p3k8VlzEh2H2Z9D6YKnLk_9Az9yxg1T5lSJ7348qVQM HTTP/1.1" 404 4566
WARNING 2026-06-09 20:33:26,599 Not Found: /ws/notifications/
WARNING 2026-06-09 20:33:26,631 "GET /ws/notifications/?token=eyJhbGciOiJIUzI1NiIsInR5cCI6IkpXVCJ9.eyJ0b2tlbl90eXBlIjoiYWNjZXNzIiwiZXhwIjoxNzgxMDU0Mzg2LCJpYXQiOjE3ODEwMjU1ODcsImp0aSI6IjFiODZjMzBiMWQxOTQyODBiYzU3Mzg3NTdmMzUwYTIxIiwidXNlcl9pZCI6IjIifQ.p3k8VlzEh2H2Z9D6YKnLk_9Az9yxg1T5lSJ7348qVQM HTTP/1.1" 404 4566
WARNING 2026-06-09 20:33:35,122 Not Found: /ws/notifications/
WARNING 2026-06-09 20:33:35,124 "GET /ws/notifications/?token=eyJhbGciOiJIUzI1NiIsInR5cCI6IkpXVCJ9.eyJ0b2tlbl90eXBlIjoiYWNjZXNzIiwiZXhwIjoxNzgxMDU0Mzg2LCJpYXQiOjE3ODEwMjU1ODcsImp0aSI6IjFiODZjMzBiMWQxOTQyODBiYzU3Mzg3NTdmMzUwYTIxIiwidXNlcl9pZCI6IjIifQ.p3k8VlzEh2H2Z9D6YKnLk_9Az9yxg1T5lSJ7348qVQM HTTP/1.1" 404 4566
WARNING 2026-06-09 20:33:45,798 Not Found: /ws/notifications/
WARNING 2026-06-09 20:33:45,800 "GET /ws/notifications/?token=eyJhbGciOiJIUzI1NiIsInR5cCI6IkpXVCJ9.eyJ0b2tlbl90eXBlIjoiYWNjZXNzIiwiZXhwIjoxNzgxMDU0Mzg2LCJpYXQiOjE3ODEwMjU1ODcsImp0aSI6IjFiODZjMzBiMWQxOTQyODBiYzU3Mzg3NTdmMzUwYTIxIiwidXNlcl9pZCI6IjIifQ.p3k8VlzEh2H2Z9D6YKnLk_9Az9yxg1T5lSJ7348qVQM HTTP/1.1" 404 4566
WARNING 2026-06-09 20:33:52,758 Not Found: /ws/notifications/
WARNING 2026-06-09 20:33:52,760 "GET /ws/notifications/?token=eyJhbGciOiJIUzI1NiIsInR5cCI6IkpXVCJ9.eyJ0b2tlbl90eXBlIjoiYWNjZXNzIiwiZXhwIjoxNzgxMDU0Mzg2LCJpYXQiOjE3ODEwMjU1ODcsImp0aSI6IjFiODZjMzBiMWQxOTQyODBiYzU3Mzg3NTdmMzUwYTIxIiwidXNlcl9pZCI6IjIifQ.p3k8VlzEh2H2Z9D6YKnLk_9Az9yxg1T5lSJ7348qVQM HTTP/1.1" 404 4566
INFO 2026-06-09 20:33:58,288 "GET /api/notifications/notifications/?ordering=-created_at HTTP/1.1" 200 52
WARNING 2026-06-09 20:33:58,374 Not Found: /ws/notifications/
INFO 2026-06-09 20:33:58,516 "GET /api/inventory/purchase-orders/ HTTP/1.1" 200 52
INFO 2026-06-09 20:33:58,527 "GET /api/sales/ HTTP/1.1" 200 52
INFO 2026-06-09 20:33:58,543 "GET /api/products/suppliers/ HTTP/1.1" 200 1014
INFO 2026-06-09 20:33:58,684 "GET /api/products/ HTTP/1.1" 200 1085
WARNING 2026-06-09 20:33:58,989 "GET /ws/notifications/?token=eyJhbGciOiJIUzI1NiIsInR5cCI6IkpXVCJ9.eyJ0b2tlbl90eXBlIjoiYWNjZXNzIiwiZXhwIjoxNzgxMDU0Mzg2LCJpYXQiOjE3ODEwMjU1ODcsImp0aSI6IjFiODZjMzBiMWQxOTQyODBiYzU3Mzg3NTdmMzUwYTIxIiwidXNlcl9pZCI6IjIifQ.p3k8VlzEh2H2Z9D6YKnLk_9Az9yxg1T5lSJ7348qVQM HTTP/1.1" 404 4566
INFO 2026-06-09 20:33:59,490 "GET /api/customers/ HTTP/1.1" 200 1217
INFO 2026-06-09 20:34:00,550 "GET /api/users/ HTTP/1.1" 200 5231
WARNING 2026-06-09 20:34:05,669 Not Found: /ws/notifications/
WARNING 2026-06-09 20:34:05,670 "GET /ws/notifications/?token=eyJhbGciOiJIUzI1NiIsInR5cCI6IkpXVCJ9.eyJ0b2tlbl90eXBlIjoiYWNjZXNzIiwiZXhwIjoxNzgxMDU0Mzg2LCJpYXQiOjE3ODEwMjU1ODcsImp0aSI6IjFiODZjMzBiMWQxOTQyODBiYzU3Mzg3NTdmMzUwYTIxIiwidXNlcl9pZCI6IjIifQ.p3k8VlzEh2H2Z9D6YKnLk_9Az9yxg1T5lSJ7348qVQM HTTP/1.1" 404 4566
WARNING 2026-06-09 20:34:11,146 Not Found: /ws/notifications/
WARNING 2026-06-09 20:34:11,148 "GET /ws/notifications/?token=eyJhbGciOiJIUzI1NiIsInR5cCI6IkpXVCJ9.eyJ0b2tlbl90eXBlIjoiYWNjZXNzIiwiZXhwIjoxNzgxMDU0Mzg2LCJpYXQiOjE3ODEwMjU1ODcsImp0aSI6IjFiODZjMzBiMWQxOTQyODBiYzU3Mzg3NTdmMzUwYTIxIiwidXNlcl9pZCI6IjIifQ.p3k8VlzEh2H2Z9D6YKnLk_9Az9yxg1T5lSJ7348qVQM HTTP/1.1" 404 4566
WARNING 2026-06-09 20:34:17,138 Not Found: /ws/notifications/
WARNING 2026-06-09 20:34:17,176 "GET /ws/notifications/?token=eyJhbGciOiJIUzI1NiIsInR5cCI6IkpXVCJ9.eyJ0b2tlbl90eXBlIjoiYWNjZXNzIiwiZXhwIjoxNzgxMDU0Mzg2LCJpYXQiOjE3ODEwMjU1ODcsImp0aSI6IjFiODZjMzBiMWQxOTQyODBiYzU3Mzg3NTdmMzUwYTIxIiwidXNlcl9pZCI6IjIifQ.p3k8VlzEh2H2Z9D6YKnLk_9Az9yxg1T5lSJ7348qVQM HTTP/1.1" 404 4566
WARNING 2026-06-09 20:34:23,186 Not Found: /ws/notifications/
WARNING 2026-06-09 20:34:23,337 "GET /ws/notifications/?token=eyJhbGciOiJIUzI1NiIsInR5cCI6IkpXVCJ9.eyJ0b2tlbl90eXBlIjoiYWNjZXNzIiwiZXhwIjoxNzgxMDU0Mzg2LCJpYXQiOjE3ODEwMjU1ODcsImp0aSI6IjFiODZjMzBiMWQxOTQyODBiYzU3Mzg3NTdmMzUwYTIxIiwidXNlcl9pZCI6IjIifQ.p3k8VlzEh2H2Z9D6YKnLk_9Az9yxg1T5lSJ7348qVQM HTTP/1.1" 404 4566
WARNING 2026-06-09 20:34:29,603 Not Found: /ws/notifications/
WARNING 2026-06-09 20:34:29,608 "GET /ws/notifications/?token=eyJhbGciOiJIUzI1NiIsInR5cCI6IkpXVCJ9.eyJ0b2tlbl90eXBlIjoiYWNjZXNzIiwiZXhwIjoxNzgxMDU0Mzg2LCJpYXQiOjE3ODEwMjU1ODcsImp0aSI6IjFiODZjMzBiMWQxOTQyODBiYzU3Mzg3NTdmMzUwYTIxIiwidXNlcl9pZCI6IjIifQ.p3k8VlzEh2H2Z9D6YKnLk_9Az9yxg1T5lSJ7348qVQM HTTP/1.1" 404 4566
WARNING 2026-06-09 20:34:36,327 Not Found: /ws/notifications/
WARNING 2026-06-09 20:34:36,329 "GET /ws/notifications/?token=eyJhbGciOiJIUzI1NiIsInR5cCI6IkpXVCJ9.eyJ0b2tlbl90eXBlIjoiYWNjZXNzIiwiZXhwIjoxNzgxMDU0Mzg2LCJpYXQiOjE3ODEwMjU1ODcsImp0aSI6IjFiODZjMzBiMWQxOTQyODBiYzU3Mzg3NTdmMzUwYTIxIiwidXNlcl9pZCI6IjIifQ.p3k8VlzEh2H2Z9D6YKnLk_9Az9yxg1T5lSJ7348qVQM HTTP/1.1" 404 4566
WARNING 2026-06-09 20:34:42,159 Not Found: /ws/notifications/
WARNING 2026-06-09 20:34:42,160 "GET /ws/notifications/?token=eyJhbGciOiJIUzI1NiIsInR5cCI6IkpXVCJ9.eyJ0b2tlbl90eXBlIjoiYWNjZXNzIiwiZXhwIjoxNzgxMDU0Mzg2LCJpYXQiOjE3ODEwMjU1ODcsImp0aSI6IjFiODZjMzBiMWQxOTQyODBiYzU3Mzg3NTdmMzUwYTIxIiwidXNlcl9pZCI6IjIifQ.p3k8VlzEh2H2Z9D6YKnLk_9Az9yxg1T5lSJ7348qVQM HTTP/1.1" 404 4566
WARNING 2026-06-09 20:34:48,154 Not Found: /ws/notifications/
WARNING 2026-06-09 20:34:48,252 "GET /ws/notifications/?token=eyJhbGciOiJIUzI1NiIsInR5cCI6IkpXVCJ9.eyJ0b2tlbl90eXBlIjoiYWNjZXNzIiwiZXhwIjoxNzgxMDU0Mzg2LCJpYXQiOjE3ODEwMjU1ODcsImp0aSI6IjFiODZjMzBiMWQxOTQyODBiYzU3Mzg3NTdmMzUwYTIxIiwidXNlcl9pZCI6IjIifQ.p3k8VlzEh2H2Z9D6YKnLk_9Az9yxg1T5lSJ7348qVQM HTTP/1.1" 404 4566
WARNING 2026-06-09 20:34:54,187 Not Found: /ws/notifications/
WARNING 2026-06-09 20:34:54,188 "GET /ws/notifications/?token=eyJhbGciOiJIUzI1NiIsInR5cCI6IkpXVCJ9.eyJ0b2tlbl90eXBlIjoiYWNjZXNzIiwiZXhwIjoxNzgxMDU0Mzg2LCJpYXQiOjE3ODEwMjU1ODcsImp0aSI6IjFiODZjMzBiMWQxOTQyODBiYzU3Mzg3NTdmMzUwYTIxIiwidXNlcl9pZCI6IjIifQ.p3k8VlzEh2H2Z9D6YKnLk_9Az9yxg1T5lSJ7348qVQM HTTP/1.1" 404 4566
INFO 2026-06-09 20:34:59,273 "GET /api/notifications/notifications/?ordering=-created_at HTTP/1.1" 200 52
INFO 2026-06-09 20:34:59,284 "GET /api/inventory/purchase-orders/ HTTP/1.1" 200 52
INFO 2026-06-09 20:34:59,325 "GET /api/sales/ HTTP/1.1" 200 52
INFO 2026-06-09 20:34:59,334 "GET /api/products/suppliers/ HTTP/1.1" 200 1014
INFO 2026-06-09 20:34:59,339 "GET /api/products/ HTTP/1.1" 200 1085
INFO 2026-06-09 20:34:59,549 "GET /api/customers/ HTTP/1.1" 200 1217
INFO 2026-06-09 20:34:59,771 "GET /api/users/ HTTP/1.1" 200 5231
WARNING 2026-06-09 20:35:00,165 Not Found: /ws/notifications/
WARNING 2026-06-09 20:35:00,767 "GET /ws/notifications/?token=eyJhbGciOiJIUzI1NiIsInR5cCI6IkpXVCJ9.eyJ0b2tlbl90eXBlIjoiYWNjZXNzIiwiZXhwIjoxNzgxMDU0Mzg2LCJpYXQiOjE3ODEwMjU1ODcsImp0aSI6IjFiODZjMzBiMWQxOTQyODBiYzU3Mzg3NTdmMzUwYTIxIiwidXNlcl9pZCI6IjIifQ.p3k8VlzEh2H2Z9D6YKnLk_9Az9yxg1T5lSJ7348qVQM HTTP/1.1" 404 4566
WARNING 2026-06-09 20:35:06,557 Not Found: /ws/notifications/
WARNING 2026-06-09 20:35:06,849 "GET /ws/notifications/?token=eyJhbGciOiJIUzI1NiIsInR5cCI6IkpXVCJ9.eyJ0b2tlbl90eXBlIjoiYWNjZXNzIiwiZXhwIjoxNzgxMDU0Mzg2LCJpYXQiOjE3ODEwMjU1ODcsImp0aSI6IjFiODZjMzBiMWQxOTQyODBiYzU3Mzg3NTdmMzUwYTIxIiwidXNlcl9pZCI6IjIifQ.p3k8VlzEh2H2Z9D6YKnLk_9Az9yxg1T5lSJ7348qVQM HTTP/1.1" 404 4566
WARNING 2026-06-09 20:35:13,420 Not Found: /ws/notifications/
WARNING 2026-06-09 20:35:13,426 "GET /ws/notifications/?token=eyJhbGciOiJIUzI1NiIsInR5cCI6IkpXVCJ9.eyJ0b2tlbl90eXBlIjoiYWNjZXNzIiwiZXhwIjoxNzgxMDU0Mzg2LCJpYXQiOjE3ODEwMjU1ODcsImp0aSI6IjFiODZjMzBiMWQxOTQyODBiYzU3Mzg3NTdmMzUwYTIxIiwidXNlcl9pZCI6IjIifQ.p3k8VlzEh2H2Z9D6YKnLk_9Az9yxg1T5lSJ7348qVQM HTTP/1.1" 404 4566
WARNING 2026-06-09 20:35:19,381 Not Found: /ws/notifications/
WARNING 2026-06-09 20:35:19,451 "GET /ws/notifications/?token=eyJhbGciOiJIUzI1NiIsInR5cCI6IkpXVCJ9.eyJ0b2tlbl90eXBlIjoiYWNjZXNzIiwiZXhwIjoxNzgxMDU0Mzg2LCJpYXQiOjE3ODEwMjU1ODcsImp0aSI6IjFiODZjMzBiMWQxOTQyODBiYzU3Mzg3NTdmMzUwYTIxIiwidXNlcl9pZCI6IjIifQ.p3k8VlzEh2H2Z9D6YKnLk_9Az9yxg1T5lSJ7348qVQM HTTP/1.1" 404 4566
WARNING 2026-06-09 20:35:26,244 Not Found: /ws/notifications/
WARNING 2026-06-09 20:35:26,246 "GET /ws/notifications/?token=eyJhbGciOiJIUzI1NiIsInR5cCI6IkpXVCJ9.eyJ0b2tlbl90eXBlIjoiYWNjZXNzIiwiZXhwIjoxNzgxMDU0Mzg2LCJpYXQiOjE3ODEwMjU1ODcsImp0aSI6IjFiODZjMzBiMWQxOTQyODBiYzU3Mzg3NTdmMzUwYTIxIiwidXNlcl9pZCI6IjIifQ.p3k8VlzEh2H2Z9D6YKnLk_9Az9yxg1T5lSJ7348qVQM HTTP/1.1" 404 4566
WARNING 2026-06-09 20:35:33,595 Not Found: /ws/notifications/
WARNING 2026-06-09 20:35:33,600 "GET /ws/notifications/?token=eyJhbGciOiJIUzI1NiIsInR5cCI6IkpXVCJ9.eyJ0b2tlbl90eXBlIjoiYWNjZXNzIiwiZXhwIjoxNzgxMDU0Mzg2LCJpYXQiOjE3ODEwMjU1ODcsImp0aSI6IjFiODZjMzBiMWQxOTQyODBiYzU3Mzg3NTdmMzUwYTIxIiwidXNlcl9pZCI6IjIifQ.p3k8VlzEh2H2Z9D6YKnLk_9Az9yxg1T5lSJ7348qVQM HTTP/1.1" 404 4566
WARNING 2026-06-09 20:35:42,523 Not Found: /ws/notifications/
WARNING 2026-06-09 20:35:42,823 "GET /ws/notifications/?token=eyJhbGciOiJIUzI1NiIsInR5cCI6IkpXVCJ9.eyJ0b2tlbl90eXBlIjoiYWNjZXNzIiwiZXhwIjoxNzgxMDU0Mzg2LCJpYXQiOjE3ODEwMjU1ODcsImp0aSI6IjFiODZjMzBiMWQxOTQyODBiYzU3Mzg3NTdmMzUwYTIxIiwidXNlcl9pZCI6IjIifQ.p3k8VlzEh2H2Z9D6YKnLk_9Az9yxg1T5lSJ7348qVQM HTTP/1.1" 404 4566
WARNING 2026-06-09 20:35:49,695 Not Found: /ws/notifications/
WARNING 2026-06-09 20:35:49,696 "GET /ws/notifications/?token=eyJhbGciOiJIUzI1NiIsInR5cCI6IkpXVCJ9.eyJ0b2tlbl90eXBlIjoiYWNjZXNzIiwiZXhwIjoxNzgxMDU0Mzg2LCJpYXQiOjE3ODEwMjU1ODcsImp0aSI6IjFiODZjMzBiMWQxOTQyODBiYzU3Mzg3NTdmMzUwYTIxIiwidXNlcl9pZCI6IjIifQ.p3k8VlzEh2H2Z9D6YKnLk_9Az9yxg1T5lSJ7348qVQM HTTP/1.1" 404 4566
WARNING 2026-06-09 20:35:57,224 Not Found: /ws/notifications/
WARNING 2026-06-09 20:35:57,288 "GET /ws/notifications/?token=eyJhbGciOiJIUzI1NiIsInR5cCI6IkpXVCJ9.eyJ0b2tlbl90eXBlIjoiYWNjZXNzIiwiZXhwIjoxNzgxMDU0Mzg2LCJpYXQiOjE3ODEwMjU1ODcsImp0aSI6IjFiODZjMzBiMWQxOTQyODBiYzU3Mzg3NTdmMzUwYTIxIiwidXNlcl9pZCI6IjIifQ.p3k8VlzEh2H2Z9D6YKnLk_9Az9yxg1T5lSJ7348qVQM HTTP/1.1" 404 4566
INFO 2026-06-09 20:35:58,554 "GET /api/notifications/notifications/?ordering=-created_at HTTP/1.1" 200 52
INFO 2026-06-09 20:35:58,674 "GET /api/sales/ HTTP/1.1" 200 52
INFO 2026-06-09 20:35:58,681 "GET /api/products/ HTTP/1.1" 200 1085
INFO 2026-06-09 20:35:58,692 "GET /api/inventory/purchase-orders/ HTTP/1.1" 200 52
INFO 2026-06-09 20:35:58,704 "GET /api/products/suppliers/ HTTP/1.1" 200 1014
INFO 2026-06-09 20:35:58,712 "GET /api/customers/ HTTP/1.1" 200 1217
INFO 2026-06-09 20:35:58,723 "GET /api/users/ HTTP/1.1" 200 5231
WARNING 2026-06-09 20:36:03,150 Not Found: /ws/notifications/
WARNING 2026-06-09 20:36:03,189 "GET /ws/notifications/?token=eyJhbGciOiJIUzI1NiIsInR5cCI6IkpXVCJ9.eyJ0b2tlbl90eXBlIjoiYWNjZXNzIiwiZXhwIjoxNzgxMDU0Mzg2LCJpYXQiOjE3ODEwMjU1ODcsImp0aSI6IjFiODZjMzBiMWQxOTQyODBiYzU3Mzg3NTdmMzUwYTIxIiwidXNlcl9pZCI6IjIifQ.p3k8VlzEh2H2Z9D6YKnLk_9Az9yxg1T5lSJ7348qVQM HTTP/1.1" 404 4566
WARNING 2026-06-09 20:36:09,154 Not Found: /ws/notifications/
WARNING 2026-06-09 20:36:09,155 "GET /ws/notifications/?token=eyJhbGciOiJIUzI1NiIsInR5cCI6IkpXVCJ9.eyJ0b2tlbl90eXBlIjoiYWNjZXNzIiwiZXhwIjoxNzgxMDU0Mzg2LCJpYXQiOjE3ODEwMjU1ODcsImp0aSI6IjFiODZjMzBiMWQxOTQyODBiYzU3Mzg3NTdmMzUwYTIxIiwidXNlcl9pZCI6IjIifQ.p3k8VlzEh2H2Z9D6YKnLk_9Az9yxg1T5lSJ7348qVQM HTTP/1.1" 404 4566
WARNING 2026-06-09 20:36:15,143 Not Found: /ws/notifications/
WARNING 2026-06-09 20:36:15,144 "GET /ws/notifications/?token=eyJhbGciOiJIUzI1NiIsInR5cCI6IkpXVCJ9.eyJ0b2tlbl90eXBlIjoiYWNjZXNzIiwiZXhwIjoxNzgxMDU0Mzg2LCJpYXQiOjE3ODEwMjU1ODcsImp0aSI6IjFiODZjMzBiMWQxOTQyODBiYzU3Mzg3NTdmMzUwYTIxIiwidXNlcl9pZCI6IjIifQ.p3k8VlzEh2H2Z9D6YKnLk_9Az9yxg1T5lSJ7348qVQM HTTP/1.1" 404 4566
WARNING 2026-06-09 20:36:21,141 Not Found: /ws/notifications/
WARNING 2026-06-09 20:36:21,143 "GET /ws/notifications/?token=eyJhbGciOiJIUzI1NiIsInR5cCI6IkpXVCJ9.eyJ0b2tlbl90eXBlIjoiYWNjZXNzIiwiZXhwIjoxNzgxMDU0Mzg2LCJpYXQiOjE3ODEwMjU1ODcsImp0aSI6IjFiODZjMzBiMWQxOTQyODBiYzU3Mzg3NTdmMzUwYTIxIiwidXNlcl9pZCI6IjIifQ.p3k8VlzEh2H2Z9D6YKnLk_9Az9yxg1T5lSJ7348qVQM HTTP/1.1" 404 4566
WARNING 2026-06-09 20:36:27,160 Not Found: /ws/notifications/
WARNING 2026-06-09 20:36:27,352 "GET /ws/notifications/?token=eyJhbGciOiJIUzI1NiIsInR5cCI6IkpXVCJ9.eyJ0b2tlbl90eXBlIjoiYWNjZXNzIiwiZXhwIjoxNzgxMDU0Mzg2LCJpYXQiOjE3ODEwMjU1ODcsImp0aSI6IjFiODZjMzBiMWQxOTQyODBiYzU3Mzg3NTdmMzUwYTIxIiwidXNlcl9pZCI6IjIifQ.p3k8VlzEh2H2Z9D6YKnLk_9Az9yxg1T5lSJ7348qVQM HTTP/1.1" 404 4566
WARNING 2026-06-09 20:36:33,151 Not Found: /ws/notifications/
WARNING 2026-06-09 20:36:33,153 "GET /ws/notifications/?token=eyJhbGciOiJIUzI1NiIsInR5cCI6IkpXVCJ9.eyJ0b2tlbl90eXBlIjoiYWNjZXNzIiwiZXhwIjoxNzgxMDU0Mzg2LCJpYXQiOjE3ODEwMjU1ODcsImp0aSI6IjFiODZjMzBiMWQxOTQyODBiYzU3Mzg3NTdmMzUwYTIxIiwidXNlcl9pZCI6IjIifQ.p3k8VlzEh2H2Z9D6YKnLk_9Az9yxg1T5lSJ7348qVQM HTTP/1.1" 404 4566
WARNING 2026-06-09 20:36:39,159 Not Found: /ws/notifications/
WARNING 2026-06-09 20:36:39,160 "GET /ws/notifications/?token=eyJhbGciOiJIUzI1NiIsInR5cCI6IkpXVCJ9.eyJ0b2tlbl90eXBlIjoiYWNjZXNzIiwiZXhwIjoxNzgxMDU0Mzg2LCJpYXQiOjE3ODEwMjU1ODcsImp0aSI6IjFiODZjMzBiMWQxOTQyODBiYzU3Mzg3NTdmMzUwYTIxIiwidXNlcl9pZCI6IjIifQ.p3k8VlzEh2H2Z9D6YKnLk_9Az9yxg1T5lSJ7348qVQM HTTP/1.1" 404 4566
WARNING 2026-06-09 20:36:45,146 Not Found: /ws/notifications/
WARNING 2026-06-09 20:36:45,147 "GET /ws/notifications/?token=eyJhbGciOiJIUzI1NiIsInR5cCI6IkpXVCJ9.eyJ0b2tlbl90eXBlIjoiYWNjZXNzIiwiZXhwIjoxNzgxMDU0Mzg2LCJpYXQiOjE3ODEwMjU1ODcsImp0aSI6IjFiODZjMzBiMWQxOTQyODBiYzU3Mzg3NTdmMzUwYTIxIiwidXNlcl9pZCI6IjIifQ.p3k8VlzEh2H2Z9D6YKnLk_9Az9yxg1T5lSJ7348qVQM HTTP/1.1" 404 4566
WARNING 2026-06-09 20:36:51,161 Not Found: /ws/notifications/
WARNING 2026-06-09 20:36:51,162 "GET /ws/notifications/?token=eyJhbGciOiJIUzI1NiIsInR5cCI6IkpXVCJ9.eyJ0b2tlbl90eXBlIjoiYWNjZXNzIiwiZXhwIjoxNzgxMDU0Mzg2LCJpYXQiOjE3ODEwMjU1ODcsImp0aSI6IjFiODZjMzBiMWQxOTQyODBiYzU3Mzg3NTdmMzUwYTIxIiwidXNlcl9pZCI6IjIifQ.p3k8VlzEh2H2Z9D6YKnLk_9Az9yxg1T5lSJ7348qVQM HTTP/1.1" 404 4566
WARNING 2026-06-09 20:36:57,189 Not Found: /ws/notifications/
WARNING 2026-06-09 20:36:57,192 "GET /ws/notifications/?token=eyJhbGciOiJIUzI1NiIsInR5cCI6IkpXVCJ9.eyJ0b2tlbl90eXBlIjoiYWNjZXNzIiwiZXhwIjoxNzgxMDU0Mzg2LCJpYXQiOjE3ODEwMjU1ODcsImp0aSI6IjFiODZjMzBiMWQxOTQyODBiYzU3Mzg3NTdmMzUwYTIxIiwidXNlcl9pZCI6IjIifQ.p3k8VlzEh2H2Z9D6YKnLk_9Az9yxg1T5lSJ7348qVQM HTTP/1.1" 404 4566
INFO 2026-06-09 20:36:58,168 "GET /api/notifications/notifications/?ordering=-created_at HTTP/1.1" 200 52
INFO 2026-06-09 20:36:58,207 "GET /api/products/ HTTP/1.1" 200 1085
INFO 2026-06-09 20:36:58,218 "GET /api/sales/ HTTP/1.1" 200 52
INFO 2026-06-09 20:36:58,248 "GET /api/inventory/purchase-orders/ HTTP/1.1" 200 52
INFO 2026-06-09 20:36:58,311 "GET /api/products/suppliers/ HTTP/1.1" 200 1014
INFO 2026-06-09 20:36:58,322 "GET /api/customers/ HTTP/1.1" 200 1217
INFO 2026-06-09 20:36:58,350 "GET /api/users/ HTTP/1.1" 200 5231
WARNING 2026-06-09 20:37:03,235 Not Found: /ws/notifications/
WARNING 2026-06-09 20:37:03,237 "GET /ws/notifications/?token=eyJhbGciOiJIUzI1NiIsInR5cCI6IkpXVCJ9.eyJ0b2tlbl90eXBlIjoiYWNjZXNzIiwiZXhwIjoxNzgxMDU0Mzg2LCJpYXQiOjE3ODEwMjU1ODcsImp0aSI6IjFiODZjMzBiMWQxOTQyODBiYzU3Mzg3NTdmMzUwYTIxIiwidXNlcl9pZCI6IjIifQ.p3k8VlzEh2H2Z9D6YKnLk_9Az9yxg1T5lSJ7348qVQM HTTP/1.1" 404 4566
WARNING 2026-06-09 20:37:09,280 Not Found: /ws/notifications/
WARNING 2026-06-09 20:37:09,282 "GET /ws/notifications/?token=eyJhbGciOiJIUzI1NiIsInR5cCI6IkpXVCJ9.eyJ0b2tlbl90eXBlIjoiYWNjZXNzIiwiZXhwIjoxNzgxMDU0Mzg2LCJpYXQiOjE3ODEwMjU1ODcsImp0aSI6IjFiODZjMzBiMWQxOTQyODBiYzU3Mzg3NTdmMzUwYTIxIiwidXNlcl9pZCI6IjIifQ.p3k8VlzEh2H2Z9D6YKnLk_9Az9yxg1T5lSJ7348qVQM HTTP/1.1" 404 4566
WARNING 2026-06-09 20:37:15,310 Not Found: /ws/notifications/
WARNING 2026-06-09 20:37:15,312 "GET /ws/notifications/?token=eyJhbGciOiJIUzI1NiIsInR5cCI6IkpXVCJ9.eyJ0b2tlbl90eXBlIjoiYWNjZXNzIiwiZXhwIjoxNzgxMDU0Mzg2LCJpYXQiOjE3ODEwMjU1ODcsImp0aSI6IjFiODZjMzBiMWQxOTQyODBiYzU3Mzg3NTdmMzUwYTIxIiwidXNlcl9pZCI6IjIifQ.p3k8VlzEh2H2Z9D6YKnLk_9Az9yxg1T5lSJ7348qVQM HTTP/1.1" 404 4566
WARNING 2026-06-09 20:37:21,526 Not Found: /ws/notifications/
WARNING 2026-06-09 20:37:21,528 "GET /ws/notifications/?token=eyJhbGciOiJIUzI1NiIsInR5cCI6IkpXVCJ9.eyJ0b2tlbl90eXBlIjoiYWNjZXNzIiwiZXhwIjoxNzgxMDU0Mzg2LCJpYXQiOjE3ODEwMjU1ODcsImp0aSI6IjFiODZjMzBiMWQxOTQyODBiYzU3Mzg3NTdmMzUwYTIxIiwidXNlcl9pZCI6IjIifQ.p3k8VlzEh2H2Z9D6YKnLk_9Az9yxg1T5lSJ7348qVQM HTTP/1.1" 404 4566
WARNING 2026-06-09 20:37:27,701 Not Found: /ws/notifications/
WARNING 2026-06-09 20:37:27,702 "GET /ws/notifications/?token=eyJhbGciOiJIUzI1NiIsInR5cCI6IkpXVCJ9.eyJ0b2tlbl90eXBlIjoiYWNjZXNzIiwiZXhwIjoxNzgxMDU0Mzg2LCJpYXQiOjE3ODEwMjU1ODcsImp0aSI6IjFiODZjMzBiMWQxOTQyODBiYzU3Mzg3NTdmMzUwYTIxIiwidXNlcl9pZCI6IjIifQ.p3k8VlzEh2H2Z9D6YKnLk_9Az9yxg1T5lSJ7348qVQM HTTP/1.1" 404 4566
WARNING 2026-06-09 20:37:34,874 Not Found: /ws/notifications/
WARNING 2026-06-09 20:37:34,876 "GET /ws/notifications/?token=eyJhbGciOiJIUzI1NiIsInR5cCI6IkpXVCJ9.eyJ0b2tlbl90eXBlIjoiYWNjZXNzIiwiZXhwIjoxNzgxMDU0Mzg2LCJpYXQiOjE3ODEwMjU1ODcsImp0aSI6IjFiODZjMzBiMWQxOTQyODBiYzU3Mzg3NTdmMzUwYTIxIiwidXNlcl9pZCI6IjIifQ.p3k8VlzEh2H2Z9D6YKnLk_9Az9yxg1T5lSJ7348qVQM HTTP/1.1" 404 4566
WARNING 2026-06-09 20:37:42,771 Not Found: /ws/notifications/
WARNING 2026-06-09 20:37:42,773 "GET /ws/notifications/?token=eyJhbGciOiJIUzI1NiIsInR5cCI6IkpXVCJ9.eyJ0b2tlbl90eXBlIjoiYWNjZXNzIiwiZXhwIjoxNzgxMDU0Mzg2LCJpYXQiOjE3ODEwMjU1ODcsImp0aSI6IjFiODZjMzBiMWQxOTQyODBiYzU3Mzg3NTdmMzUwYTIxIiwidXNlcl9pZCI6IjIifQ.p3k8VlzEh2H2Z9D6YKnLk_9Az9yxg1T5lSJ7348qVQM HTTP/1.1" 404 4566
WARNING 2026-06-09 20:37:52,660 Not Found: /ws/notifications/
WARNING 2026-06-09 20:37:52,663 "GET /ws/notifications/?token=eyJhbGciOiJIUzI1NiIsInR5cCI6IkpXVCJ9.eyJ0b2tlbl90eXBlIjoiYWNjZXNzIiwiZXhwIjoxNzgxMDU0Mzg2LCJpYXQiOjE3ODEwMjU1ODcsImp0aSI6IjFiODZjMzBiMWQxOTQyODBiYzU3Mzg3NTdmMzUwYTIxIiwidXNlcl9pZCI6IjIifQ.p3k8VlzEh2H2Z9D6YKnLk_9Az9yxg1T5lSJ7348qVQM HTTP/1.1" 404 4566
INFO 2026-06-09 20:37:58,155 "GET /api/notifications/notifications/?ordering=-created_at HTTP/1.1" 200 52
INFO 2026-06-09 20:37:58,263 "GET /api/sales/ HTTP/1.1" 200 52
INFO 2026-06-09 20:37:58,264 "GET /api/products/ HTTP/1.1" 200 1085
INFO 2026-06-09 20:37:58,328 "GET /api/inventory/purchase-orders/ HTTP/1.1" 200 52
INFO 2026-06-09 20:37:58,380 "GET /api/customers/ HTTP/1.1" 200 1217
INFO 2026-06-09 20:37:58,381 "GET /api/users/ HTTP/1.1" 200 5231
INFO 2026-06-09 20:37:58,397 "GET /api/products/suppliers/ HTTP/1.1" 200 1014
WARNING 2026-06-09 20:38:02,018 Not Found: /ws/notifications/
WARNING 2026-06-09 20:38:02,040 "GET /ws/notifications/?token=eyJhbGciOiJIUzI1NiIsInR5cCI6IkpXVCJ9.eyJ0b2tlbl90eXBlIjoiYWNjZXNzIiwiZXhwIjoxNzgxMDU0Mzg2LCJpYXQiOjE3ODEwMjU1ODcsImp0aSI6IjFiODZjMzBiMWQxOTQyODBiYzU3Mzg3NTdmMzUwYTIxIiwidXNlcl9pZCI6IjIifQ.p3k8VlzEh2H2Z9D6YKnLk_9Az9yxg1T5lSJ7348qVQM HTTP/1.1" 404 4566
WARNING 2026-06-09 20:38:07,157 Not Found: /ws/notifications/
WARNING 2026-06-09 20:38:07,158 "GET /ws/notifications/?token=eyJhbGciOiJIUzI1NiIsInR5cCI6IkpXVCJ9.eyJ0b2tlbl90eXBlIjoiYWNjZXNzIiwiZXhwIjoxNzgxMDU0Mzg2LCJpYXQiOjE3ODEwMjU1ODcsImp0aSI6IjFiODZjMzBiMWQxOTQyODBiYzU3Mzg3NTdmMzUwYTIxIiwidXNlcl9pZCI6IjIifQ.p3k8VlzEh2H2Z9D6YKnLk_9Az9yxg1T5lSJ7348qVQM HTTP/1.1" 404 4566
WARNING 2026-06-09 20:38:13,140 Not Found: /ws/notifications/
WARNING 2026-06-09 20:38:13,141 "GET /ws/notifications/?token=eyJhbGciOiJIUzI1NiIsInR5cCI6IkpXVCJ9.eyJ0b2tlbl90eXBlIjoiYWNjZXNzIiwiZXhwIjoxNzgxMDU0Mzg2LCJpYXQiOjE3ODEwMjU1ODcsImp0aSI6IjFiODZjMzBiMWQxOTQyODBiYzU3Mzg3NTdmMzUwYTIxIiwidXNlcl9pZCI6IjIifQ.p3k8VlzEh2H2Z9D6YKnLk_9Az9yxg1T5lSJ7348qVQM HTTP/1.1" 404 4566
WARNING 2026-06-09 20:38:19,153 Not Found: /ws/notifications/
WARNING 2026-06-09 20:38:19,155 "GET /ws/notifications/?token=eyJhbGciOiJIUzI1NiIsInR5cCI6IkpXVCJ9.eyJ0b2tlbl90eXBlIjoiYWNjZXNzIiwiZXhwIjoxNzgxMDU0Mzg2LCJpYXQiOjE3ODEwMjU1ODcsImp0aSI6IjFiODZjMzBiMWQxOTQyODBiYzU3Mzg3NTdmMzUwYTIxIiwidXNlcl9pZCI6IjIifQ.p3k8VlzEh2H2Z9D6YKnLk_9Az9yxg1T5lSJ7348qVQM HTTP/1.1" 404 4566
WARNING 2026-06-09 20:38:25,160 Not Found: /ws/notifications/
WARNING 2026-06-09 20:38:25,162 "GET /ws/notifications/?token=eyJhbGciOiJIUzI1NiIsInR5cCI6IkpXVCJ9.eyJ0b2tlbl90eXBlIjoiYWNjZXNzIiwiZXhwIjoxNzgxMDU0Mzg2LCJpYXQiOjE3ODEwMjU1ODcsImp0aSI6IjFiODZjMzBiMWQxOTQyODBiYzU3Mzg3NTdmMzUwYTIxIiwidXNlcl9pZCI6IjIifQ.p3k8VlzEh2H2Z9D6YKnLk_9Az9yxg1T5lSJ7348qVQM HTTP/1.1" 404 4566
WARNING 2026-06-09 20:38:31,151 Not Found: /ws/notifications/
WARNING 2026-06-09 20:38:31,153 "GET /ws/notifications/?token=eyJhbGciOiJIUzI1NiIsInR5cCI6IkpXVCJ9.eyJ0b2tlbl90eXBlIjoiYWNjZXNzIiwiZXhwIjoxNzgxMDU0Mzg2LCJpYXQiOjE3ODEwMjU1ODcsImp0aSI6IjFiODZjMzBiMWQxOTQyODBiYzU3Mzg3NTdmMzUwYTIxIiwidXNlcl9pZCI6IjIifQ.p3k8VlzEh2H2Z9D6YKnLk_9Az9yxg1T5lSJ7348qVQM HTTP/1.1" 404 4566
WARNING 2026-06-09 20:38:37,161 Not Found: /ws/notifications/
WARNING 2026-06-09 20:38:37,163 "GET /ws/notifications/?token=eyJhbGciOiJIUzI1NiIsInR5cCI6IkpXVCJ9.eyJ0b2tlbl90eXBlIjoiYWNjZXNzIiwiZXhwIjoxNzgxMDU0Mzg2LCJpYXQiOjE3ODEwMjU1ODcsImp0aSI6IjFiODZjMzBiMWQxOTQyODBiYzU3Mzg3NTdmMzUwYTIxIiwidXNlcl9pZCI6IjIifQ.p3k8VlzEh2H2Z9D6YKnLk_9Az9yxg1T5lSJ7348qVQM HTTP/1.1" 404 4566
WARNING 2026-06-09 20:38:43,147 Not Found: /ws/notifications/
WARNING 2026-06-09 20:38:43,148 "GET /ws/notifications/?token=eyJhbGciOiJIUzI1NiIsInR5cCI6IkpXVCJ9.eyJ0b2tlbl90eXBlIjoiYWNjZXNzIiwiZXhwIjoxNzgxMDU0Mzg2LCJpYXQiOjE3ODEwMjU1ODcsImp0aSI6IjFiODZjMzBiMWQxOTQyODBiYzU3Mzg3NTdmMzUwYTIxIiwidXNlcl9pZCI6IjIifQ.p3k8VlzEh2H2Z9D6YKnLk_9Az9yxg1T5lSJ7348qVQM HTTP/1.1" 404 4566
WARNING 2026-06-09 20:38:49,160 Not Found: /ws/notifications/
WARNING 2026-06-09 20:38:49,171 "GET /ws/notifications/?token=eyJhbGciOiJIUzI1NiIsInR5cCI6IkpXVCJ9.eyJ0b2tlbl90eXBlIjoiYWNjZXNzIiwiZXhwIjoxNzgxMDU0Mzg2LCJpYXQiOjE3ODEwMjU1ODcsImp0aSI6IjFiODZjMzBiMWQxOTQyODBiYzU3Mzg3NTdmMzUwYTIxIiwidXNlcl9pZCI6IjIifQ.p3k8VlzEh2H2Z9D6YKnLk_9Az9yxg1T5lSJ7348qVQM HTTP/1.1" 404 4566
WARNING 2026-06-09 20:38:55,151 Not Found: /ws/notifications/
WARNING 2026-06-09 20:38:55,244 "GET /ws/notifications/?token=eyJhbGciOiJIUzI1NiIsInR5cCI6IkpXVCJ9.eyJ0b2tlbl90eXBlIjoiYWNjZXNzIiwiZXhwIjoxNzgxMDU0Mzg2LCJpYXQiOjE3ODEwMjU1ODcsImp0aSI6IjFiODZjMzBiMWQxOTQyODBiYzU3Mzg3NTdmMzUwYTIxIiwidXNlcl9pZCI6IjIifQ.p3k8VlzEh2H2Z9D6YKnLk_9Az9yxg1T5lSJ7348qVQM HTTP/1.1" 404 4566
INFO 2026-06-09 20:38:58,242 "GET /api/notifications/notifications/?ordering=-created_at HTTP/1.1" 200 52
INFO 2026-06-09 20:38:58,305 "GET /api/products/ HTTP/1.1" 200 1085
INFO 2026-06-09 20:38:58,311 "GET /api/sales/ HTTP/1.1" 200 52
INFO 2026-06-09 20:38:58,316 "GET /api/inventory/purchase-orders/ HTTP/1.1" 200 52
INFO 2026-06-09 20:38:58,338 "GET /api/products/suppliers/ HTTP/1.1" 200 1014
INFO 2026-06-09 20:38:58,364 "GET /api/customers/ HTTP/1.1" 200 1217
INFO 2026-06-09 20:38:58,389 "GET /api/users/ HTTP/1.1" 200 5231
WARNING 2026-06-09 20:39:01,190 Not Found: /ws/notifications/
WARNING 2026-06-09 20:39:01,192 "GET /ws/notifications/?token=eyJhbGciOiJIUzI1NiIsInR5cCI6IkpXVCJ9.eyJ0b2tlbl90eXBlIjoiYWNjZXNzIiwiZXhwIjoxNzgxMDU0Mzg2LCJpYXQiOjE3ODEwMjU1ODcsImp0aSI6IjFiODZjMzBiMWQxOTQyODBiYzU3Mzg3NTdmMzUwYTIxIiwidXNlcl9pZCI6IjIifQ.p3k8VlzEh2H2Z9D6YKnLk_9Az9yxg1T5lSJ7348qVQM HTTP/1.1" 404 4566
WARNING 2026-06-09 20:39:07,195 Not Found: /ws/notifications/
WARNING 2026-06-09 20:39:07,196 "GET /ws/notifications/?token=eyJhbGciOiJIUzI1NiIsInR5cCI6IkpXVCJ9.eyJ0b2tlbl90eXBlIjoiYWNjZXNzIiwiZXhwIjoxNzgxMDU0Mzg2LCJpYXQiOjE3ODEwMjU1ODcsImp0aSI6IjFiODZjMzBiMWQxOTQyODBiYzU3Mzg3NTdmMzUwYTIxIiwidXNlcl9pZCI6IjIifQ.p3k8VlzEh2H2Z9D6YKnLk_9Az9yxg1T5lSJ7348qVQM HTTP/1.1" 404 4566
WARNING 2026-06-09 20:39:13,263 Not Found: /ws/notifications/
WARNING 2026-06-09 20:39:13,264 "GET /ws/notifications/?token=eyJhbGciOiJIUzI1NiIsInR5cCI6IkpXVCJ9.eyJ0b2tlbl90eXBlIjoiYWNjZXNzIiwiZXhwIjoxNzgxMDU0Mzg2LCJpYXQiOjE3ODEwMjU1ODcsImp0aSI6IjFiODZjMzBiMWQxOTQyODBiYzU3Mzg3NTdmMzUwYTIxIiwidXNlcl9pZCI6IjIifQ.p3k8VlzEh2H2Z9D6YKnLk_9Az9yxg1T5lSJ7348qVQM HTTP/1.1" 404 4566
WARNING 2026-06-09 20:39:19,207 Not Found: /ws/notifications/
WARNING 2026-06-09 20:39:19,209 "GET /ws/notifications/?token=eyJhbGciOiJIUzI1NiIsInR5cCI6IkpXVCJ9.eyJ0b2tlbl90eXBlIjoiYWNjZXNzIiwiZXhwIjoxNzgxMDU0Mzg2LCJpYXQiOjE3ODEwMjU1ODcsImp0aSI6IjFiODZjMzBiMWQxOTQyODBiYzU3Mzg3NTdmMzUwYTIxIiwidXNlcl9pZCI6IjIifQ.p3k8VlzEh2H2Z9D6YKnLk_9Az9yxg1T5lSJ7348qVQM HTTP/1.1" 404 4566
WARNING 2026-06-09 20:39:25,383 Not Found: /ws/notifications/
WARNING 2026-06-09 20:39:25,386 "GET /ws/notifications/?token=eyJhbGciOiJIUzI1NiIsInR5cCI6IkpXVCJ9.eyJ0b2tlbl90eXBlIjoiYWNjZXNzIiwiZXhwIjoxNzgxMDU0Mzg2LCJpYXQiOjE3ODEwMjU1ODcsImp0aSI6IjFiODZjMzBiMWQxOTQyODBiYzU3Mzg3NTdmMzUwYTIxIiwidXNlcl9pZCI6IjIifQ.p3k8VlzEh2H2Z9D6YKnLk_9Az9yxg1T5lSJ7348qVQM HTTP/1.1" 404 4566
WARNING 2026-06-09 20:39:32,313 Not Found: /ws/notifications/
WARNING 2026-06-09 20:39:32,314 "GET /ws/notifications/?token=eyJhbGciOiJIUzI1NiIsInR5cCI6IkpXVCJ9.eyJ0b2tlbl90eXBlIjoiYWNjZXNzIiwiZXhwIjoxNzgxMDU0Mzg2LCJpYXQiOjE3ODEwMjU1ODcsImp0aSI6IjFiODZjMzBiMWQxOTQyODBiYzU3Mzg3NTdmMzUwYTIxIiwidXNlcl9pZCI6IjIifQ.p3k8VlzEh2H2Z9D6YKnLk_9Az9yxg1T5lSJ7348qVQM HTTP/1.1" 404 4566
WARNING 2026-06-09 20:39:39,423 Not Found: /ws/notifications/
WARNING 2026-06-09 20:39:39,424 "GET /ws/notifications/?token=eyJhbGciOiJIUzI1NiIsInR5cCI6IkpXVCJ9.eyJ0b2tlbl90eXBlIjoiYWNjZXNzIiwiZXhwIjoxNzgxMDU0Mzg2LCJpYXQiOjE3ODEwMjU1ODcsImp0aSI6IjFiODZjMzBiMWQxOTQyODBiYzU3Mzg3NTdmMzUwYTIxIiwidXNlcl9pZCI6IjIifQ.p3k8VlzEh2H2Z9D6YKnLk_9Az9yxg1T5lSJ7348qVQM HTTP/1.1" 404 4566
WARNING 2026-06-09 20:39:49,812 Not Found: /ws/notifications/
WARNING 2026-06-09 20:39:49,835 "GET /ws/notifications/?token=eyJhbGciOiJIUzI1NiIsInR5cCI6IkpXVCJ9.eyJ0b2tlbl90eXBlIjoiYWNjZXNzIiwiZXhwIjoxNzgxMDU0Mzg2LCJpYXQiOjE3ODEwMjU1ODcsImp0aSI6IjFiODZjMzBiMWQxOTQyODBiYzU3Mzg3NTdmMzUwYTIxIiwidXNlcl9pZCI6IjIifQ.p3k8VlzEh2H2Z9D6YKnLk_9Az9yxg1T5lSJ7348qVQM HTTP/1.1" 404 4566
WARNING 2026-06-09 20:39:57,227 Not Found: /ws/notifications/
WARNING 2026-06-09 20:39:57,228 "GET /ws/notifications/?token=eyJhbGciOiJIUzI1NiIsInR5cCI6IkpXVCJ9.eyJ0b2tlbl90eXBlIjoiYWNjZXNzIiwiZXhwIjoxNzgxMDU0Mzg2LCJpYXQiOjE3ODEwMjU1ODcsImp0aSI6IjFiODZjMzBiMWQxOTQyODBiYzU3Mzg3NTdmMzUwYTIxIiwidXNlcl9pZCI6IjIifQ.p3k8VlzEh2H2Z9D6YKnLk_9Az9yxg1T5lSJ7348qVQM HTTP/1.1" 404 4566
INFO 2026-06-09 20:39:58,148 "GET /api/notifications/notifications/?ordering=-created_at HTTP/1.1" 200 52
INFO 2026-06-09 20:39:58,207 "GET /api/products/ HTTP/1.1" 200 1085
INFO 2026-06-09 20:39:58,231 "GET /api/sales/ HTTP/1.1" 200 52
INFO 2026-06-09 20:39:58,247 "GET /api/inventory/purchase-orders/ HTTP/1.1" 200 52
INFO 2026-06-09 20:39:58,272 "GET /api/products/suppliers/ HTTP/1.1" 200 1014
INFO 2026-06-09 20:39:58,306 "GET /api/customers/ HTTP/1.1" 200 1217
INFO 2026-06-09 20:39:58,317 "GET /api/users/ HTTP/1.1" 200 5231
WARNING 2026-06-09 20:40:04,978 Not Found: /ws/notifications/
WARNING 2026-06-09 20:40:04,979 "GET /ws/notifications/?token=eyJhbGciOiJIUzI1NiIsInR5cCI6IkpXVCJ9.eyJ0b2tlbl90eXBlIjoiYWNjZXNzIiwiZXhwIjoxNzgxMDU0Mzg2LCJpYXQiOjE3ODEwMjU1ODcsImp0aSI6IjFiODZjMzBiMWQxOTQyODBiYzU3Mzg3NTdmMzUwYTIxIiwidXNlcl9pZCI6IjIifQ.p3k8VlzEh2H2Z9D6YKnLk_9Az9yxg1T5lSJ7348qVQM HTTP/1.1" 404 4566
WARNING 2026-06-09 20:40:11,377 Not Found: /ws/notifications/
WARNING 2026-06-09 20:40:11,379 "GET /ws/notifications/?token=eyJhbGciOiJIUzI1NiIsInR5cCI6IkpXVCJ9.eyJ0b2tlbl90eXBlIjoiYWNjZXNzIiwiZXhwIjoxNzgxMDU0Mzg2LCJpYXQiOjE3ODEwMjU1ODcsImp0aSI6IjFiODZjMzBiMWQxOTQyODBiYzU3Mzg3NTdmMzUwYTIxIiwidXNlcl9pZCI6IjIifQ.p3k8VlzEh2H2Z9D6YKnLk_9Az9yxg1T5lSJ7348qVQM HTTP/1.1" 404 4566
WARNING 2026-06-09 20:40:17,140 Not Found: /ws/notifications/
WARNING 2026-06-09 20:40:17,142 "GET /ws/notifications/?token=eyJhbGciOiJIUzI1NiIsInR5cCI6IkpXVCJ9.eyJ0b2tlbl90eXBlIjoiYWNjZXNzIiwiZXhwIjoxNzgxMDU0Mzg2LCJpYXQiOjE3ODEwMjU1ODcsImp0aSI6IjFiODZjMzBiMWQxOTQyODBiYzU3Mzg3NTdmMzUwYTIxIiwidXNlcl9pZCI6IjIifQ.p3k8VlzEh2H2Z9D6YKnLk_9Az9yxg1T5lSJ7348qVQM HTTP/1.1" 404 4566
WARNING 2026-06-09 20:40:23,141 Not Found: /ws/notifications/
WARNING 2026-06-09 20:40:23,142 "GET /ws/notifications/?token=eyJhbGciOiJIUzI1NiIsInR5cCI6IkpXVCJ9.eyJ0b2tlbl90eXBlIjoiYWNjZXNzIiwiZXhwIjoxNzgxMDU0Mzg2LCJpYXQiOjE3ODEwMjU1ODcsImp0aSI6IjFiODZjMzBiMWQxOTQyODBiYzU3Mzg3NTdmMzUwYTIxIiwidXNlcl9pZCI6IjIifQ.p3k8VlzEh2H2Z9D6YKnLk_9Az9yxg1T5lSJ7348qVQM HTTP/1.1" 404 4566
WARNING 2026-06-09 20:40:29,142 Not Found: /ws/notifications/
WARNING 2026-06-09 20:40:29,272 "GET /ws/notifications/?token=eyJhbGciOiJIUzI1NiIsInR5cCI6IkpXVCJ9.eyJ0b2tlbl90eXBlIjoiYWNjZXNzIiwiZXhwIjoxNzgxMDU0Mzg2LCJpYXQiOjE3ODEwMjU1ODcsImp0aSI6IjFiODZjMzBiMWQxOTQyODBiYzU3Mzg3NTdmMzUwYTIxIiwidXNlcl9pZCI6IjIifQ.p3k8VlzEh2H2Z9D6YKnLk_9Az9yxg1T5lSJ7348qVQM HTTP/1.1" 404 4566
WARNING 2026-06-09 20:40:35,134 Not Found: /ws/notifications/
WARNING 2026-06-09 20:40:35,135 "GET /ws/notifications/?token=eyJhbGciOiJIUzI1NiIsInR5cCI6IkpXVCJ9.eyJ0b2tlbl90eXBlIjoiYWNjZXNzIiwiZXhwIjoxNzgxMDU0Mzg2LCJpYXQiOjE3ODEwMjU1ODcsImp0aSI6IjFiODZjMzBiMWQxOTQyODBiYzU3Mzg3NTdmMzUwYTIxIiwidXNlcl9pZCI6IjIifQ.p3k8VlzEh2H2Z9D6YKnLk_9Az9yxg1T5lSJ7348qVQM HTTP/1.1" 404 4566
WARNING 2026-06-09 20:40:41,162 Not Found: /ws/notifications/
WARNING 2026-06-09 20:40:41,176 "GET /ws/notifications/?token=eyJhbGciOiJIUzI1NiIsInR5cCI6IkpXVCJ9.eyJ0b2tlbl90eXBlIjoiYWNjZXNzIiwiZXhwIjoxNzgxMDU0Mzg2LCJpYXQiOjE3ODEwMjU1ODcsImp0aSI6IjFiODZjMzBiMWQxOTQyODBiYzU3Mzg3NTdmMzUwYTIxIiwidXNlcl9pZCI6IjIifQ.p3k8VlzEh2H2Z9D6YKnLk_9Az9yxg1T5lSJ7348qVQM HTTP/1.1" 404 4566
WARNING 2026-06-09 20:40:47,158 Not Found: /ws/notifications/
WARNING 2026-06-09 20:40:47,160 "GET /ws/notifications/?token=eyJhbGciOiJIUzI1NiIsInR5cCI6IkpXVCJ9.eyJ0b2tlbl90eXBlIjoiYWNjZXNzIiwiZXhwIjoxNzgxMDU0Mzg2LCJpYXQiOjE3ODEwMjU1ODcsImp0aSI6IjFiODZjMzBiMWQxOTQyODBiYzU3Mzg3NTdmMzUwYTIxIiwidXNlcl9pZCI6IjIifQ.p3k8VlzEh2H2Z9D6YKnLk_9Az9yxg1T5lSJ7348qVQM HTTP/1.1" 404 4566
WARNING 2026-06-09 20:40:53,145 Not Found: /ws/notifications/
WARNING 2026-06-09 20:40:53,147 "GET /ws/notifications/?token=eyJhbGciOiJIUzI1NiIsInR5cCI6IkpXVCJ9.eyJ0b2tlbl90eXBlIjoiYWNjZXNzIiwiZXhwIjoxNzgxMDU0Mzg2LCJpYXQiOjE3ODEwMjU1ODcsImp0aSI6IjFiODZjMzBiMWQxOTQyODBiYzU3Mzg3NTdmMzUwYTIxIiwidXNlcl9pZCI6IjIifQ.p3k8VlzEh2H2Z9D6YKnLk_9Az9yxg1T5lSJ7348qVQM HTTP/1.1" 404 4566
INFO 2026-06-09 20:40:58,170 "GET /api/notifications/notifications/?ordering=-created_at HTTP/1.1" 200 52
INFO 2026-06-09 20:40:58,217 "GET /api/products/ HTTP/1.1" 200 1085
INFO 2026-06-09 20:40:58,227 "GET /api/sales/ HTTP/1.1" 200 52
INFO 2026-06-09 20:40:58,236 "GET /api/inventory/purchase-orders/ HTTP/1.1" 200 52
INFO 2026-06-09 20:40:58,273 "GET /api/products/suppliers/ HTTP/1.1" 200 1014
INFO 2026-06-09 20:40:58,286 "GET /api/customers/ HTTP/1.1" 200 1217
INFO 2026-06-09 20:40:58,299 "GET /api/users/ HTTP/1.1" 200 5231
WARNING 2026-06-09 20:40:59,157 Not Found: /ws/notifications/
WARNING 2026-06-09 20:40:59,159 "GET /ws/notifications/?token=eyJhbGciOiJIUzI1NiIsInR5cCI6IkpXVCJ9.eyJ0b2tlbl90eXBlIjoiYWNjZXNzIiwiZXhwIjoxNzgxMDU0Mzg2LCJpYXQiOjE3ODEwMjU1ODcsImp0aSI6IjFiODZjMzBiMWQxOTQyODBiYzU3Mzg3NTdmMzUwYTIxIiwidXNlcl9pZCI6IjIifQ.p3k8VlzEh2H2Z9D6YKnLk_9Az9yxg1T5lSJ7348qVQM HTTP/1.1" 404 4566
WARNING 2026-06-09 20:41:05,150 Not Found: /ws/notifications/
WARNING 2026-06-09 20:41:05,151 "GET /ws/notifications/?token=eyJhbGciOiJIUzI1NiIsInR5cCI6IkpXVCJ9.eyJ0b2tlbl90eXBlIjoiYWNjZXNzIiwiZXhwIjoxNzgxMDU0Mzg2LCJpYXQiOjE3ODEwMjU1ODcsImp0aSI6IjFiODZjMzBiMWQxOTQyODBiYzU3Mzg3NTdmMzUwYTIxIiwidXNlcl9pZCI6IjIifQ.p3k8VlzEh2H2Z9D6YKnLk_9Az9yxg1T5lSJ7348qVQM HTTP/1.1" 404 4566
WARNING 2026-06-09 20:41:11,172 Not Found: /ws/notifications/
WARNING 2026-06-09 20:41:11,173 "GET /ws/notifications/?token=eyJhbGciOiJIUzI1NiIsInR5cCI6IkpXVCJ9.eyJ0b2tlbl90eXBlIjoiYWNjZXNzIiwiZXhwIjoxNzgxMDU0Mzg2LCJpYXQiOjE3ODEwMjU1ODcsImp0aSI6IjFiODZjMzBiMWQxOTQyODBiYzU3Mzg3NTdmMzUwYTIxIiwidXNlcl9pZCI6IjIifQ.p3k8VlzEh2H2Z9D6YKnLk_9Az9yxg1T5lSJ7348qVQM HTTP/1.1" 404 4566
WARNING 2026-06-09 20:41:17,284 Not Found: /ws/notifications/
WARNING 2026-06-09 20:41:17,331 "GET /ws/notifications/?token=eyJhbGciOiJIUzI1NiIsInR5cCI6IkpXVCJ9.eyJ0b2tlbl90eXBlIjoiYWNjZXNzIiwiZXhwIjoxNzgxMDU0Mzg2LCJpYXQiOjE3ODEwMjU1ODcsImp0aSI6IjFiODZjMzBiMWQxOTQyODBiYzU3Mzg3NTdmMzUwYTIxIiwidXNlcl9pZCI6IjIifQ.p3k8VlzEh2H2Z9D6YKnLk_9Az9yxg1T5lSJ7348qVQM HTTP/1.1" 404 4566
WARNING 2026-06-09 20:41:23,324 Not Found: /ws/notifications/
WARNING 2026-06-09 20:41:23,343 "GET /ws/notifications/?token=eyJhbGciOiJIUzI1NiIsInR5cCI6IkpXVCJ9.eyJ0b2tlbl90eXBlIjoiYWNjZXNzIiwiZXhwIjoxNzgxMDU0Mzg2LCJpYXQiOjE3ODEwMjU1ODcsImp0aSI6IjFiODZjMzBiMWQxOTQyODBiYzU3Mzg3NTdmMzUwYTIxIiwidXNlcl9pZCI6IjIifQ.p3k8VlzEh2H2Z9D6YKnLk_9Az9yxg1T5lSJ7348qVQM HTTP/1.1" 404 4566
WARNING 2026-06-09 20:41:29,721 Not Found: /ws/notifications/
WARNING 2026-06-09 20:41:29,723 "GET /ws/notifications/?token=eyJhbGciOiJIUzI1NiIsInR5cCI6IkpXVCJ9.eyJ0b2tlbl90eXBlIjoiYWNjZXNzIiwiZXhwIjoxNzgxMDU0Mzg2LCJpYXQiOjE3ODEwMjU1ODcsImp0aSI6IjFiODZjMzBiMWQxOTQyODBiYzU3Mzg3NTdmMzUwYTIxIiwidXNlcl9pZCI6IjIifQ.p3k8VlzEh2H2Z9D6YKnLk_9Az9yxg1T5lSJ7348qVQM HTTP/1.1" 404 4566
WARNING 2026-06-09 20:41:35,505 Not Found: /ws/notifications/
WARNING 2026-06-09 20:41:35,506 "GET /ws/notifications/?token=eyJhbGciOiJIUzI1NiIsInR5cCI6IkpXVCJ9.eyJ0b2tlbl90eXBlIjoiYWNjZXNzIiwiZXhwIjoxNzgxMDU0Mzg2LCJpYXQiOjE3ODEwMjU1ODcsImp0aSI6IjFiODZjMzBiMWQxOTQyODBiYzU3Mzg3NTdmMzUwYTIxIiwidXNlcl9pZCI6IjIifQ.p3k8VlzEh2H2Z9D6YKnLk_9Az9yxg1T5lSJ7348qVQM HTTP/1.1" 404 4566
WARNING 2026-06-09 20:41:41,966 Not Found: /ws/notifications/
WARNING 2026-06-09 20:41:42,153 "GET /ws/notifications/?token=eyJhbGciOiJIUzI1NiIsInR5cCI6IkpXVCJ9.eyJ0b2tlbl90eXBlIjoiYWNjZXNzIiwiZXhwIjoxNzgxMDU0Mzg2LCJpYXQiOjE3ODEwMjU1ODcsImp0aSI6IjFiODZjMzBiMWQxOTQyODBiYzU3Mzg3NTdmMzUwYTIxIiwidXNlcl9pZCI6IjIifQ.p3k8VlzEh2H2Z9D6YKnLk_9Az9yxg1T5lSJ7348qVQM HTTP/1.1" 404 4566
WARNING 2026-06-09 20:41:49,166 Not Found: /ws/notifications/
WARNING 2026-06-09 20:41:49,167 "GET /ws/notifications/?token=eyJhbGciOiJIUzI1NiIsInR5cCI6IkpXVCJ9.eyJ0b2tlbl90eXBlIjoiYWNjZXNzIiwiZXhwIjoxNzgxMDU0Mzg2LCJpYXQiOjE3ODEwMjU1ODcsImp0aSI6IjFiODZjMzBiMWQxOTQyODBiYzU3Mzg3NTdmMzUwYTIxIiwidXNlcl9pZCI6IjIifQ.p3k8VlzEh2H2Z9D6YKnLk_9Az9yxg1T5lSJ7348qVQM HTTP/1.1" 404 4566
WARNING 2026-06-09 20:41:57,246 Not Found: /ws/notifications/
WARNING 2026-06-09 20:41:57,250 "GET /ws/notifications/?token=eyJhbGciOiJIUzI1NiIsInR5cCI6IkpXVCJ9.eyJ0b2tlbl90eXBlIjoiYWNjZXNzIiwiZXhwIjoxNzgxMDU0Mzg2LCJpYXQiOjE3ODEwMjU1ODcsImp0aSI6IjFiODZjMzBiMWQxOTQyODBiYzU3Mzg3NTdmMzUwYTIxIiwidXNlcl9pZCI6IjIifQ.p3k8VlzEh2H2Z9D6YKnLk_9Az9yxg1T5lSJ7348qVQM HTTP/1.1" 404 4566
INFO 2026-06-09 20:41:58,166 "GET /api/notifications/notifications/?ordering=-created_at HTTP/1.1" 200 52
INFO 2026-06-09 20:41:58,286 "GET /api/products/ HTTP/1.1" 200 1085
INFO 2026-06-09 20:41:58,286 "GET /api/sales/ HTTP/1.1" 200 52
INFO 2026-06-09 20:41:58,549 "GET /api/inventory/purchase-orders/ HTTP/1.1" 200 52
INFO 2026-06-09 20:41:58,577 "GET /api/products/suppliers/ HTTP/1.1" 200 1014
INFO 2026-06-09 20:41:58,577 "GET /api/customers/ HTTP/1.1" 200 1217
INFO 2026-06-09 20:41:58,597 "GET /api/users/ HTTP/1.1" 200 5231
WARNING 2026-06-09 20:42:08,334 Not Found: /ws/notifications/
WARNING 2026-06-09 20:42:08,336 "GET /ws/notifications/?token=eyJhbGciOiJIUzI1NiIsInR5cCI6IkpXVCJ9.eyJ0b2tlbl90eXBlIjoiYWNjZXNzIiwiZXhwIjoxNzgxMDU0Mzg2LCJpYXQiOjE3ODEwMjU1ODcsImp0aSI6IjFiODZjMzBiMWQxOTQyODBiYzU3Mzg3NTdmMzUwYTIxIiwidXNlcl9pZCI6IjIifQ.p3k8VlzEh2H2Z9D6YKnLk_9Az9yxg1T5lSJ7348qVQM HTTP/1.1" 404 4566
WARNING 2026-06-09 20:42:14,603 Not Found: /ws/notifications/
WARNING 2026-06-09 20:42:14,604 "GET /ws/notifications/?token=eyJhbGciOiJIUzI1NiIsInR5cCI6IkpXVCJ9.eyJ0b2tlbl90eXBlIjoiYWNjZXNzIiwiZXhwIjoxNzgxMDU0Mzg2LCJpYXQiOjE3ODEwMjU1ODcsImp0aSI6IjFiODZjMzBiMWQxOTQyODBiYzU3Mzg3NTdmMzUwYTIxIiwidXNlcl9pZCI6IjIifQ.p3k8VlzEh2H2Z9D6YKnLk_9Az9yxg1T5lSJ7348qVQM HTTP/1.1" 404 4566
WARNING 2026-06-09 20:42:20,562 Not Found: /ws/notifications/
WARNING 2026-06-09 20:42:20,563 "GET /ws/notifications/?token=eyJhbGciOiJIUzI1NiIsInR5cCI6IkpXVCJ9.eyJ0b2tlbl90eXBlIjoiYWNjZXNzIiwiZXhwIjoxNzgxMDU0Mzg2LCJpYXQiOjE3ODEwMjU1ODcsImp0aSI6IjFiODZjMzBiMWQxOTQyODBiYzU3Mzg3NTdmMzUwYTIxIiwidXNlcl9pZCI6IjIifQ.p3k8VlzEh2H2Z9D6YKnLk_9Az9yxg1T5lSJ7348qVQM HTTP/1.1" 404 4566
WARNING 2026-06-09 20:42:26,144 Not Found: /ws/notifications/
WARNING 2026-06-09 20:42:26,145 "GET /ws/notifications/?token=eyJhbGciOiJIUzI1NiIsInR5cCI6IkpXVCJ9.eyJ0b2tlbl90eXBlIjoiYWNjZXNzIiwiZXhwIjoxNzgxMDU0Mzg2LCJpYXQiOjE3ODEwMjU1ODcsImp0aSI6IjFiODZjMzBiMWQxOTQyODBiYzU3Mzg3NTdmMzUwYTIxIiwidXNlcl9pZCI6IjIifQ.p3k8VlzEh2H2Z9D6YKnLk_9Az9yxg1T5lSJ7348qVQM HTTP/1.1" 404 4566
WARNING 2026-06-09 20:42:37,207 Not Found: /ws/notifications/
WARNING 2026-06-09 20:42:37,212 "GET /ws/notifications/?token=eyJhbGciOiJIUzI1NiIsInR5cCI6IkpXVCJ9.eyJ0b2tlbl90eXBlIjoiYWNjZXNzIiwiZXhwIjoxNzgxMDU0Mzg2LCJpYXQiOjE3ODEwMjU1ODcsImp0aSI6IjFiODZjMzBiMWQxOTQyODBiYzU3Mzg3NTdmMzUwYTIxIiwidXNlcl9pZCI6IjIifQ.p3k8VlzEh2H2Z9D6YKnLk_9Az9yxg1T5lSJ7348qVQM HTTP/1.1" 404 4566
WARNING 2026-06-09 20:42:45,148 Not Found: /ws/notifications/
WARNING 2026-06-09 20:42:45,150 "GET /ws/notifications/?token=eyJhbGciOiJIUzI1NiIsInR5cCI6IkpXVCJ9.eyJ0b2tlbl90eXBlIjoiYWNjZXNzIiwiZXhwIjoxNzgxMDU0Mzg2LCJpYXQiOjE3ODEwMjU1ODcsImp0aSI6IjFiODZjMzBiMWQxOTQyODBiYzU3Mzg3NTdmMzUwYTIxIiwidXNlcl9pZCI6IjIifQ.p3k8VlzEh2H2Z9D6YKnLk_9Az9yxg1T5lSJ7348qVQM HTTP/1.1" 404 4566
WARNING 2026-06-09 20:42:51,191 Not Found: /ws/notifications/
WARNING 2026-06-09 20:42:51,194 "GET /ws/notifications/?token=eyJhbGciOiJIUzI1NiIsInR5cCI6IkpXVCJ9.eyJ0b2tlbl90eXBlIjoiYWNjZXNzIiwiZXhwIjoxNzgxMDU0Mzg2LCJpYXQiOjE3ODEwMjU1ODcsImp0aSI6IjFiODZjMzBiMWQxOTQyODBiYzU3Mzg3NTdmMzUwYTIxIiwidXNlcl9pZCI6IjIifQ.p3k8VlzEh2H2Z9D6YKnLk_9Az9yxg1T5lSJ7348qVQM HTTP/1.1" 404 4566
WARNING 2026-06-09 20:42:57,197 Not Found: /ws/notifications/
WARNING 2026-06-09 20:42:57,199 "GET /ws/notifications/?token=eyJhbGciOiJIUzI1NiIsInR5cCI6IkpXVCJ9.eyJ0b2tlbl90eXBlIjoiYWNjZXNzIiwiZXhwIjoxNzgxMDU0Mzg2LCJpYXQiOjE3ODEwMjU1ODcsImp0aSI6IjFiODZjMzBiMWQxOTQyODBiYzU3Mzg3NTdmMzUwYTIxIiwidXNlcl9pZCI6IjIifQ.p3k8VlzEh2H2Z9D6YKnLk_9Az9yxg1T5lSJ7348qVQM HTTP/1.1" 404 4566
INFO 2026-06-09 20:42:58,176 "GET /api/notifications/notifications/?ordering=-created_at HTTP/1.1" 200 52
INFO 2026-06-09 20:42:58,268 "GET /api/sales/ HTTP/1.1" 200 52
INFO 2026-06-09 20:42:58,295 "GET /api/products/ HTTP/1.1" 200 1085
INFO 2026-06-09 20:42:58,451 "GET /api/inventory/purchase-orders/ HTTP/1.1" 200 52
INFO 2026-06-09 20:42:58,481 "GET /api/products/suppliers/ HTTP/1.1" 200 1014
INFO 2026-06-09 20:42:58,545 "GET /api/customers/ HTTP/1.1" 200 1217
INFO 2026-06-09 20:43:02,899 "GET /api/users/ HTTP/1.1" 200 5231
WARNING 2026-06-09 20:43:03,327 Not Found: /ws/notifications/
WARNING 2026-06-09 20:43:03,329 "GET /ws/notifications/?token=eyJhbGciOiJIUzI1NiIsInR5cCI6IkpXVCJ9.eyJ0b2tlbl90eXBlIjoiYWNjZXNzIiwiZXhwIjoxNzgxMDU0Mzg2LCJpYXQiOjE3ODEwMjU1ODcsImp0aSI6IjFiODZjMzBiMWQxOTQyODBiYzU3Mzg3NTdmMzUwYTIxIiwidXNlcl9pZCI6IjIifQ.p3k8VlzEh2H2Z9D6YKnLk_9Az9yxg1T5lSJ7348qVQM HTTP/1.1" 404 4566
WARNING 2026-06-09 20:43:09,371 Not Found: /ws/notifications/
WARNING 2026-06-09 20:43:09,376 "GET /ws/notifications/?token=eyJhbGciOiJIUzI1NiIsInR5cCI6IkpXVCJ9.eyJ0b2tlbl90eXBlIjoiYWNjZXNzIiwiZXhwIjoxNzgxMDU0Mzg2LCJpYXQiOjE3ODEwMjU1ODcsImp0aSI6IjFiODZjMzBiMWQxOTQyODBiYzU3Mzg3NTdmMzUwYTIxIiwidXNlcl9pZCI6IjIifQ.p3k8VlzEh2H2Z9D6YKnLk_9Az9yxg1T5lSJ7348qVQM HTTP/1.1" 404 4566
INFO 2026-06-09 20:43:09,377 - Broken pipe from ('127.0.0.1', 62878)
WARNING 2026-06-09 20:43:15,168 Not Found: /ws/notifications/
WARNING 2026-06-09 20:43:15,169 "GET /ws/notifications/?token=eyJhbGciOiJIUzI1NiIsInR5cCI6IkpXVCJ9.eyJ0b2tlbl90eXBlIjoiYWNjZXNzIiwiZXhwIjoxNzgxMDU0Mzg2LCJpYXQiOjE3ODEwMjU1ODcsImp0aSI6IjFiODZjMzBiMWQxOTQyODBiYzU3Mzg3NTdmMzUwYTIxIiwidXNlcl9pZCI6IjIifQ.p3k8VlzEh2H2Z9D6YKnLk_9Az9yxg1T5lSJ7348qVQM HTTP/1.1" 404 4566
WARNING 2026-06-09 20:43:21,162 Not Found: /ws/notifications/
WARNING 2026-06-09 20:43:21,164 "GET /ws/notifications/?token=eyJhbGciOiJIUzI1NiIsInR5cCI6IkpXVCJ9.eyJ0b2tlbl90eXBlIjoiYWNjZXNzIiwiZXhwIjoxNzgxMDU0Mzg2LCJpYXQiOjE3ODEwMjU1ODcsImp0aSI6IjFiODZjMzBiMWQxOTQyODBiYzU3Mzg3NTdmMzUwYTIxIiwidXNlcl9pZCI6IjIifQ.p3k8VlzEh2H2Z9D6YKnLk_9Az9yxg1T5lSJ7348qVQM HTTP/1.1" 404 4566
WARNING 2026-06-09 20:43:27,178 Not Found: /ws/notifications/
WARNING 2026-06-09 20:43:27,179 "GET /ws/notifications/?token=eyJhbGciOiJIUzI1NiIsInR5cCI6IkpXVCJ9.eyJ0b2tlbl90eXBlIjoiYWNjZXNzIiwiZXhwIjoxNzgxMDU0Mzg2LCJpYXQiOjE3ODEwMjU1ODcsImp0aSI6IjFiODZjMzBiMWQxOTQyODBiYzU3Mzg3NTdmMzUwYTIxIiwidXNlcl9pZCI6IjIifQ.p3k8VlzEh2H2Z9D6YKnLk_9Az9yxg1T5lSJ7348qVQM HTTP/1.1" 404 4566
WARNING 2026-06-09 20:43:33,411 Not Found: /ws/notifications/
WARNING 2026-06-09 20:43:33,412 "GET /ws/notifications/?token=eyJhbGciOiJIUzI1NiIsInR5cCI6IkpXVCJ9.eyJ0b2tlbl90eXBlIjoiYWNjZXNzIiwiZXhwIjoxNzgxMDU0Mzg2LCJpYXQiOjE3ODEwMjU1ODcsImp0aSI6IjFiODZjMzBiMWQxOTQyODBiYzU3Mzg3NTdmMzUwYTIxIiwidXNlcl9pZCI6IjIifQ.p3k8VlzEh2H2Z9D6YKnLk_9Az9yxg1T5lSJ7348qVQM HTTP/1.1" 404 4566
WARNING 2026-06-09 20:43:39,617 Not Found: /ws/notifications/
WARNING 2026-06-09 20:43:39,703 "GET /ws/notifications/?token=eyJhbGciOiJIUzI1NiIsInR5cCI6IkpXVCJ9.eyJ0b2tlbl90eXBlIjoiYWNjZXNzIiwiZXhwIjoxNzgxMDU0Mzg2LCJpYXQiOjE3ODEwMjU1ODcsImp0aSI6IjFiODZjMzBiMWQxOTQyODBiYzU3Mzg3NTdmMzUwYTIxIiwidXNlcl9pZCI6IjIifQ.p3k8VlzEh2H2Z9D6YKnLk_9Az9yxg1T5lSJ7348qVQM HTTP/1.1" 404 4566
WARNING 2026-06-09 20:43:45,986 Not Found: /ws/notifications/
WARNING 2026-06-09 20:43:45,987 "GET /ws/notifications/?token=eyJhbGciOiJIUzI1NiIsInR5cCI6IkpXVCJ9.eyJ0b2tlbl90eXBlIjoiYWNjZXNzIiwiZXhwIjoxNzgxMDU0Mzg2LCJpYXQiOjE3ODEwMjU1ODcsImp0aSI6IjFiODZjMzBiMWQxOTQyODBiYzU3Mzg3NTdmMzUwYTIxIiwidXNlcl9pZCI6IjIifQ.p3k8VlzEh2H2Z9D6YKnLk_9Az9yxg1T5lSJ7348qVQM HTTP/1.1" 404 4566
WARNING 2026-06-09 20:43:51,830 Not Found: /ws/notifications/
WARNING 2026-06-09 20:43:51,831 "GET /ws/notifications/?token=eyJhbGciOiJIUzI1NiIsInR5cCI6IkpXVCJ9.eyJ0b2tlbl90eXBlIjoiYWNjZXNzIiwiZXhwIjoxNzgxMDU0Mzg2LCJpYXQiOjE3ODEwMjU1ODcsImp0aSI6IjFiODZjMzBiMWQxOTQyODBiYzU3Mzg3NTdmMzUwYTIxIiwidXNlcl9pZCI6IjIifQ.p3k8VlzEh2H2Z9D6YKnLk_9Az9yxg1T5lSJ7348qVQM HTTP/1.1" 404 4566
INFO 2026-06-09 20:43:58,142 "GET /api/notifications/notifications/?ordering=-created_at HTTP/1.1" 200 52
WARNING 2026-06-09 20:43:58,186 Not Found: /ws/notifications/
INFO 2026-06-09 20:43:58,209 "GET /api/sales/ HTTP/1.1" 200 52
WARNING 2026-06-09 20:43:58,209 "GET /ws/notifications/?token=eyJhbGciOiJIUzI1NiIsInR5cCI6IkpXVCJ9.eyJ0b2tlbl90eXBlIjoiYWNjZXNzIiwiZXhwIjoxNzgxMDU0Mzg2LCJpYXQiOjE3ODEwMjU1ODcsImp0aSI6IjFiODZjMzBiMWQxOTQyODBiYzU3Mzg3NTdmMzUwYTIxIiwidXNlcl9pZCI6IjIifQ.p3k8VlzEh2H2Z9D6YKnLk_9Az9yxg1T5lSJ7348qVQM HTTP/1.1" 404 4566
INFO 2026-06-09 20:43:58,218 - Broken pipe from ('127.0.0.1', 64745)
INFO 2026-06-09 20:43:58,225 "GET /api/products/ HTTP/1.1" 200 1085
INFO 2026-06-09 20:43:58,233 "GET /api/inventory/purchase-orders/ HTTP/1.1" 200 52
INFO 2026-06-09 20:43:58,243 "GET /api/products/suppliers/ HTTP/1.1" 200 1014
INFO 2026-06-09 20:43:58,268 "GET /api/customers/ HTTP/1.1" 200 1217
INFO 2026-06-09 20:43:58,306 "GET /api/users/ HTTP/1.1" 200 5231
WARNING 2026-06-09 20:44:06,294 Not Found: /ws/notifications/
WARNING 2026-06-09 20:44:06,296 "GET /ws/notifications/?token=eyJhbGciOiJIUzI1NiIsInR5cCI6IkpXVCJ9.eyJ0b2tlbl90eXBlIjoiYWNjZXNzIiwiZXhwIjoxNzgxMDU0Mzg2LCJpYXQiOjE3ODEwMjU1ODcsImp0aSI6IjFiODZjMzBiMWQxOTQyODBiYzU3Mzg3NTdmMzUwYTIxIiwidXNlcl9pZCI6IjIifQ.p3k8VlzEh2H2Z9D6YKnLk_9Az9yxg1T5lSJ7348qVQM HTTP/1.1" 404 4566
WARNING 2026-06-09 20:44:14,921 Not Found: /ws/notifications/
WARNING 2026-06-09 20:44:15,009 "GET /ws/notifications/?token=eyJhbGciOiJIUzI1NiIsInR5cCI6IkpXVCJ9.eyJ0b2tlbl90eXBlIjoiYWNjZXNzIiwiZXhwIjoxNzgxMDU0Mzg2LCJpYXQiOjE3ODEwMjU1ODcsImp0aSI6IjFiODZjMzBiMWQxOTQyODBiYzU3Mzg3NTdmMzUwYTIxIiwidXNlcl9pZCI6IjIifQ.p3k8VlzEh2H2Z9D6YKnLk_9Az9yxg1T5lSJ7348qVQM HTTP/1.1" 404 4566
WARNING 2026-06-09 20:44:23,588 Not Found: /ws/notifications/
WARNING 2026-06-09 20:44:23,590 "GET /ws/notifications/?token=eyJhbGciOiJIUzI1NiIsInR5cCI6IkpXVCJ9.eyJ0b2tlbl90eXBlIjoiYWNjZXNzIiwiZXhwIjoxNzgxMDU0Mzg2LCJpYXQiOjE3ODEwMjU1ODcsImp0aSI6IjFiODZjMzBiMWQxOTQyODBiYzU3Mzg3NTdmMzUwYTIxIiwidXNlcl9pZCI6IjIifQ.p3k8VlzEh2H2Z9D6YKnLk_9Az9yxg1T5lSJ7348qVQM HTTP/1.1" 404 4566
WARNING 2026-06-09 20:44:33,541 Not Found: /ws/notifications/
WARNING 2026-06-09 20:44:33,558 "GET /ws/notifications/?token=eyJhbGciOiJIUzI1NiIsInR5cCI6IkpXVCJ9.eyJ0b2tlbl90eXBlIjoiYWNjZXNzIiwiZXhwIjoxNzgxMDU0Mzg2LCJpYXQiOjE3ODEwMjU1ODcsImp0aSI6IjFiODZjMzBiMWQxOTQyODBiYzU3Mzg3NTdmMzUwYTIxIiwidXNlcl9pZCI6IjIifQ.p3k8VlzEh2H2Z9D6YKnLk_9Az9yxg1T5lSJ7348qVQM HTTP/1.1" 404 4566
WARNING 2026-06-09 20:44:41,334 Not Found: /ws/notifications/
WARNING 2026-06-09 20:44:41,441 "GET /ws/notifications/?token=eyJhbGciOiJIUzI1NiIsInR5cCI6IkpXVCJ9.eyJ0b2tlbl90eXBlIjoiYWNjZXNzIiwiZXhwIjoxNzgxMDU0Mzg2LCJpYXQiOjE3ODEwMjU1ODcsImp0aSI6IjFiODZjMzBiMWQxOTQyODBiYzU3Mzg3NTdmMzUwYTIxIiwidXNlcl9pZCI6IjIifQ.p3k8VlzEh2H2Z9D6YKnLk_9Az9yxg1T5lSJ7348qVQM HTTP/1.1" 404 4566
WARNING 2026-06-09 20:44:49,613 Not Found: /ws/notifications/
WARNING 2026-06-09 20:44:49,638 "GET /ws/notifications/?token=eyJhbGciOiJIUzI1NiIsInR5cCI6IkpXVCJ9.eyJ0b2tlbl90eXBlIjoiYWNjZXNzIiwiZXhwIjoxNzgxMDU0Mzg2LCJpYXQiOjE3ODEwMjU1ODcsImp0aSI6IjFiODZjMzBiMWQxOTQyODBiYzU3Mzg3NTdmMzUwYTIxIiwidXNlcl9pZCI6IjIifQ.p3k8VlzEh2H2Z9D6YKnLk_9Az9yxg1T5lSJ7348qVQM HTTP/1.1" 404 4566
WARNING 2026-06-09 20:44:56,324 Not Found: /ws/notifications/
WARNING 2026-06-09 20:44:56,460 "GET /ws/notifications/?token=eyJhbGciOiJIUzI1NiIsInR5cCI6IkpXVCJ9.eyJ0b2tlbl90eXBlIjoiYWNjZXNzIiwiZXhwIjoxNzgxMDU0Mzg2LCJpYXQiOjE3ODEwMjU1ODcsImp0aSI6IjFiODZjMzBiMWQxOTQyODBiYzU3Mzg3NTdmMzUwYTIxIiwidXNlcl9pZCI6IjIifQ.p3k8VlzEh2H2Z9D6YKnLk_9Az9yxg1T5lSJ7348qVQM HTTP/1.1" 404 4566
INFO 2026-06-09 20:44:58,160 "GET /api/notifications/notifications/?ordering=-created_at HTTP/1.1" 200 52
INFO 2026-06-09 20:44:58,220 "GET /api/products/ HTTP/1.1" 200 1085
INFO 2026-06-09 20:44:58,233 "GET /api/sales/ HTTP/1.1" 200 52
INFO 2026-06-09 20:44:58,273 "GET /api/inventory/purchase-orders/ HTTP/1.1" 200 52
INFO 2026-06-09 20:44:58,304 "GET /api/products/suppliers/ HTTP/1.1" 200 1014
INFO 2026-06-09 20:44:58,314 "GET /api/customers/ HTTP/1.1" 200 1217
INFO 2026-06-09 20:44:58,335 "GET /api/users/ HTTP/1.1" 200 5231
WARNING 2026-06-09 20:45:04,722 Not Found: /ws/notifications/
WARNING 2026-06-09 20:45:04,723 "GET /ws/notifications/?token=eyJhbGciOiJIUzI1NiIsInR5cCI6IkpXVCJ9.eyJ0b2tlbl90eXBlIjoiYWNjZXNzIiwiZXhwIjoxNzgxMDU0Mzg2LCJpYXQiOjE3ODEwMjU1ODcsImp0aSI6IjFiODZjMzBiMWQxOTQyODBiYzU3Mzg3NTdmMzUwYTIxIiwidXNlcl9pZCI6IjIifQ.p3k8VlzEh2H2Z9D6YKnLk_9Az9yxg1T5lSJ7348qVQM HTTP/1.1" 404 4566
WARNING 2026-06-09 20:45:14,003 Not Found: /ws/notifications/
WARNING 2026-06-09 20:45:14,005 "GET /ws/notifications/?token=eyJhbGciOiJIUzI1NiIsInR5cCI6IkpXVCJ9.eyJ0b2tlbl90eXBlIjoiYWNjZXNzIiwiZXhwIjoxNzgxMDU0Mzg2LCJpYXQiOjE3ODEwMjU1ODcsImp0aSI6IjFiODZjMzBiMWQxOTQyODBiYzU3Mzg3NTdmMzUwYTIxIiwidXNlcl9pZCI6IjIifQ.p3k8VlzEh2H2Z9D6YKnLk_9Az9yxg1T5lSJ7348qVQM HTTP/1.1" 404 4566
WARNING 2026-06-09 20:45:22,761 Not Found: /ws/notifications/
WARNING 2026-06-09 20:45:22,763 "GET /ws/notifications/?token=eyJhbGciOiJIUzI1NiIsInR5cCI6IkpXVCJ9.eyJ0b2tlbl90eXBlIjoiYWNjZXNzIiwiZXhwIjoxNzgxMDU0Mzg2LCJpYXQiOjE3ODEwMjU1ODcsImp0aSI6IjFiODZjMzBiMWQxOTQyODBiYzU3Mzg3NTdmMzUwYTIxIiwidXNlcl9pZCI6IjIifQ.p3k8VlzEh2H2Z9D6YKnLk_9Az9yxg1T5lSJ7348qVQM HTTP/1.1" 404 4566
WARNING 2026-06-09 20:45:31,505 Not Found: /ws/notifications/
WARNING 2026-06-09 20:45:31,576 "GET /ws/notifications/?token=eyJhbGciOiJIUzI1NiIsInR5cCI6IkpXVCJ9.eyJ0b2tlbl90eXBlIjoiYWNjZXNzIiwiZXhwIjoxNzgxMDU0Mzg2LCJpYXQiOjE3ODEwMjU1ODcsImp0aSI6IjFiODZjMzBiMWQxOTQyODBiYzU3Mzg3NTdmMzUwYTIxIiwidXNlcl9pZCI6IjIifQ.p3k8VlzEh2H2Z9D6YKnLk_9Az9yxg1T5lSJ7348qVQM HTTP/1.1" 404 4566
WARNING 2026-06-09 20:45:40,945 Not Found: /ws/notifications/
WARNING 2026-06-09 20:45:40,946 "GET /ws/notifications/?token=eyJhbGciOiJIUzI1NiIsInR5cCI6IkpXVCJ9.eyJ0b2tlbl90eXBlIjoiYWNjZXNzIiwiZXhwIjoxNzgxMDU0Mzg2LCJpYXQiOjE3ODEwMjU1ODcsImp0aSI6IjFiODZjMzBiMWQxOTQyODBiYzU3Mzg3NTdmMzUwYTIxIiwidXNlcl9pZCI6IjIifQ.p3k8VlzEh2H2Z9D6YKnLk_9Az9yxg1T5lSJ7348qVQM HTTP/1.1" 404 4566
WARNING 2026-06-09 20:45:49,433 Not Found: /ws/notifications/
WARNING 2026-06-09 20:45:49,434 "GET /ws/notifications/?token=eyJhbGciOiJIUzI1NiIsInR5cCI6IkpXVCJ9.eyJ0b2tlbl90eXBlIjoiYWNjZXNzIiwiZXhwIjoxNzgxMDU0Mzg2LCJpYXQiOjE3ODEwMjU1ODcsImp0aSI6IjFiODZjMzBiMWQxOTQyODBiYzU3Mzg3NTdmMzUwYTIxIiwidXNlcl9pZCI6IjIifQ.p3k8VlzEh2H2Z9D6YKnLk_9Az9yxg1T5lSJ7348qVQM HTTP/1.1" 404 4566
WARNING 2026-06-09 20:45:57,371 Not Found: /ws/notifications/
WARNING 2026-06-09 20:45:57,373 "GET /ws/notifications/?token=eyJhbGciOiJIUzI1NiIsInR5cCI6IkpXVCJ9.eyJ0b2tlbl90eXBlIjoiYWNjZXNzIiwiZXhwIjoxNzgxMDU0Mzg2LCJpYXQiOjE3ODEwMjU1ODcsImp0aSI6IjFiODZjMzBiMWQxOTQyODBiYzU3Mzg3NTdmMzUwYTIxIiwidXNlcl9pZCI6IjIifQ.p3k8VlzEh2H2Z9D6YKnLk_9Az9yxg1T5lSJ7348qVQM HTTP/1.1" 404 4566
INFO 2026-06-09 20:45:58,240 "GET /api/notifications/notifications/?ordering=-created_at HTTP/1.1" 200 52
INFO 2026-06-09 20:45:58,365 "GET /api/sales/ HTTP/1.1" 200 52
INFO 2026-06-09 20:45:58,369 "GET /api/inventory/purchase-orders/ HTTP/1.1" 200 52
INFO 2026-06-09 20:45:58,388 "GET /api/products/ HTTP/1.1" 200 1085
INFO 2026-06-09 20:45:58,390 "GET /api/products/suppliers/ HTTP/1.1" 200 1014
INFO 2026-06-09 20:45:58,440 "GET /api/customers/ HTTP/1.1" 200 1217
INFO 2026-06-09 20:45:58,442 "GET /api/users/ HTTP/1.1" 200 5231
WARNING 2026-06-09 20:46:07,922 Not Found: /ws/notifications/
WARNING 2026-06-09 20:46:07,925 "GET /ws/notifications/?token=eyJhbGciOiJIUzI1NiIsInR5cCI6IkpXVCJ9.eyJ0b2tlbl90eXBlIjoiYWNjZXNzIiwiZXhwIjoxNzgxMDU0Mzg2LCJpYXQiOjE3ODEwMjU1ODcsImp0aSI6IjFiODZjMzBiMWQxOTQyODBiYzU3Mzg3NTdmMzUwYTIxIiwidXNlcl9pZCI6IjIifQ.p3k8VlzEh2H2Z9D6YKnLk_9Az9yxg1T5lSJ7348qVQM HTTP/1.1" 404 4566
WARNING 2026-06-09 20:46:17,396 Not Found: /ws/notifications/
WARNING 2026-06-09 20:46:17,401 "GET /ws/notifications/?token=eyJhbGciOiJIUzI1NiIsInR5cCI6IkpXVCJ9.eyJ0b2tlbl90eXBlIjoiYWNjZXNzIiwiZXhwIjoxNzgxMDU0Mzg2LCJpYXQiOjE3ODEwMjU1ODcsImp0aSI6IjFiODZjMzBiMWQxOTQyODBiYzU3Mzg3NTdmMzUwYTIxIiwidXNlcl9pZCI6IjIifQ.p3k8VlzEh2H2Z9D6YKnLk_9Az9yxg1T5lSJ7348qVQM HTTP/1.1" 404 4566
WARNING 2026-06-09 20:46:25,457 Not Found: /ws/notifications/
WARNING 2026-06-09 20:46:25,459 "GET /ws/notifications/?token=eyJhbGciOiJIUzI1NiIsInR5cCI6IkpXVCJ9.eyJ0b2tlbl90eXBlIjoiYWNjZXNzIiwiZXhwIjoxNzgxMDU0Mzg2LCJpYXQiOjE3ODEwMjU1ODcsImp0aSI6IjFiODZjMzBiMWQxOTQyODBiYzU3Mzg3NTdmMzUwYTIxIiwidXNlcl9pZCI6IjIifQ.p3k8VlzEh2H2Z9D6YKnLk_9Az9yxg1T5lSJ7348qVQM HTTP/1.1" 404 4566
WARNING 2026-06-09 20:46:32,584 Not Found: /ws/notifications/
WARNING 2026-06-09 20:46:32,585 "GET /ws/notifications/?token=eyJhbGciOiJIUzI1NiIsInR5cCI6IkpXVCJ9.eyJ0b2tlbl90eXBlIjoiYWNjZXNzIiwiZXhwIjoxNzgxMDU0Mzg2LCJpYXQiOjE3ODEwMjU1ODcsImp0aSI6IjFiODZjMzBiMWQxOTQyODBiYzU3Mzg3NTdmMzUwYTIxIiwidXNlcl9pZCI6IjIifQ.p3k8VlzEh2H2Z9D6YKnLk_9Az9yxg1T5lSJ7348qVQM HTTP/1.1" 404 4566
WARNING 2026-06-09 20:46:40,299 Not Found: /ws/notifications/
WARNING 2026-06-09 20:46:40,300 "GET /ws/notifications/?token=eyJhbGciOiJIUzI1NiIsInR5cCI6IkpXVCJ9.eyJ0b2tlbl90eXBlIjoiYWNjZXNzIiwiZXhwIjoxNzgxMDU0Mzg2LCJpYXQiOjE3ODEwMjU1ODcsImp0aSI6IjFiODZjMzBiMWQxOTQyODBiYzU3Mzg3NTdmMzUwYTIxIiwidXNlcl9pZCI6IjIifQ.p3k8VlzEh2H2Z9D6YKnLk_9Az9yxg1T5lSJ7348qVQM HTTP/1.1" 404 4566
WARNING 2026-06-09 20:46:50,962 Not Found: /ws/notifications/
WARNING 2026-06-09 20:46:50,968 "GET /ws/notifications/?token=eyJhbGciOiJIUzI1NiIsInR5cCI6IkpXVCJ9.eyJ0b2tlbl90eXBlIjoiYWNjZXNzIiwiZXhwIjoxNzgxMDU0Mzg2LCJpYXQiOjE3ODEwMjU1ODcsImp0aSI6IjFiODZjMzBiMWQxOTQyODBiYzU3Mzg3NTdmMzUwYTIxIiwidXNlcl9pZCI6IjIifQ.p3k8VlzEh2H2Z9D6YKnLk_9Az9yxg1T5lSJ7348qVQM HTTP/1.1" 404 4566
INFO 2026-06-09 20:46:51,320 "GET /api/sales/ HTTP/1.1" 200 52
INFO 2026-06-09 20:46:51,334 "GET /api/notifications/notifications/?ordering=-created_at HTTP/1.1" 200 52
INFO 2026-06-09 20:46:51,358 "GET /api/products/suppliers/ HTTP/1.1" 200 1014
INFO 2026-06-09 20:46:51,386 "GET /api/products/ HTTP/1.1" 200 1085
INFO 2026-06-09 20:46:51,388 "GET /api/inventory/purchase-orders/ HTTP/1.1" 200 52
INFO 2026-06-09 20:46:51,389 "GET /api/customers/ HTTP/1.1" 200 1217
INFO 2026-06-09 20:46:51,411 "GET /api/notifications/notifications/?ordering=-created_at HTTP/1.1" 200 52
INFO 2026-06-09 20:46:51,412 "GET /api/users/ HTTP/1.1" 200 5231
WARNING 2026-06-09 20:47:00,320 Not Found: /ws/notifications/
WARNING 2026-06-09 20:47:00,322 "GET /ws/notifications/?token=eyJhbGciOiJIUzI1NiIsInR5cCI6IkpXVCJ9.eyJ0b2tlbl90eXBlIjoiYWNjZXNzIiwiZXhwIjoxNzgxMDU0Mzg2LCJpYXQiOjE3ODEwMjU1ODcsImp0aSI6IjFiODZjMzBiMWQxOTQyODBiYzU3Mzg3NTdmMzUwYTIxIiwidXNlcl9pZCI6IjIifQ.p3k8VlzEh2H2Z9D6YKnLk_9Az9yxg1T5lSJ7348qVQM HTTP/1.1" 404 4566
INFO 2026-06-09 20:47:02,753 "GET /api/notifications/notifications/?ordering=-created_at HTTP/1.1" 200 52
WARNING 2026-06-09 20:47:07,622 Not Found: /ws/notifications/
WARNING 2026-06-09 20:47:07,625 "GET /ws/notifications/?token=eyJhbGciOiJIUzI1NiIsInR5cCI6IkpXVCJ9.eyJ0b2tlbl90eXBlIjoiYWNjZXNzIiwiZXhwIjoxNzgxMDU0Mzg2LCJpYXQiOjE3ODEwMjU1ODcsImp0aSI6IjFiODZjMzBiMWQxOTQyODBiYzU3Mzg3NTdmMzUwYTIxIiwidXNlcl9pZCI6IjIifQ.p3k8VlzEh2H2Z9D6YKnLk_9Az9yxg1T5lSJ7348qVQM HTTP/1.1" 404 4566
WARNING 2026-06-09 20:47:09,269 Bad Request: /api/sales/
WARNING 2026-06-09 20:47:09,288 "POST /api/sales/ HTTP/1.1" 400 39
WARNING 2026-06-09 20:47:14,189 Not Found: /ws/notifications/
WARNING 2026-06-09 20:47:14,191 "GET /ws/notifications/?token=eyJhbGciOiJIUzI1NiIsInR5cCI6IkpXVCJ9.eyJ0b2tlbl90eXBlIjoiYWNjZXNzIiwiZXhwIjoxNzgxMDU0Mzg2LCJpYXQiOjE3ODEwMjU1ODcsImp0aSI6IjFiODZjMzBiMWQxOTQyODBiYzU3Mzg3NTdmMzUwYTIxIiwidXNlcl9pZCI6IjIifQ.p3k8VlzEh2H2Z9D6YKnLk_9Az9yxg1T5lSJ7348qVQM HTTP/1.1" 404 4566
INFO 2026-06-09 20:47:14,192 - Broken pipe from ('127.0.0.1', 58309)
INFO 2026-06-09 20:47:17,859 "GET /api/sales/ HTTP/1.1" 200 52
INFO 2026-06-09 20:47:17,880 "GET /api/products/suppliers/ HTTP/1.1" 200 1014
INFO 2026-06-09 20:47:17,885 "GET /api/inventory/purchase-orders/ HTTP/1.1" 200 52
INFO 2026-06-09 20:47:17,886 "GET /api/products/ HTTP/1.1" 200 1085
INFO 2026-06-09 20:47:17,891 "GET /api/customers/ HTTP/1.1" 200 1217
INFO 2026-06-09 20:47:17,907 "GET /api/users/ HTTP/1.1" 200 5231
INFO 2026-06-09 20:47:17,919 "GET /api/notifications/notifications/?ordering=-created_at HTTP/1.1" 200 52
WARNING 2026-06-09 20:47:24,188 Not Found: /ws/notifications/
WARNING 2026-06-09 20:47:24,190 "GET /ws/notifications/?token=eyJhbGciOiJIUzI1NiIsInR5cCI6IkpXVCJ9.eyJ0b2tlbl90eXBlIjoiYWNjZXNzIiwiZXhwIjoxNzgxMDU0Mzg2LCJpYXQiOjE3ODEwMjU1ODcsImp0aSI6IjFiODZjMzBiMWQxOTQyODBiYzU3Mzg3NTdmMzUwYTIxIiwidXNlcl9pZCI6IjIifQ.p3k8VlzEh2H2Z9D6YKnLk_9Az9yxg1T5lSJ7348qVQM HTTP/1.1" 404 4566
WARNING 2026-06-09 20:47:32,481 Not Found: /ws/notifications/
WARNING 2026-06-09 20:47:32,483 "GET /ws/notifications/?token=eyJhbGciOiJIUzI1NiIsInR5cCI6IkpXVCJ9.eyJ0b2tlbl90eXBlIjoiYWNjZXNzIiwiZXhwIjoxNzgxMDU0Mzg2LCJpYXQiOjE3ODEwMjU1ODcsImp0aSI6IjFiODZjMzBiMWQxOTQyODBiYzU3Mzg3NTdmMzUwYTIxIiwidXNlcl9pZCI6IjIifQ.p3k8VlzEh2H2Z9D6YKnLk_9Az9yxg1T5lSJ7348qVQM HTTP/1.1" 404 4566
INFO 2026-06-09 20:47:32,638 "GET /api/notifications/notifications/?ordering=-created_at HTTP/1.1" 200 52
WARNING 2026-06-09 20:47:41,941 Not Found: /ws/notifications/
WARNING 2026-06-09 20:47:41,943 "GET /ws/notifications/?token=eyJhbGciOiJIUzI1NiIsInR5cCI6IkpXVCJ9.eyJ0b2tlbl90eXBlIjoiYWNjZXNzIiwiZXhwIjoxNzgxMDU0Mzg2LCJpYXQiOjE3ODEwMjU1ODcsImp0aSI6IjFiODZjMzBiMWQxOTQyODBiYzU3Mzg3NTdmMzUwYTIxIiwidXNlcl9pZCI6IjIifQ.p3k8VlzEh2H2Z9D6YKnLk_9Az9yxg1T5lSJ7348qVQM HTTP/1.1" 404 4566
INFO 2026-06-09 20:47:52,821 "GET /api/products/ HTTP/1.1" 200 1085
INFO 2026-06-09 20:47:52,867 "GET /api/sales/ HTTP/1.1" 200 52
INFO 2026-06-09 20:47:52,912 "GET /api/inventory/purchase-orders/ HTTP/1.1" 200 52
INFO 2026-06-09 20:47:52,955 "GET /api/products/suppliers/ HTTP/1.1" 200 1014
INFO 2026-06-09 20:47:52,975 "GET /api/customers/ HTTP/1.1" 200 1217
INFO 2026-06-09 20:47:52,976 "GET /api/users/ HTTP/1.1" 200 5231
INFO 2026-06-09 20:47:53,014 "GET /api/notifications/notifications/?ordering=-created_at HTTP/1.1" 200 52
WARNING 2026-06-09 20:47:55,945 Not Found: /ws/notifications/
WARNING 2026-06-09 20:47:55,946 "GET /ws/notifications/?token=eyJhbGciOiJIUzI1NiIsInR5cCI6IkpXVCJ9.eyJ0b2tlbl90eXBlIjoiYWNjZXNzIiwiZXhwIjoxNzgxMDU0Mzg2LCJpYXQiOjE3ODEwMjU1ODcsImp0aSI6IjFiODZjMzBiMWQxOTQyODBiYzU3Mzg3NTdmMzUwYTIxIiwidXNlcl9pZCI6IjIifQ.p3k8VlzEh2H2Z9D6YKnLk_9Az9yxg1T5lSJ7348qVQM HTTP/1.1" 404 4566
WARNING 2026-06-09 20:48:02,445 Not Found: /ws/notifications/
WARNING 2026-06-09 20:48:02,446 "GET /ws/notifications/?token=eyJhbGciOiJIUzI1NiIsInR5cCI6IkpXVCJ9.eyJ0b2tlbl90eXBlIjoiYWNjZXNzIiwiZXhwIjoxNzgxMDU0Mzg2LCJpYXQiOjE3ODEwMjU1ODcsImp0aSI6IjFiODZjMzBiMWQxOTQyODBiYzU3Mzg3NTdmMzUwYTIxIiwidXNlcl9pZCI6IjIifQ.p3k8VlzEh2H2Z9D6YKnLk_9Az9yxg1T5lSJ7348qVQM HTTP/1.1" 404 4566
INFO 2026-06-09 20:48:03,140 "GET /api/notifications/notifications/?ordering=-created_at HTTP/1.1" 200 52
WARNING 2026-06-09 20:48:09,977 Not Found: /ws/notifications/
WARNING 2026-06-09 20:48:09,979 "GET /ws/notifications/?token=eyJhbGciOiJIUzI1NiIsInR5cCI6IkpXVCJ9.eyJ0b2tlbl90eXBlIjoiYWNjZXNzIiwiZXhwIjoxNzgxMDU0Mzg2LCJpYXQiOjE3ODEwMjU1ODcsImp0aSI6IjFiODZjMzBiMWQxOTQyODBiYzU3Mzg3NTdmMzUwYTIxIiwidXNlcl9pZCI6IjIifQ.p3k8VlzEh2H2Z9D6YKnLk_9Az9yxg1T5lSJ7348qVQM HTTP/1.1" 404 4566
WARNING 2026-06-09 20:48:15,183 Not Found: /ws/notifications/
WARNING 2026-06-09 20:48:15,185 "GET /ws/notifications/?token=eyJhbGciOiJIUzI1NiIsInR5cCI6IkpXVCJ9.eyJ0b2tlbl90eXBlIjoiYWNjZXNzIiwiZXhwIjoxNzgxMDU0Mzg2LCJpYXQiOjE3ODEwMjU1ODcsImp0aSI6IjFiODZjMzBiMWQxOTQyODBiYzU3Mzg3NTdmMzUwYTIxIiwidXNlcl9pZCI6IjIifQ.p3k8VlzEh2H2Z9D6YKnLk_9Az9yxg1T5lSJ7348qVQM HTTP/1.1" 404 4566
INFO 2026-06-09 20:48:18,304 "GET /api/products/ HTTP/1.1" 200 1085
INFO 2026-06-09 20:48:18,393 "GET /api/sales/ HTTP/1.1" 200 52
INFO 2026-06-09 20:48:18,418 "GET /api/inventory/purchase-orders/ HTTP/1.1" 200 52
INFO 2026-06-09 20:48:18,481 "GET /api/products/suppliers/ HTTP/1.1" 200 1014
INFO 2026-06-09 20:48:18,527 "GET /api/customers/ HTTP/1.1" 200 1217
INFO 2026-06-09 20:48:18,903 "GET /api/users/ HTTP/1.1" 200 5231
INFO 2026-06-09 20:48:18,930 "GET /api/notifications/notifications/?ordering=-created_at HTTP/1.1" 200 52
WARNING 2026-06-09 20:48:21,252 Not Found: /ws/notifications/
WARNING 2026-06-09 20:48:21,350 "GET /ws/notifications/?token=eyJhbGciOiJIUzI1NiIsInR5cCI6IkpXVCJ9.eyJ0b2tlbl90eXBlIjoiYWNjZXNzIiwiZXhwIjoxNzgxMDU0Mzg2LCJpYXQiOjE3ODEwMjU1ODcsImp0aSI6IjFiODZjMzBiMWQxOTQyODBiYzU3Mzg3NTdmMzUwYTIxIiwidXNlcl9pZCI6IjIifQ.p3k8VlzEh2H2Z9D6YKnLk_9Az9yxg1T5lSJ7348qVQM HTTP/1.1" 404 4566
WARNING 2026-06-09 20:48:27,223 Not Found: /ws/notifications/
WARNING 2026-06-09 20:48:27,228 "GET /ws/notifications/?token=eyJhbGciOiJIUzI1NiIsInR5cCI6IkpXVCJ9.eyJ0b2tlbl90eXBlIjoiYWNjZXNzIiwiZXhwIjoxNzgxMDU0Mzg2LCJpYXQiOjE3ODEwMjU1ODcsImp0aSI6IjFiODZjMzBiMWQxOTQyODBiYzU3Mzg3NTdmMzUwYTIxIiwidXNlcl9pZCI6IjIifQ.p3k8VlzEh2H2Z9D6YKnLk_9Az9yxg1T5lSJ7348qVQM HTTP/1.1" 404 4566
INFO 2026-06-09 20:48:32,371 "GET /api/notifications/notifications/?ordering=-created_at HTTP/1.1" 200 52
WARNING 2026-06-09 20:48:32,474 Not Found: /ws/notifications/
WARNING 2026-06-09 20:48:32,519 "GET /ws/notifications/?token=eyJhbGciOiJIUzI1NiIsInR5cCI6IkpXVCJ9.eyJ0b2tlbl90eXBlIjoiYWNjZXNzIiwiZXhwIjoxNzgxMDU0Mzg2LCJpYXQiOjE3ODEwMjU1ODcsImp0aSI6IjFiODZjMzBiMWQxOTQyODBiYzU3Mzg3NTdmMzUwYTIxIiwidXNlcl9pZCI6IjIifQ.p3k8VlzEh2H2Z9D6YKnLk_9Az9yxg1T5lSJ7348qVQM HTTP/1.1" 404 4566
INFO 2026-06-09 20:48:32,912 "GET /api/notifications/notifications/?ordering=-created_at HTTP/1.1" 200 52
WARNING 2026-06-09 20:48:39,006 Not Found: /ws/notifications/
WARNING 2026-06-09 20:48:39,058 "GET /ws/notifications/?token=eyJhbGciOiJIUzI1NiIsInR5cCI6IkpXVCJ9.eyJ0b2tlbl90eXBlIjoiYWNjZXNzIiwiZXhwIjoxNzgxMDU0Mzg2LCJpYXQiOjE3ODEwMjU1ODcsImp0aSI6IjFiODZjMzBiMWQxOTQyODBiYzU3Mzg3NTdmMzUwYTIxIiwidXNlcl9pZCI6IjIifQ.p3k8VlzEh2H2Z9D6YKnLk_9Az9yxg1T5lSJ7348qVQM HTTP/1.1" 404 4566
WARNING 2026-06-09 20:48:44,225 Not Found: /ws/notifications/
WARNING 2026-06-09 20:48:44,422 "GET /ws/notifications/?token=eyJhbGciOiJIUzI1NiIsInR5cCI6IkpXVCJ9.eyJ0b2tlbl90eXBlIjoiYWNjZXNzIiwiZXhwIjoxNzgxMDU0Mzg2LCJpYXQiOjE3ODEwMjU1ODcsImp0aSI6IjFiODZjMzBiMWQxOTQyODBiYzU3Mzg3NTdmMzUwYTIxIiwidXNlcl9pZCI6IjIifQ.p3k8VlzEh2H2Z9D6YKnLk_9Az9yxg1T5lSJ7348qVQM HTTP/1.1" 404 4566
INFO 2026-06-09 20:48:44,484 - Broken pipe from ('127.0.0.1', 59686)
INFO 2026-06-09 20:48:50,378 "GET /api/customers/ HTTP/1.1" 200 1217
INFO 2026-06-09 20:48:50,421 "GET /api/products/suppliers/ HTTP/1.1" 200 1014
INFO 2026-06-09 20:48:50,421 "GET /api/users/ HTTP/1.1" 200 5231
INFO 2026-06-09 20:48:50,425 "GET /api/sales/ HTTP/1.1" 200 52
INFO 2026-06-09 20:48:50,427 "GET /api/inventory/purchase-orders/ HTTP/1.1" 200 52
INFO 2026-06-09 20:48:50,435 "GET /api/products/ HTTP/1.1" 200 1085
INFO 2026-06-09 20:48:50,529 "GET /api/notifications/notifications/?ordering=-created_at HTTP/1.1" 200 52
WARNING 2026-06-09 20:48:50,611 Not Found: /ws/notifications/
WARNING 2026-06-09 20:48:51,545 "GET /ws/notifications/?token=eyJhbGciOiJIUzI1NiIsInR5cCI6IkpXVCJ9.eyJ0b2tlbl90eXBlIjoiYWNjZXNzIiwiZXhwIjoxNzgxMDU0Mzg2LCJpYXQiOjE3ODEwMjU1ODcsImp0aSI6IjFiODZjMzBiMWQxOTQyODBiYzU3Mzg3NTdmMzUwYTIxIiwidXNlcl9pZCI6IjIifQ.p3k8VlzEh2H2Z9D6YKnLk_9Az9yxg1T5lSJ7348qVQM HTTP/1.1" 404 4566
WARNING 2026-06-09 20:48:57,153 Not Found: /ws/notifications/
WARNING 2026-06-09 20:48:57,769 "GET /ws/notifications/?token=eyJhbGciOiJIUzI1NiIsInR5cCI6IkpXVCJ9.eyJ0b2tlbl90eXBlIjoiYWNjZXNzIiwiZXhwIjoxNzgxMDU0Mzg2LCJpYXQiOjE3ODEwMjU1ODcsImp0aSI6IjFiODZjMzBiMWQxOTQyODBiYzU3Mzg3NTdmMzUwYTIxIiwidXNlcl9pZCI6IjIifQ.p3k8VlzEh2H2Z9D6YKnLk_9Az9yxg1T5lSJ7348qVQM HTTP/1.1" 404 4566
INFO 2026-06-09 20:49:05,370 "GET /api/notifications/notifications/?ordering=-created_at HTTP/1.1" 200 52
WARNING 2026-06-09 20:49:06,047 Not Found: /ws/notifications/
WARNING 2026-06-09 20:49:06,051 "GET /ws/notifications/?token=eyJhbGciOiJIUzI1NiIsInR5cCI6IkpXVCJ9.eyJ0b2tlbl90eXBlIjoiYWNjZXNzIiwiZXhwIjoxNzgxMDU0Mzg2LCJpYXQiOjE3ODEwMjU1ODcsImp0aSI6IjFiODZjMzBiMWQxOTQyODBiYzU3Mzg3NTdmMzUwYTIxIiwidXNlcl9pZCI6IjIifQ.p3k8VlzEh2H2Z9D6YKnLk_9Az9yxg1T5lSJ7348qVQM HTTP/1.1" 404 4566
WARNING 2026-06-09 20:50:39,897 Not Found: /ws/notifications/
WARNING 2026-06-09 20:50:39,900 "GET /ws/notifications/?token=eyJhbGciOiJIUzI1NiIsInR5cCI6IkpXVCJ9.eyJ0b2tlbl90eXBlIjoiYWNjZXNzIiwiZXhwIjoxNzgxMDU0Mzg2LCJpYXQiOjE3ODEwMjU1ODcsImp0aSI6IjFiODZjMzBiMWQxOTQyODBiYzU3Mzg3NTdmMzUwYTIxIiwidXNlcl9pZCI6IjIifQ.p3k8VlzEh2H2Z9D6YKnLk_9Az9yxg1T5lSJ7348qVQM HTTP/1.1" 404 4566
INFO 2026-06-09 20:50:42,051 "GET /api/sales/ HTTP/1.1" 200 52
INFO 2026-06-09 20:50:42,141 "GET /api/inventory/purchase-orders/ HTTP/1.1" 200 52
INFO 2026-06-09 20:50:42,141 "GET /api/customers/ HTTP/1.1" 200 1217
INFO 2026-06-09 20:50:42,142 "GET /api/products/suppliers/ HTTP/1.1" 200 1014
INFO 2026-06-09 20:50:42,177 "GET /api/users/ HTTP/1.1" 200 5231
INFO 2026-06-09 20:50:42,178 "GET /api/products/ HTTP/1.1" 200 1085
INFO 2026-06-09 20:50:42,247 "GET /api/notifications/notifications/?ordering=-created_at HTTP/1.1" 200 52
INFO 2026-06-09 20:54:35,429 "GET /api/inventory/purchase-orders/ HTTP/1.1" 200 52
INFO 2026-06-09 20:54:35,445 "GET /api/sales/ HTTP/1.1" 200 52
INFO 2026-06-09 20:54:35,477 "GET /api/products/suppliers/ HTTP/1.1" 200 1014
INFO 2026-06-09 20:54:35,562 "GET /api/products/ HTTP/1.1" 200 1085
INFO 2026-06-09 20:54:35,593 "GET /api/users/ HTTP/1.1" 200 5231
INFO 2026-06-09 20:54:35,625 "GET /api/customers/ HTTP/1.1" 200 1217
WARNING 2026-06-09 20:54:38,043 Not Found: /ws/notifications/
WARNING 2026-06-09 20:54:38,056 "GET /ws/notifications/?token=eyJhbGciOiJIUzI1NiIsInR5cCI6IkpXVCJ9.eyJ0b2tlbl90eXBlIjoiYWNjZXNzIiwiZXhwIjoxNzgxMDU0Mzg2LCJpYXQiOjE3ODEwMjU1ODcsImp0aSI6IjFiODZjMzBiMWQxOTQyODBiYzU3Mzg3NTdmMzUwYTIxIiwidXNlcl9pZCI6IjIifQ.p3k8VlzEh2H2Z9D6YKnLk_9Az9yxg1T5lSJ7348qVQM HTTP/1.1" 404 4566
INFO 2026-06-09 20:54:38,263 "GET /api/notifications/notifications/?ordering=-created_at HTTP/1.1" 200 52
WARNING 2026-06-09 20:54:51,180 Not Found: /ws/notifications/
WARNING 2026-06-09 20:54:51,184 "GET /ws/notifications/?token=eyJhbGciOiJIUzI1NiIsInR5cCI6IkpXVCJ9.eyJ0b2tlbl90eXBlIjoiYWNjZXNzIiwiZXhwIjoxNzgxMDU0Mzg2LCJpYXQiOjE3ODEwMjU1ODcsImp0aSI6IjFiODZjMzBiMWQxOTQyODBiYzU3Mzg3NTdmMzUwYTIxIiwidXNlcl9pZCI6IjIifQ.p3k8VlzEh2H2Z9D6YKnLk_9Az9yxg1T5lSJ7348qVQM HTTP/1.1" 404 4566
INFO 2026-06-09 20:55:04,774 "GET /api/products/ HTTP/1.1" 200 1085
INFO 2026-06-09 20:55:07,335 "GET /api/sales/ HTTP/1.1" 200 52
INFO 2026-06-09 20:55:07,363 "GET /api/inventory/purchase-orders/ HTTP/1.1" 200 52
INFO 2026-06-09 20:55:07,515 "GET /api/products/suppliers/ HTTP/1.1" 200 1014
INFO 2026-06-09 20:55:09,473 "GET /api/customers/ HTTP/1.1" 200 1217
INFO 2026-06-09 20:55:09,474 "GET /api/users/ HTTP/1.1" 200 5231
INFO 2026-06-09 20:58:51,216 "GET /api/notifications/notifications/?ordering=-created_at HTTP/1.1" 200 52
WARNING 2026-06-09 20:58:53,416 Not Found: /ws/notifications/
WARNING 2026-06-09 20:58:53,489 "GET /ws/notifications/?token=eyJhbGciOiJIUzI1NiIsInR5cCI6IkpXVCJ9.eyJ0b2tlbl90eXBlIjoiYWNjZXNzIiwiZXhwIjoxNzgxMDU0Mzg2LCJpYXQiOjE3ODEwMjU1ODcsImp0aSI6IjFiODZjMzBiMWQxOTQyODBiYzU3Mzg3NTdmMzUwYTIxIiwidXNlcl9pZCI6IjIifQ.p3k8VlzEh2H2Z9D6YKnLk_9Az9yxg1T5lSJ7348qVQM HTTP/1.1" 404 4566
INFO 2026-06-09 20:59:39,330 "GET /api/products/ HTTP/1.1" 200 1085
INFO 2026-06-09 20:59:39,355 "GET /api/sales/ HTTP/1.1" 200 52
INFO 2026-06-09 20:59:39,398 "GET /api/inventory/purchase-orders/ HTTP/1.1" 200 52
INFO 2026-06-09 20:59:41,731 "GET /api/products/suppliers/ HTTP/1.1" 200 1014
INFO 2026-06-09 20:59:42,474 "GET /api/customers/ HTTP/1.1" 200 1217
INFO 2026-06-09 20:59:42,497 "GET /api/users/ HTTP/1.1" 200 5231
INFO 2026-06-09 20:59:44,033 C:\Users\hp\Desktop\POS Admin Dashboard UI\backend\backend\sales\serializers.py changed, reloading.
INFO 2026-06-09 21:00:08,352 Watching for file changes with StatReloader
INFO 2026-06-09 21:01:22,754 "GET /api/sales/ HTTP/1.1" 200 52
INFO 2026-06-09 21:01:22,809 "GET /api/inventory/purchase-orders/ HTTP/1.1" 200 52
INFO 2026-06-09 21:01:22,878 "GET /api/products/suppliers/ HTTP/1.1" 200 1014
INFO 2026-06-09 21:01:22,895 "GET /api/products/ HTTP/1.1" 200 1085
INFO 2026-06-09 21:01:22,920 "GET /api/customers/ HTTP/1.1" 200 1217
INFO 2026-06-09 21:01:22,945 "GET /api/users/ HTTP/1.1" 200 5231
INFO 2026-06-09 21:01:23,109 "GET /api/products/ HTTP/1.1" 200 1085
INFO 2026-06-09 21:01:25,666 "GET /api/sales/ HTTP/1.1" 200 52
INFO 2026-06-09 21:01:31,874 "GET /api/inventory/purchase-orders/ HTTP/1.1" 200 52
INFO 2026-06-09 21:01:33,144 "GET /api/customers/ HTTP/1.1" 200 1217
INFO 2026-06-09 21:01:33,280 "GET /api/users/ HTTP/1.1" 200 5231
INFO 2026-06-09 21:01:33,286 "GET /api/products/suppliers/ HTTP/1.1" 200 1014
INFO 2026-06-09 21:02:02,039 "GET /api/inventory/purchase-orders/ HTTP/1.1" 200 52
INFO 2026-06-09 21:02:02,040 "GET /api/sales/ HTTP/1.1" 200 52
INFO 2026-06-09 21:02:02,049 "GET /api/products/suppliers/ HTTP/1.1" 200 1014
INFO 2026-06-09 21:02:02,060 "GET /api/products/ HTTP/1.1" 200 1085
INFO 2026-06-09 21:02:02,147 "GET /api/customers/ HTTP/1.1" 200 1217
INFO 2026-06-09 21:02:02,175 "GET /api/users/ HTTP/1.1" 200 5231
INFO 2026-06-09 21:02:09,776 "GET /api/customers/ HTTP/1.1" 200 1217
INFO 2026-06-09 21:02:09,797 "GET /api/users/ HTTP/1.1" 200 5231
INFO 2026-06-09 21:02:09,881 "GET /api/sales/ HTTP/1.1" 200 52
INFO 2026-06-09 21:02:09,891 "GET /api/products/ HTTP/1.1" 200 1085
INFO 2026-06-09 21:02:09,969 "GET /api/customers/ HTTP/1.1" 200 1217
INFO 2026-06-09 21:02:09,991 "GET /api/inventory/purchase-orders/ HTTP/1.1" 200 52
INFO 2026-06-09 21:02:09,994 "GET /api/users/ HTTP/1.1" 200 5231
INFO 2026-06-09 21:02:10,058 "GET /api/products/ HTTP/1.1" 200 1085
INFO 2026-06-09 21:02:10,164 "GET /api/sales/ HTTP/1.1" 200 52
INFO 2026-06-09 21:02:10,264 "GET /api/products/suppliers/ HTTP/1.1" 200 1014
INFO 2026-06-09 21:02:10,465 "GET /api/inventory/purchase-orders/ HTTP/1.1" 200 52
INFO 2026-06-09 21:02:10,615 "GET /api/products/suppliers/ HTTP/1.1" 200 1014
INFO 2026-06-09 21:02:37,910 "GET /api/products/ HTTP/1.1" 200 1085
INFO 2026-06-09 21:02:37,947 "GET /api/sales/ HTTP/1.1" 200 52
INFO 2026-06-09 21:02:37,990 "GET /api/inventory/purchase-orders/ HTTP/1.1" 200 52
INFO 2026-06-09 21:02:38,027 "GET /api/products/suppliers/ HTTP/1.1" 200 1014
INFO 2026-06-09 21:02:39,324 "GET /api/customers/ HTTP/1.1" 200 1217
INFO 2026-06-09 21:02:43,690 "GET /api/users/ HTTP/1.1" 200 5231
INFO 2026-06-09 21:02:43,695 "GET /api/sales/ HTTP/1.1" 200 52
INFO 2026-06-09 21:02:43,704 "GET /api/products/ HTTP/1.1" 200 1085
INFO 2026-06-09 21:02:43,757 "GET /api/inventory/purchase-orders/ HTTP/1.1" 200 52
INFO 2026-06-09 21:02:43,797 "GET /api/products/suppliers/ HTTP/1.1" 200 1014
INFO 2026-06-09 21:02:43,838 "GET /api/customers/ HTTP/1.1" 200 1217
INFO 2026-06-09 21:02:45,221 "GET /api/users/ HTTP/1.1" 200 5231
INFO 2026-06-09 21:03:41,612 "GET /api/products/ HTTP/1.1" 200 1085
INFO 2026-06-09 21:03:41,728 "GET /api/sales/ HTTP/1.1" 200 52
INFO 2026-06-09 21:03:41,763 "GET /api/inventory/purchase-orders/ HTTP/1.1" 200 52
INFO 2026-06-09 21:03:44,374 "GET /api/products/suppliers/ HTTP/1.1" 200 1014
INFO 2026-06-09 21:03:44,459 "GET /api/customers/ HTTP/1.1" 200 1217
INFO 2026-06-09 21:03:45,224 "GET /api/users/ HTTP/1.1" 200 5231
INFO 2026-06-09 21:03:45,299 "GET /api/products/ HTTP/1.1" 200 1085
INFO 2026-06-09 21:03:48,160 "GET /api/sales/ HTTP/1.1" 200 52
INFO 2026-06-09 21:03:48,238 "GET /api/inventory/purchase-orders/ HTTP/1.1" 200 52
INFO 2026-06-09 21:03:48,287 "GET /api/customers/ HTTP/1.1" 200 1217
INFO 2026-06-09 21:03:48,288 "GET /api/products/suppliers/ HTTP/1.1" 200 1014
INFO 2026-06-09 21:03:48,324 "GET /api/users/ HTTP/1.1" 200 5231
INFO 2026-06-09 21:04:24,011 "GET /api/products/ HTTP/1.1" 200 1085
INFO 2026-06-09 21:04:24,058 "GET /api/sales/ HTTP/1.1" 200 52
INFO 2026-06-09 21:04:24,412 "GET /api/inventory/purchase-orders/ HTTP/1.1" 200 52
INFO 2026-06-09 21:04:25,678 "GET /api/products/suppliers/ HTTP/1.1" 200 1014
INFO 2026-06-09 21:04:25,716 "GET /api/customers/ HTTP/1.1" 200 1217
INFO 2026-06-09 21:04:25,746 "GET /api/users/ HTTP/1.1" 200 5231
INFO 2026-06-09 21:04:25,907 "GET /api/sales/ HTTP/1.1" 200 52
INFO 2026-06-09 21:04:25,913 "GET /api/products/suppliers/ HTTP/1.1" 200 1014
INFO 2026-06-09 21:04:25,911 "GET /api/inventory/purchase-orders/ HTTP/1.1" 200 52
INFO 2026-06-09 21:04:25,997 "GET /api/products/ HTTP/1.1" 200 1085
INFO 2026-06-09 21:04:26,024 "GET /api/customers/ HTTP/1.1" 200 1217
INFO 2026-06-09 21:04:26,106 "GET /api/users/ HTTP/1.1" 200 5231
INFO 2026-06-09 21:09:37,808 "GET /api/sales/ HTTP/1.1" 200 52
INFO 2026-06-09 21:09:38,045 "GET /api/inventory/purchase-orders/ HTTP/1.1" 200 52
INFO 2026-06-09 21:09:38,376 "GET /api/products/suppliers/ HTTP/1.1" 200 1014
INFO 2026-06-09 21:09:38,398 "GET /api/users/ HTTP/1.1" 200 5231
INFO 2026-06-09 21:09:38,582 "GET /api/sales/ HTTP/1.1" 200 52
INFO 2026-06-09 21:09:38,797 "GET /api/products/ HTTP/1.1" 200 1085
INFO 2026-06-09 21:09:38,797 "GET /api/customers/ HTTP/1.1" 200 1217
INFO 2026-06-09 21:09:38,811 "GET /api/inventory/purchase-orders/ HTTP/1.1" 200 52
INFO 2026-06-09 21:09:39,407 "GET /api/products/suppliers/ HTTP/1.1" 200 1014
INFO 2026-06-09 21:09:39,408 "GET /api/users/ HTTP/1.1" 200 5231
INFO 2026-06-09 21:09:39,466 "GET /api/customers/ HTTP/1.1" 200 1217
INFO 2026-06-09 21:09:39,467 "GET /api/products/ HTTP/1.1" 200 1085
INFO 2026-06-09 21:09:46,162 "GET /admin/products/product/ HTTP/1.1" 200 31064
INFO 2026-06-09 21:09:46,807 "GET /admin/jsi18n/ HTTP/1.1" 200 3342
INFO 2026-06-09 21:09:50,312 - Broken pipe from ('127.0.0.1', 55374)
INFO 2026-06-09 21:10:11,698 "GET /api/inventory/purchase-orders/ HTTP/1.1" 200 52
INFO 2026-06-09 21:10:11,713 "GET /api/customers/ HTTP/1.1" 200 1217
INFO 2026-06-09 21:10:11,714 "GET /api/products/ HTTP/1.1" 200 1085
INFO 2026-06-09 21:10:11,728 "GET /api/sales/ HTTP/1.1" 200 52
INFO 2026-06-09 21:10:11,730 "GET /api/products/suppliers/ HTTP/1.1" 200 1014
INFO 2026-06-09 21:10:11,757 "GET /api/users/ HTTP/1.1" 200 5231
INFO 2026-06-09 21:10:11,992 "GET /api/inventory/purchase-orders/ HTTP/1.1" 200 52
INFO 2026-06-09 21:10:12,341 "GET /api/products/ HTTP/1.1" 200 1085
INFO 2026-06-09 21:10:12,698 "GET /api/customers/ HTTP/1.1" 200 1217
INFO 2026-06-09 21:10:13,331 "GET /api/sales/ HTTP/1.1" 200 52
INFO 2026-06-09 21:10:13,689 "GET /api/products/suppliers/ HTTP/1.1" 200 1014
INFO 2026-06-09 21:10:14,012 "GET /api/users/ HTTP/1.1" 200 5231
INFO 2026-06-09 21:11:09,264 "GET /api/inventory/purchase-orders/ HTTP/1.1" 200 52
INFO 2026-06-09 21:11:09,533 "GET /api/sales/ HTTP/1.1" 200 52
INFO 2026-06-09 21:11:09,639 "GET /api/customers/ HTTP/1.1" 200 1217
INFO 2026-06-09 21:11:09,744 "GET /api/products/suppliers/ HTTP/1.1" 200 1014
INFO 2026-06-09 21:11:10,414 "GET /api/products/ HTTP/1.1" 200 1085
INFO 2026-06-09 21:11:10,542 "GET /api/inventory/purchase-orders/ HTTP/1.1" 200 52
INFO 2026-06-09 21:11:10,545 "GET /api/sales/ HTTP/1.1" 200 52
INFO 2026-06-09 21:11:10,546 "GET /api/users/ HTTP/1.1" 200 5231
INFO 2026-06-09 21:11:11,535 "GET /api/customers/ HTTP/1.1" 200 1217
INFO 2026-06-09 21:11:11,573 "GET /api/products/suppliers/ HTTP/1.1" 200 1014
INFO 2026-06-09 21:11:12,260 "GET /api/products/ HTTP/1.1" 200 1085
INFO 2026-06-09 21:11:12,264 "GET /api/users/ HTTP/1.1" 200 5231
INFO 2026-06-09 21:11:30,176 "GET /api/inventory/purchase-orders/ HTTP/1.1" 200 52
INFO 2026-06-09 21:11:30,176 "GET /api/users/ HTTP/1.1" 200 5231
INFO 2026-06-09 21:11:30,176 "GET /api/customers/ HTTP/1.1" 200 1217
INFO 2026-06-09 21:11:30,254 "GET /api/products/suppliers/ HTTP/1.1" 200 1014
INFO 2026-06-09 21:11:30,287 "GET /api/sales/ HTTP/1.1" 200 52
INFO 2026-06-09 21:11:30,338 "GET /api/products/ HTTP/1.1" 200 1085
INFO 2026-06-09 21:11:30,435 "GET /api/inventory/purchase-orders/ HTTP/1.1" 200 52
INFO 2026-06-09 21:11:30,438 "GET /api/sales/ HTTP/1.1" 200 52
INFO 2026-06-09 21:11:30,497 "GET /api/products/suppliers/ HTTP/1.1" 200 1014
INFO 2026-06-09 21:11:30,497 "GET /api/users/ HTTP/1.1" 200 5231
INFO 2026-06-09 21:11:30,543 "GET /api/customers/ HTTP/1.1" 200 1217
INFO 2026-06-09 21:11:30,561 "GET /api/products/ HTTP/1.1" 200 1085
INFO 2026-06-09 21:11:35,496 "GET /api/inventory/purchase-orders/ HTTP/1.1" 200 52
INFO 2026-06-09 21:11:35,497 "GET /api/users/ HTTP/1.1" 200 5231
INFO 2026-06-09 21:11:35,542 "GET /api/products/suppliers/ HTTP/1.1" 200 1014
INFO 2026-06-09 21:11:35,543 "GET /api/customers/ HTTP/1.1" 200 1217
INFO 2026-06-09 21:11:35,562 "GET /api/sales/ HTTP/1.1" 200 52
INFO 2026-06-09 21:11:36,186 "GET /api/products/ HTTP/1.1" 200 1085
INFO 2026-06-09 21:11:36,194 "GET /api/inventory/purchase-orders/ HTTP/1.1" 200 52
INFO 2026-06-09 21:11:36,194 "GET /api/users/ HTTP/1.1" 200 5231
INFO 2026-06-09 21:11:36,195 "GET /api/products/suppliers/ HTTP/1.1" 200 1014
INFO 2026-06-09 21:11:36,231 "GET /api/customers/ HTTP/1.1" 200 1217
INFO 2026-06-09 21:11:36,234 "GET /api/sales/ HTTP/1.1" 200 52
INFO 2026-06-09 21:11:36,385 "GET /api/products/ HTTP/1.1" 200 1085
INFO 2026-06-09 21:11:39,066 "GET /api/inventory/purchase-orders/ HTTP/1.1" 200 52
INFO 2026-06-09 21:11:39,067 "GET /api/sales/ HTTP/1.1" 200 52
INFO 2026-06-09 21:11:39,168 "GET /api/products/suppliers/ HTTP/1.1" 200 1014
INFO 2026-06-09 21:11:39,286 "GET /api/inventory/purchase-orders/ HTTP/1.1" 200 52
INFO 2026-06-09 21:11:39,290 "GET /api/customers/ HTTP/1.1" 200 1217
INFO 2026-06-09 21:11:39,290 "GET /api/users/ HTTP/1.1" 200 5231
INFO 2026-06-09 21:11:39,346 "GET /api/products/ HTTP/1.1" 200 1085
INFO 2026-06-09 21:11:39,408 "GET /api/sales/ HTTP/1.1" 200 52
INFO 2026-06-09 21:11:39,463 "GET /api/customers/ HTTP/1.1" 200 1217
INFO 2026-06-09 21:11:39,540 "GET /api/products/suppliers/ HTTP/1.1" 200 1014
INFO 2026-06-09 21:11:39,586 "GET /api/users/ HTTP/1.1" 200 5231
INFO 2026-06-09 21:11:39,614 "GET /api/products/ HTTP/1.1" 200 1085
INFO 2026-06-09 21:11:42,855 "GET /api/sales/ HTTP/1.1" 200 52
INFO 2026-06-09 21:11:42,857 "GET /api/products/suppliers/ HTTP/1.1" 200 1014
INFO 2026-06-09 21:11:42,916 "GET /api/inventory/purchase-orders/ HTTP/1.1" 200 52
INFO 2026-06-09 21:11:42,935 "GET /api/customers/ HTTP/1.1" 200 1217
INFO 2026-06-09 21:11:42,977 "GET /api/products/ HTTP/1.1" 200 1085
INFO 2026-06-09 21:11:43,410 "GET /api/users/ HTTP/1.1" 200 5231
INFO 2026-06-09 21:11:43,454 "GET /api/sales/ HTTP/1.1" 200 52
INFO 2026-06-09 21:11:43,553 "GET /api/inventory/purchase-orders/ HTTP/1.1" 200 52
INFO 2026-06-09 21:11:43,558 "GET /api/customers/ HTTP/1.1" 200 1217
INFO 2026-06-09 21:11:43,631 "GET /api/products/suppliers/ HTTP/1.1" 200 1014
INFO 2026-06-09 21:11:43,648 "GET /api/products/ HTTP/1.1" 200 1085
INFO 2026-06-09 21:11:43,931 "GET /api/users/ HTTP/1.1" 200 5231
INFO 2026-06-09 21:11:48,903 "GET /api/sales/ HTTP/1.1" 200 52
INFO 2026-06-09 21:11:49,048 "GET /api/inventory/purchase-orders/ HTTP/1.1" 200 52
INFO 2026-06-09 21:11:49,048 "GET /api/customers/ HTTP/1.1" 200 1217
INFO 2026-06-09 21:11:49,064 "GET /api/users/ HTTP/1.1" 200 5231
INFO 2026-06-09 21:11:49,086 "GET /api/products/suppliers/ HTTP/1.1" 200 1014
INFO 2026-06-09 21:11:49,200 "GET /api/products/ HTTP/1.1" 200 1085
INFO 2026-06-09 21:11:49,296 "GET /api/sales/ HTTP/1.1" 200 52
INFO 2026-06-09 21:11:49,314 "GET /api/inventory/purchase-orders/ HTTP/1.1" 200 52
INFO 2026-06-09 21:11:49,442 "GET /api/users/ HTTP/1.1" 200 5231
INFO 2026-06-09 21:11:49,467 "GET /api/customers/ HTTP/1.1" 200 1217
INFO 2026-06-09 21:11:49,467 "GET /api/products/ HTTP/1.1" 200 1085
INFO 2026-06-09 21:11:49,476 "GET /api/products/suppliers/ HTTP/1.1" 200 1014
INFO 2026-06-09 21:12:02,456 "GET /api/inventory/purchase-orders/ HTTP/1.1" 200 52
INFO 2026-06-09 21:12:02,728 "GET /api/customers/ HTTP/1.1" 200 1217
INFO 2026-06-09 21:12:02,784 "GET /api/users/ HTTP/1.1" 200 5231
INFO 2026-06-09 21:12:02,944 "GET /api/sales/ HTTP/1.1" 200 52
INFO 2026-06-09 21:12:02,946 "GET /api/inventory/purchase-orders/ HTTP/1.1" 200 52
INFO 2026-06-09 21:12:02,961 "GET /api/products/suppliers/ HTTP/1.1" 200 1014
INFO 2026-06-09 21:12:03,049 "GET /api/products/ HTTP/1.1" 200 1085
INFO 2026-06-09 21:12:03,100 "GET /api/sales/ HTTP/1.1" 200 52
INFO 2026-06-09 21:12:03,196 "GET /api/products/suppliers/ HTTP/1.1" 200 1014
INFO 2026-06-09 21:12:03,197 "GET /api/customers/ HTTP/1.1" 200 1217
INFO 2026-06-09 21:12:03,218 "GET /api/users/ HTTP/1.1" 200 5231
INFO 2026-06-09 21:12:03,256 "GET /api/products/ HTTP/1.1" 200 1085
INFO 2026-06-09 21:12:25,551 "GET /api/products/ HTTP/1.1" 200 1085
INFO 2026-06-09 21:12:25,591 "GET /api/sales/ HTTP/1.1" 200 52
INFO 2026-06-09 21:12:25,625 "GET /api/inventory/purchase-orders/ HTTP/1.1" 200 52
INFO 2026-06-09 21:12:25,657 "GET /api/products/suppliers/ HTTP/1.1" 200 1014
INFO 2026-06-09 21:12:25,710 "GET /api/customers/ HTTP/1.1" 200 1217
INFO 2026-06-09 21:12:25,750 "GET /api/users/ HTTP/1.1" 200 5231
INFO 2026-06-09 21:12:26,380 "GET /api/products/ HTTP/1.1" 200 1085
INFO 2026-06-09 21:12:28,289 "GET /api/sales/ HTTP/1.1" 200 52
INFO 2026-06-09 21:12:32,298 "GET /api/inventory/purchase-orders/ HTTP/1.1" 200 52
INFO 2026-06-09 21:12:35,087 "GET /api/products/suppliers/ HTTP/1.1" 200 1014
INFO 2026-06-09 21:12:35,094 "GET /api/customers/ HTTP/1.1" 200 1217
INFO 2026-06-09 21:12:35,106 "GET /api/users/ HTTP/1.1" 200 5231
INFO 2026-06-09 21:13:23,384 "GET /api/sales/ HTTP/1.1" 200 52
INFO 2026-06-09 21:13:23,425 "GET /api/inventory/purchase-orders/ HTTP/1.1" 200 52
INFO 2026-06-09 21:13:23,426 "GET /api/products/suppliers/ HTTP/1.1" 200 1014
INFO 2026-06-09 21:13:23,432 "GET /api/products/ HTTP/1.1" 200 1085
INFO 2026-06-09 21:13:26,459 "GET /api/inventory/purchase-orders/ HTTP/1.1" 200 52
INFO 2026-06-09 21:13:26,635 "GET /api/sales/ HTTP/1.1" 200 52
INFO 2026-06-09 21:13:26,635 "GET /api/customers/ HTTP/1.1" 200 1217
INFO 2026-06-09 21:13:26,816 "GET /api/users/ HTTP/1.1" 200 5231
INFO 2026-06-09 21:13:26,818 "GET /api/products/suppliers/ HTTP/1.1" 200 1014
INFO 2026-06-09 21:13:27,025 "GET /api/products/ HTTP/1.1" 200 1085
INFO 2026-06-09 21:13:27,034 "GET /api/customers/ HTTP/1.1" 200 1217
INFO 2026-06-09 21:13:28,615 "GET /api/users/ HTTP/1.1" 200 5231
INFO 2026-06-09 21:14:32,350 "GET /api/sales/ HTTP/1.1" 200 52
INFO 2026-06-09 21:14:32,351 "GET /api/inventory/purchase-orders/ HTTP/1.1" 200 52
INFO 2026-06-09 21:14:33,982 "GET /api/customers/ HTTP/1.1" 200 1217
INFO 2026-06-09 21:14:34,467 "GET /api/products/suppliers/ HTTP/1.1" 200 1014
INFO 2026-06-09 21:14:34,670 "GET /api/sales/ HTTP/1.1" 200 52
INFO 2026-06-09 21:14:35,183 "GET /api/users/ HTTP/1.1" 200 5231
INFO 2026-06-09 21:14:35,847 "GET /api/inventory/purchase-orders/ HTTP/1.1" 200 52
INFO 2026-06-09 21:14:36,502 "GET /api/products/suppliers/ HTTP/1.1" 200 1014
INFO 2026-06-09 21:14:36,618 "GET /api/products/ HTTP/1.1" 200 1085
INFO 2026-06-09 21:14:36,704 "GET /api/customers/ HTTP/1.1" 200 1217
INFO 2026-06-09 21:14:39,349 - Broken pipe from ('127.0.0.1', 57517)
INFO 2026-06-09 21:14:39,351 - Broken pipe from ('127.0.0.1', 57651)
INFO 2026-06-09 21:14:49,469 - Broken pipe from ('127.0.0.1', 60030)
INFO 2026-06-09 21:14:49,651 - Broken pipe from ('127.0.0.1', 58333)
INFO 2026-06-09 21:14:49,651 - Broken pipe from ('127.0.0.1', 52462)
INFO 2026-06-09 21:14:49,962 - Broken pipe from ('127.0.0.1', 61188)
INFO 2026-06-09 21:14:50,004 - Broken pipe from ('127.0.0.1', 53570)
INFO 2026-06-09 21:14:50,162 - Broken pipe from ('127.0.0.1', 54373)
INFO 2026-06-09 21:14:50,344 - Broken pipe from ('127.0.0.1', 49693)
INFO 2026-06-09 21:14:50,387 - Broken pipe from ('127.0.0.1', 64390)
INFO 2026-06-09 21:15:09,627 "GET /api/sales/ HTTP/1.1" 200 52
INFO 2026-06-09 21:15:09,717 "GET /api/products/ HTTP/1.1" 200 1085
INFO 2026-06-09 21:15:10,466 "GET /api/products/suppliers/ HTTP/1.1" 200 1014
INFO 2026-06-09 21:15:10,467 "GET /api/inventory/purchase-orders/ HTTP/1.1" 200 52
INFO 2026-06-09 21:15:11,340 "GET /api/sales/ HTTP/1.1" 200 52
INFO 2026-06-09 21:15:11,375 "GET /api/users/ HTTP/1.1" 200 5231
INFO 2026-06-09 21:15:11,433 "GET /api/customers/ HTTP/1.1" 200 1217
INFO 2026-06-09 21:15:11,568 "GET /api/inventory/purchase-orders/ HTTP/1.1" 200 52
INFO 2026-06-09 21:15:12,499 - Broken pipe from ('127.0.0.1', 64279)
INFO 2026-06-09 21:15:12,641 - Broken pipe from ('127.0.0.1', 60096)
INFO 2026-06-09 21:15:12,894 - Broken pipe from ('127.0.0.1', 63490)
INFO 2026-06-09 21:15:12,903 - Broken pipe from ('127.0.0.1', 60785)
INFO 2026-06-09 21:15:31,794 "GET /api/products/ HTTP/1.1" 200 1085
INFO 2026-06-09 21:15:31,915 "GET /api/products/suppliers/ HTTP/1.1" 200 1014
INFO 2026-06-09 21:15:31,967 "GET /api/customers/ HTTP/1.1" 200 1217
INFO 2026-06-09 21:15:32,076 "GET /api/users/ HTTP/1.1" 200 5231
INFO 2026-06-09 21:15:32,117 "GET /api/sales/ HTTP/1.1" 200 52
INFO 2026-06-09 21:15:32,204 "GET /api/inventory/purchase-orders/ HTTP/1.1" 200 52
INFO 2026-06-09 21:15:36,393 "GET /api/sales/ HTTP/1.1" 200 52
INFO 2026-06-09 21:15:36,478 "GET /api/customers/ HTTP/1.1" 200 1217
INFO 2026-06-09 21:15:36,509 "GET /api/inventory/purchase-orders/ HTTP/1.1" 200 52
INFO 2026-06-09 21:15:36,602 "GET /api/products/suppliers/ HTTP/1.1" 200 1014
INFO 2026-06-09 21:15:37,315 "GET /api/users/ HTTP/1.1" 200 5231
INFO 2026-06-09 21:15:37,317 "GET /api/products/ HTTP/1.1" 200 1085
INFO 2026-06-09 21:16:03,749 "GET /api/inventory/purchase-orders/ HTTP/1.1" 200 52
INFO 2026-06-09 21:16:03,768 "GET /api/sales/ HTTP/1.1" 200 52
INFO 2026-06-09 21:16:03,768 "GET /api/products/suppliers/ HTTP/1.1" 200 1014
INFO 2026-06-09 21:16:03,781 "GET /api/products/ HTTP/1.1" 200 1085
INFO 2026-06-09 21:16:03,818 "GET /api/customers/ HTTP/1.1" 200 1217
INFO 2026-06-09 21:16:05,802 "GET /api/sales/ HTTP/1.1" 200 52
INFO 2026-06-09 21:16:05,868 "GET /api/products/suppliers/ HTTP/1.1" 200 1014
INFO 2026-06-09 21:16:05,886 "GET /api/users/ HTTP/1.1" 200 5231
INFO 2026-06-09 21:16:05,879 "GET /api/customers/ HTTP/1.1" 200 1217
INFO 2026-06-09 21:16:05,887 "GET /api/inventory/purchase-orders/ HTTP/1.1" 200 52
INFO 2026-06-09 21:16:05,898 "GET /api/products/ HTTP/1.1" 200 1085
INFO 2026-06-09 21:16:07,480 "GET /api/users/ HTTP/1.1" 200 5231
INFO 2026-06-09 21:18:25,520 "GET /api/sales/ HTTP/1.1" 200 52
INFO 2026-06-09 21:18:25,521 "GET /api/products/suppliers/ HTTP/1.1" 200 1014
INFO 2026-06-09 21:18:25,551 "GET /api/inventory/purchase-orders/ HTTP/1.1" 200 52
INFO 2026-06-09 21:18:25,610 "GET /api/customers/ HTTP/1.1" 200 1217
INFO 2026-06-09 21:18:25,669 "GET /api/products/ HTTP/1.1" 200 1085
INFO 2026-06-09 21:18:25,861 "GET /api/users/ HTTP/1.1" 200 5231
INFO 2026-06-09 21:18:26,112 "GET /api/inventory/purchase-orders/ HTTP/1.1" 200 52
INFO 2026-06-09 21:18:26,175 "GET /api/products/suppliers/ HTTP/1.1" 200 1014
INFO 2026-06-09 21:18:26,177 "GET /api/sales/ HTTP/1.1" 200 52
INFO 2026-06-09 21:18:26,209 "GET /api/customers/ HTTP/1.1" 200 1217
INFO 2026-06-09 21:18:26,378 "GET /api/users/ HTTP/1.1" 200 5231
INFO 2026-06-09 21:18:26,404 "GET /api/products/ HTTP/1.1" 200 1085
INFO 2026-06-09 21:18:36,565 "GET /api/sales/ HTTP/1.1" 200 52
INFO 2026-06-09 21:18:36,687 "GET /api/inventory/purchase-orders/ HTTP/1.1" 200 52
INFO 2026-06-09 21:18:36,699 "GET /api/users/ HTTP/1.1" 200 5231
INFO 2026-06-09 21:18:36,798 "GET /api/products/suppliers/ HTTP/1.1" 200 1014
INFO 2026-06-09 21:18:36,927 "GET /api/customers/ HTTP/1.1" 200 1217
INFO 2026-06-09 21:18:37,168 "GET /api/sales/ HTTP/1.1" 200 52
INFO 2026-06-09 21:18:37,169 "GET /api/products/ HTTP/1.1" 200 1085
INFO 2026-06-09 21:18:37,377 "GET /api/inventory/purchase-orders/ HTTP/1.1" 200 52
INFO 2026-06-09 21:18:37,560 "GET /api/users/ HTTP/1.1" 200 5231
INFO 2026-06-09 21:18:37,597 "GET /api/products/suppliers/ HTTP/1.1" 200 1014
INFO 2026-06-09 21:18:37,638 "GET /api/customers/ HTTP/1.1" 200 1217
INFO 2026-06-09 21:18:37,788 "GET /api/products/ HTTP/1.1" 200 1085
INFO 2026-06-09 21:18:45,341 "GET /api/customers/ HTTP/1.1" 200 1217
INFO 2026-06-09 21:18:45,396 "GET /api/inventory/purchase-orders/ HTTP/1.1" 200 52
INFO 2026-06-09 21:18:45,449 "GET /api/products/ HTTP/1.1" 200 1085
INFO 2026-06-09 21:18:45,533 "GET /api/users/ HTTP/1.1" 200 5231
INFO 2026-06-09 21:18:45,597 "GET /api/products/suppliers/ HTTP/1.1" 200 1014
INFO 2026-06-09 21:18:45,614 "GET /api/sales/ HTTP/1.1" 200 52
INFO 2026-06-09 21:18:46,581 "GET /api/customers/ HTTP/1.1" 200 1217
INFO 2026-06-09 21:18:47,063 - Broken pipe from ('127.0.0.1', 62043)
INFO 2026-06-09 21:18:47,765 - Broken pipe from ('127.0.0.1', 50338)
INFO 2026-06-09 21:18:47,778 - Broken pipe from ('127.0.0.1', 60447)
INFO 2026-06-09 21:18:47,765 - Broken pipe from ('127.0.0.1', 62535)
INFO 2026-06-09 21:18:47,799 - Broken pipe from ('127.0.0.1', 55787)
INFO 2026-06-09 21:19:37,204 "GET /api/inventory/purchase-orders/ HTTP/1.1" 200 52
INFO 2026-06-09 21:19:37,229 "GET /api/sales/ HTTP/1.1" 200 52
INFO 2026-06-09 21:19:37,897 "GET /api/products/suppliers/ HTTP/1.1" 200 1014
INFO 2026-06-09 21:19:38,083 "GET /api/products/ HTTP/1.1" 200 1085
INFO 2026-06-09 21:19:38,084 "GET /api/users/ HTTP/1.1" 200 5231
INFO 2026-06-09 21:19:38,607 "GET /api/inventory/purchase-orders/ HTTP/1.1" 200 52
INFO 2026-06-09 21:19:38,611 "GET /api/customers/ HTTP/1.1" 200 1217
INFO 2026-06-09 21:19:39,090 "GET /api/sales/ HTTP/1.1" 200 52
INFO 2026-06-09 21:19:39,398 "GET /api/products/ HTTP/1.1" 200 1085
INFO 2026-06-09 21:19:40,947 "GET /api/products/suppliers/ HTTP/1.1" 200 1014
INFO 2026-06-09 21:19:40,949 "GET /api/users/ HTTP/1.1" 200 5231
INFO 2026-06-09 21:19:41,218 "GET /api/customers/ HTTP/1.1" 200 1217
INFO 2026-06-09 21:19:47,650 "GET /api/sales/ HTTP/1.1" 200 52
INFO 2026-06-09 21:19:48,064 "GET /api/products/suppliers/ HTTP/1.1" 200 1014
INFO 2026-06-09 21:19:48,171 "GET /api/inventory/purchase-orders/ HTTP/1.1" 200 52
INFO 2026-06-09 21:19:48,313 "GET /api/products/ HTTP/1.1" 200 1085
INFO 2026-06-09 21:19:48,312 "GET /api/customers/ HTTP/1.1" 200 1217
INFO 2026-06-09 21:19:48,332 "GET /api/users/ HTTP/1.1" 200 5231
INFO 2026-06-09 21:19:48,492 "GET /api/sales/ HTTP/1.1" 200 52
INFO 2026-06-09 21:19:48,511 "GET /api/inventory/purchase-orders/ HTTP/1.1" 200 52
INFO 2026-06-09 21:19:48,512 "GET /api/products/suppliers/ HTTP/1.1" 200 1014
INFO 2026-06-09 21:19:48,582 "GET /api/customers/ HTTP/1.1" 200 1217
INFO 2026-06-09 21:19:48,667 "GET /api/products/ HTTP/1.1" 200 1085
INFO 2026-06-09 21:19:48,668 "GET /api/users/ HTTP/1.1" 200 5231
INFO 2026-06-09 21:19:54,468 "GET /api/inventory/purchase-orders/ HTTP/1.1" 200 52
INFO 2026-06-09 21:19:54,580 "GET /api/products/suppliers/ HTTP/1.1" 200 1014
INFO 2026-06-09 21:19:54,584 "GET /api/sales/ HTTP/1.1" 200 52
INFO 2026-06-09 21:19:54,622 "GET /api/customers/ HTTP/1.1" 200 1217
INFO 2026-06-09 21:19:54,746 "GET /api/products/ HTTP/1.1" 200 1085
INFO 2026-06-09 21:19:54,830 "GET /api/users/ HTTP/1.1" 200 5231
INFO 2026-06-09 21:19:54,881 "GET /api/inventory/purchase-orders/ HTTP/1.1" 200 52
INFO 2026-06-09 21:19:54,971 "GET /api/sales/ HTTP/1.1" 200 52
INFO 2026-06-09 21:19:54,972 "GET /api/products/suppliers/ HTTP/1.1" 200 1014
INFO 2026-06-09 21:19:55,043 "GET /api/customers/ HTTP/1.1" 200 1217
INFO 2026-06-09 21:19:55,080 "GET /api/products/ HTTP/1.1" 200 1085
INFO 2026-06-09 21:19:55,082 "GET /api/users/ HTTP/1.1" 200 5231
INFO 2026-06-09 21:19:59,031 "GET /api/sales/ HTTP/1.1" 200 52
INFO 2026-06-09 21:19:59,043 "GET /api/inventory/purchase-orders/ HTTP/1.1" 200 52
INFO 2026-06-09 21:19:59,095 "GET /api/products/suppliers/ HTTP/1.1" 200 1014
INFO 2026-06-09 21:19:59,197 "GET /api/customers/ HTTP/1.1" 200 1217
INFO 2026-06-09 21:19:59,529 "GET /api/users/ HTTP/1.1" 200 5231
INFO 2026-06-09 21:19:59,621 "GET /api/sales/ HTTP/1.1" 200 52
INFO 2026-06-09 21:19:59,634 "GET /api/inventory/purchase-orders/ HTTP/1.1" 200 52
INFO 2026-06-09 21:19:59,650 "GET /api/products/ HTTP/1.1" 200 1085
INFO 2026-06-09 21:19:59,730 "GET /api/products/suppliers/ HTTP/1.1" 200 1014
INFO 2026-06-09 21:19:59,770 "GET /api/customers/ HTTP/1.1" 200 1217
INFO 2026-06-09 21:19:59,920 "GET /api/users/ HTTP/1.1" 200 5231
INFO 2026-06-09 21:19:59,921 "GET /api/products/ HTTP/1.1" 200 1085
INFO 2026-06-09 21:20:26,065 "GET /api/inventory/purchase-orders/ HTTP/1.1" 200 52
INFO 2026-06-09 21:20:26,066 "GET /api/users/ HTTP/1.1" 200 5231
INFO 2026-06-09 21:20:26,083 "GET /api/sales/ HTTP/1.1" 200 52
INFO 2026-06-09 21:20:26,403 "GET /api/products/suppliers/ HTTP/1.1" 200 1014
INFO 2026-06-09 21:20:26,404 "GET /api/products/ HTTP/1.1" 200 1085
INFO 2026-06-09 21:20:26,521 "GET /api/customers/ HTTP/1.1" 200 1217
INFO 2026-06-09 21:20:26,702 "GET /api/inventory/purchase-orders/ HTTP/1.1" 200 52
INFO 2026-06-09 21:20:27,181 "GET /api/sales/ HTTP/1.1" 200 52
INFO 2026-06-09 21:20:27,183 "GET /api/products/suppliers/ HTTP/1.1" 200 1014
INFO 2026-06-09 21:20:27,352 "GET /api/users/ HTTP/1.1" 200 5231
INFO 2026-06-09 21:20:27,366 "GET /api/customers/ HTTP/1.1" 200 1217
INFO 2026-06-09 21:20:27,480 "GET /api/products/ HTTP/1.1" 200 1085
INFO 2026-06-09 21:20:33,752 "GET /api/inventory/purchase-orders/ HTTP/1.1" 200 52
INFO 2026-06-09 21:20:33,895 "GET /api/customers/ HTTP/1.1" 200 1217
INFO 2026-06-09 21:20:33,912 "GET /api/sales/ HTTP/1.1" 200 52
INFO 2026-06-09 21:20:33,931 "GET /api/users/ HTTP/1.1" 200 5231
INFO 2026-06-09 21:20:34,121 "GET /api/products/ HTTP/1.1" 200 1085
INFO 2026-06-09 21:20:34,235 "GET /api/products/suppliers/ HTTP/1.1" 200 1014
INFO 2026-06-09 21:20:34,248 "GET /api/inventory/purchase-orders/ HTTP/1.1" 200 52
INFO 2026-06-09 21:20:34,329 "GET /api/sales/ HTTP/1.1" 200 52
INFO 2026-06-09 21:20:34,527 "GET /api/customers/ HTTP/1.1" 200 1217
INFO 2026-06-09 21:20:34,567 "GET /api/products/ HTTP/1.1" 200 1085
INFO 2026-06-09 21:20:34,575 "GET /api/products/suppliers/ HTTP/1.1" 200 1014
INFO 2026-06-09 21:20:34,620 "GET /api/users/ HTTP/1.1" 200 5231
INFO 2026-06-09 21:20:41,293 "GET /api/inventory/purchase-orders/ HTTP/1.1" 200 52
INFO 2026-06-09 21:20:41,744 "GET /api/customers/ HTTP/1.1" 200 1217
INFO 2026-06-09 21:20:41,817 "GET /api/products/ HTTP/1.1" 200 1085
INFO 2026-06-09 21:20:41,872 "GET /api/products/suppliers/ HTTP/1.1" 200 1014
INFO 2026-06-09 21:20:41,838 "GET /api/sales/ HTTP/1.1" 200 52
INFO 2026-06-09 21:20:42,145 "GET /api/inventory/purchase-orders/ HTTP/1.1" 200 52
INFO 2026-06-09 21:20:42,449 "GET /api/users/ HTTP/1.1" 200 5231
INFO 2026-06-09 21:20:42,549 "GET /api/customers/ HTTP/1.1" 200 1217
INFO 2026-06-09 21:20:42,849 "GET /api/products/suppliers/ HTTP/1.1" 200 1014
INFO 2026-06-09 21:20:42,994 "GET /api/sales/ HTTP/1.1" 200 52
INFO 2026-06-09 21:20:43,149 "GET /api/users/ HTTP/1.1" 200 5231
INFO 2026-06-09 21:20:43,149 "GET /api/products/ HTTP/1.1" 200 1085
INFO 2026-06-09 21:21:11,369 "GET /api/sales/ HTTP/1.1" 200 52
INFO 2026-06-09 21:21:11,527 "GET /api/inventory/purchase-orders/ HTTP/1.1" 200 52
INFO 2026-06-09 21:21:11,837 "GET /api/customers/ HTTP/1.1" 200 1217
INFO 2026-06-09 21:21:11,913 "GET /api/products/ HTTP/1.1" 200 1085
INFO 2026-06-09 21:21:12,003 "GET /api/products/suppliers/ HTTP/1.1" 200 1014
INFO 2026-06-09 21:21:12,200 "GET /api/users/ HTTP/1.1" 200 5231
INFO 2026-06-09 21:21:12,529 "GET /api/sales/ HTTP/1.1" 200 52
INFO 2026-06-09 21:21:12,882 "GET /api/customers/ HTTP/1.1" 200 1217
INFO 2026-06-09 21:21:12,884 "GET /api/inventory/purchase-orders/ HTTP/1.1" 200 52
INFO 2026-06-09 21:21:12,969 "GET /api/products/suppliers/ HTTP/1.1" 200 1014
INFO 2026-06-09 21:21:13,037 "GET /api/products/ HTTP/1.1" 200 1085
INFO 2026-06-09 21:21:13,479 "GET /api/users/ HTTP/1.1" 200 5231
INFO 2026-06-09 21:29:41,121 "OPTIONS /api/users/ HTTP/1.1" 200 0
INFO 2026-06-09 21:29:46,941 "POST /api/users/ HTTP/1.1" 201 703
INFO 2026-06-09 21:29:56,587 "OPTIONS /api/users/login/ HTTP/1.1" 200 0
INFO 2026-06-09 21:30:04,940 "POST /api/users/login/ HTTP/1.1" 200 1413
INFO 2026-06-09 21:30:04,951 "OPTIONS /api/products/ HTTP/1.1" 200 0
INFO 2026-06-09 21:30:04,961 "OPTIONS /api/products/suppliers/ HTTP/1.1" 200 0
INFO 2026-06-09 21:30:04,978 "OPTIONS /api/sales/ HTTP/1.1" 200 0
INFO 2026-06-09 21:30:04,980 "OPTIONS /api/inventory/purchase-orders/ HTTP/1.1" 200 0
INFO 2026-06-09 21:30:05,009 "OPTIONS /api/customers/ HTTP/1.1" 200 0
INFO 2026-06-09 21:30:05,274 "GET /api/inventory/purchase-orders/ HTTP/1.1" 200 52
INFO 2026-06-09 21:30:05,374 "GET /api/customers/ HTTP/1.1" 200 1217
INFO 2026-06-09 21:30:05,410 "GET /api/sales/ HTTP/1.1" 200 52
WARNING 2026-06-09 21:30:05,449 Not Found: /ws/notifications/
WARNING 2026-06-09 21:30:05,473 Not Found: /ws/notifications/
INFO 2026-06-09 21:30:05,503 - Broken pipe from ('127.0.0.1', 63573)
INFO 2026-06-09 21:30:05,504 "GET /api/products/suppliers/ HTTP/1.1" 200 1014
INFO 2026-06-09 21:30:05,520 "OPTIONS /api/notifications/notifications/?ordering=-created_at HTTP/1.1" 200 0
INFO 2026-06-09 21:30:05,524 "GET /api/products/ HTTP/1.1" 200 1085
WARNING 2026-06-09 21:30:05,529 "GET /ws/notifications/?token=eyJhbGciOiJIUzI1NiIsInR5cCI6IkpXVCJ9.eyJ0b2tlbl90eXBlIjoiYWNjZXNzIiwiZXhwIjoxNzgxMDU4NjA0LCJpYXQiOjE3ODEwMjk4MDQsImp0aSI6ImM3MjQ2MTg2ODAwYTRlMGU4NDdlZGQ5ZjkwZjU5OGJiIiwidXNlcl9pZCI6IjkifQ.wlsPu05Ckv6fYNOSyY6yVp7KFZsurz_J1aaS2fmPUvk HTTP/1.1" 404 4566
INFO 2026-06-09 21:30:05,531 "OPTIONS /api/notifications/notifications/?ordering=-created_at HTTP/1.1" 200 0
INFO 2026-06-09 21:30:05,537 "GET /api/users/ HTTP/1.1" 200 5968
INFO 2026-06-09 21:30:05,858 "GET /api/notifications/notifications/?ordering=-created_at HTTP/1.1" 200 52
INFO 2026-06-09 21:30:05,959 "GET /api/notifications/notifications/?ordering=-created_at HTTP/1.1" 200 52
WARNING 2026-06-09 21:30:10,592 Not Found: /ws/notifications/
WARNING 2026-06-09 21:30:10,602 "GET /ws/notifications/?token=eyJhbGciOiJIUzI1NiIsInR5cCI6IkpXVCJ9.eyJ0b2tlbl90eXBlIjoiYWNjZXNzIiwiZXhwIjoxNzgxMDU4NjA0LCJpYXQiOjE3ODEwMjk4MDQsImp0aSI6ImM3MjQ2MTg2ODAwYTRlMGU4NDdlZGQ5ZjkwZjU5OGJiIiwidXNlcl9pZCI6IjkifQ.wlsPu05Ckv6fYNOSyY6yVp7KFZsurz_J1aaS2fmPUvk HTTP/1.1" 404 4566
INFO 2026-06-09 21:30:10,604 - Broken pipe from ('127.0.0.1', 64170)
WARNING 2026-06-09 21:30:15,689 Not Found: /ws/notifications/
WARNING 2026-06-09 21:30:15,691 "GET /ws/notifications/?token=eyJhbGciOiJIUzI1NiIsInR5cCI6IkpXVCJ9.eyJ0b2tlbl90eXBlIjoiYWNjZXNzIiwiZXhwIjoxNzgxMDU4NjA0LCJpYXQiOjE3ODEwMjk4MDQsImp0aSI6ImM3MjQ2MTg2ODAwYTRlMGU4NDdlZGQ5ZjkwZjU5OGJiIiwidXNlcl9pZCI6IjkifQ.wlsPu05Ckv6fYNOSyY6yVp7KFZsurz_J1aaS2fmPUvk HTTP/1.1" 404 4566
INFO 2026-06-09 21:30:20,132 "GET /api/notifications/notifications/?ordering=-created_at HTTP/1.1" 200 52
WARNING 2026-06-09 21:30:21,381 Not Found: /ws/notifications/
WARNING 2026-06-09 21:30:21,384 "GET /ws/notifications/?token=eyJhbGciOiJIUzI1NiIsInR5cCI6IkpXVCJ9.eyJ0b2tlbl90eXBlIjoiYWNjZXNzIiwiZXhwIjoxNzgxMDU4NjA0LCJpYXQiOjE3ODEwMjk4MDQsImp0aSI6ImM3MjQ2MTg2ODAwYTRlMGU4NDdlZGQ5ZjkwZjU5OGJiIiwidXNlcl9pZCI6IjkifQ.wlsPu05Ckv6fYNOSyY6yVp7KFZsurz_J1aaS2fmPUvk HTTP/1.1" 404 4566
INFO 2026-06-09 21:30:21,386 - Broken pipe from ('127.0.0.1', 61782)
WARNING 2026-06-09 21:30:26,439 Not Found: /ws/notifications/
WARNING 2026-06-09 21:30:26,443 "GET /ws/notifications/?token=eyJhbGciOiJIUzI1NiIsInR5cCI6IkpXVCJ9.eyJ0b2tlbl90eXBlIjoiYWNjZXNzIiwiZXhwIjoxNzgxMDU4NjA0LCJpYXQiOjE3ODEwMjk4MDQsImp0aSI6ImM3MjQ2MTg2ODAwYTRlMGU4NDdlZGQ5ZjkwZjU5OGJiIiwidXNlcl9pZCI6IjkifQ.wlsPu05Ckv6fYNOSyY6yVp7KFZsurz_J1aaS2fmPUvk HTTP/1.1" 404 4566
WARNING 2026-06-09 21:30:31,836 Not Found: /ws/notifications/
WARNING 2026-06-09 21:30:32,038 "GET /ws/notifications/?token=eyJhbGciOiJIUzI1NiIsInR5cCI6IkpXVCJ9.eyJ0b2tlbl90eXBlIjoiYWNjZXNzIiwiZXhwIjoxNzgxMDU4NjA0LCJpYXQiOjE3ODEwMjk4MDQsImp0aSI6ImM3MjQ2MTg2ODAwYTRlMGU4NDdlZGQ5ZjkwZjU5OGJiIiwidXNlcl9pZCI6IjkifQ.wlsPu05Ckv6fYNOSyY6yVp7KFZsurz_J1aaS2fmPUvk HTTP/1.1" 404 4566
INFO 2026-06-09 21:30:32,176 - Broken pipe from ('127.0.0.1', 64346)
INFO 2026-06-09 21:30:35,153 "GET /api/notifications/notifications/?ordering=-created_at HTTP/1.1" 200 52
INFO 2026-06-09 21:30:35,811 "GET /api/sales/ HTTP/1.1" 200 52
INFO 2026-06-09 21:30:36,485 "GET /api/inventory/purchase-orders/ HTTP/1.1" 200 52
INFO 2026-06-09 21:30:36,494 "GET /api/products/suppliers/ HTTP/1.1" 200 1014
INFO 2026-06-09 21:30:36,499 "GET /api/products/ HTTP/1.1" 200 1085
INFO 2026-06-09 21:30:36,507 "GET /api/customers/ HTTP/1.1" 200 1217
INFO 2026-06-09 21:30:36,512 "GET /api/users/ HTTP/1.1" 200 5968
WARNING 2026-06-09 21:30:37,151 Not Found: /ws/notifications/
WARNING 2026-06-09 21:30:37,331 "GET /ws/notifications/?token=eyJhbGciOiJIUzI1NiIsInR5cCI6IkpXVCJ9.eyJ0b2tlbl90eXBlIjoiYWNjZXNzIiwiZXhwIjoxNzgxMDU4NjA0LCJpYXQiOjE3ODEwMjk4MDQsImp0aSI6ImM3MjQ2MTg2ODAwYTRlMGU4NDdlZGQ5ZjkwZjU5OGJiIiwidXNlcl9pZCI6IjkifQ.wlsPu05Ckv6fYNOSyY6yVp7KFZsurz_J1aaS2fmPUvk HTTP/1.1" 404 4566
WARNING 2026-06-09 21:30:42,554 Not Found: /ws/notifications/
WARNING 2026-06-09 21:30:43,027 "GET /ws/notifications/?token=eyJhbGciOiJIUzI1NiIsInR5cCI6IkpXVCJ9.eyJ0b2tlbl90eXBlIjoiYWNjZXNzIiwiZXhwIjoxNzgxMDU4NjA0LCJpYXQiOjE3ODEwMjk4MDQsImp0aSI6ImM3MjQ2MTg2ODAwYTRlMGU4NDdlZGQ5ZjkwZjU5OGJiIiwidXNlcl9pZCI6IjkifQ.wlsPu05Ckv6fYNOSyY6yVp7KFZsurz_J1aaS2fmPUvk HTTP/1.1" 404 4566
INFO 2026-06-09 21:30:43,205 - Broken pipe from ('127.0.0.1', 56040)
WARNING 2026-06-09 21:30:48,339 Not Found: /ws/notifications/
WARNING 2026-06-09 21:30:48,345 "GET /ws/notifications/?token=eyJhbGciOiJIUzI1NiIsInR5cCI6IkpXVCJ9.eyJ0b2tlbl90eXBlIjoiYWNjZXNzIiwiZXhwIjoxNzgxMDU4NjA0LCJpYXQiOjE3ODEwMjk4MDQsImp0aSI6ImM3MjQ2MTg2ODAwYTRlMGU4NDdlZGQ5ZjkwZjU5OGJiIiwidXNlcl9pZCI6IjkifQ.wlsPu05Ckv6fYNOSyY6yVp7KFZsurz_J1aaS2fmPUvk HTTP/1.1" 404 4566
INFO 2026-06-09 21:30:48,348 - Broken pipe from ('127.0.0.1', 59271)
INFO 2026-06-09 21:30:50,243 "GET /api/notifications/notifications/?ordering=-created_at HTTP/1.1" 200 52
WARNING 2026-06-09 21:30:53,378 Not Found: /ws/notifications/
WARNING 2026-06-09 21:30:53,380 "GET /ws/notifications/?token=eyJhbGciOiJIUzI1NiIsInR5cCI6IkpXVCJ9.eyJ0b2tlbl90eXBlIjoiYWNjZXNzIiwiZXhwIjoxNzgxMDU4NjA0LCJpYXQiOjE3ODEwMjk4MDQsImp0aSI6ImM3MjQ2MTg2ODAwYTRlMGU4NDdlZGQ5ZjkwZjU5OGJiIiwidXNlcl9pZCI6IjkifQ.wlsPu05Ckv6fYNOSyY6yVp7KFZsurz_J1aaS2fmPUvk HTTP/1.1" 404 4566
WARNING 2026-06-09 21:30:58,414 Not Found: /ws/notifications/
WARNING 2026-06-09 21:30:58,415 "GET /ws/notifications/?token=eyJhbGciOiJIUzI1NiIsInR5cCI6IkpXVCJ9.eyJ0b2tlbl90eXBlIjoiYWNjZXNzIiwiZXhwIjoxNzgxMDU4NjA0LCJpYXQiOjE3ODEwMjk4MDQsImp0aSI6ImM3MjQ2MTg2ODAwYTRlMGU4NDdlZGQ5ZjkwZjU5OGJiIiwidXNlcl9pZCI6IjkifQ.wlsPu05Ckv6fYNOSyY6yVp7KFZsurz_J1aaS2fmPUvk HTTP/1.1" 404 4566
WARNING 2026-06-09 21:31:03,472 Not Found: /ws/notifications/
WARNING 2026-06-09 21:31:03,482 "GET /ws/notifications/?token=eyJhbGciOiJIUzI1NiIsInR5cCI6IkpXVCJ9.eyJ0b2tlbl90eXBlIjoiYWNjZXNzIiwiZXhwIjoxNzgxMDU4NjA0LCJpYXQiOjE3ODEwMjk4MDQsImp0aSI6ImM3MjQ2MTg2ODAwYTRlMGU4NDdlZGQ5ZjkwZjU5OGJiIiwidXNlcl9pZCI6IjkifQ.wlsPu05Ckv6fYNOSyY6yVp7KFZsurz_J1aaS2fmPUvk HTTP/1.1" 404 4566
INFO 2026-06-09 21:31:05,163 "GET /api/notifications/notifications/?ordering=-created_at HTTP/1.1" 200 52
WARNING 2026-06-09 21:31:08,563 Not Found: /ws/notifications/
WARNING 2026-06-09 21:31:08,567 "GET /ws/notifications/?token=eyJhbGciOiJIUzI1NiIsInR5cCI6IkpXVCJ9.eyJ0b2tlbl90eXBlIjoiYWNjZXNzIiwiZXhwIjoxNzgxMDU4NjA0LCJpYXQiOjE3ODEwMjk4MDQsImp0aSI6ImM3MjQ2MTg2ODAwYTRlMGU4NDdlZGQ5ZjkwZjU5OGJiIiwidXNlcl9pZCI6IjkifQ.wlsPu05Ckv6fYNOSyY6yVp7KFZsurz_J1aaS2fmPUvk HTTP/1.1" 404 4566
INFO 2026-06-09 21:31:08,568 - Broken pipe from ('127.0.0.1', 65087)
INFO 2026-06-09 21:31:13,582 "GET /api/inventory/purchase-orders/ HTTP/1.1" 200 52
INFO 2026-06-09 21:31:13,800 "GET /api/users/ HTTP/1.1" 200 5968
INFO 2026-06-09 21:31:13,814 "GET /api/products/suppliers/ HTTP/1.1" 200 1014
INFO 2026-06-09 21:31:13,815 "GET /api/customers/ HTTP/1.1" 200 1217
INFO 2026-06-09 21:31:13,830 "GET /api/sales/ HTTP/1.1" 200 52
WARNING 2026-06-09 21:31:13,839 Not Found: /ws/notifications/
INFO 2026-06-09 21:31:13,847 "GET /api/products/ HTTP/1.1" 200 1085
WARNING 2026-06-09 21:31:13,859 "GET /ws/notifications/?token=eyJhbGciOiJIUzI1NiIsInR5cCI6IkpXVCJ9.eyJ0b2tlbl90eXBlIjoiYWNjZXNzIiwiZXhwIjoxNzgxMDU4NjA0LCJpYXQiOjE3ODEwMjk4MDQsImp0aSI6ImM3MjQ2MTg2ODAwYTRlMGU4NDdlZGQ5ZjkwZjU5OGJiIiwidXNlcl9pZCI6IjkifQ.wlsPu05Ckv6fYNOSyY6yVp7KFZsurz_J1aaS2fmPUvk HTTP/1.1" 404 4566
WARNING 2026-06-09 21:31:18,908 Not Found: /ws/notifications/
WARNING 2026-06-09 21:31:18,910 "GET /ws/notifications/?token=eyJhbGciOiJIUzI1NiIsInR5cCI6IkpXVCJ9.eyJ0b2tlbl90eXBlIjoiYWNjZXNzIiwiZXhwIjoxNzgxMDU4NjA0LCJpYXQiOjE3ODEwMjk4MDQsImp0aSI6ImM3MjQ2MTg2ODAwYTRlMGU4NDdlZGQ5ZjkwZjU5OGJiIiwidXNlcl9pZCI6IjkifQ.wlsPu05Ckv6fYNOSyY6yVp7KFZsurz_J1aaS2fmPUvk HTTP/1.1" 404 4566
INFO 2026-06-09 21:31:20,169 "GET /api/notifications/notifications/?ordering=-created_at HTTP/1.1" 200 52
WARNING 2026-06-09 21:31:24,018 Not Found: /ws/notifications/
WARNING 2026-06-09 21:31:24,023 "GET /ws/notifications/?token=eyJhbGciOiJIUzI1NiIsInR5cCI6IkpXVCJ9.eyJ0b2tlbl90eXBlIjoiYWNjZXNzIiwiZXhwIjoxNzgxMDU4NjA0LCJpYXQiOjE3ODEwMjk4MDQsImp0aSI6ImM3MjQ2MTg2ODAwYTRlMGU4NDdlZGQ5ZjkwZjU5OGJiIiwidXNlcl9pZCI6IjkifQ.wlsPu05Ckv6fYNOSyY6yVp7KFZsurz_J1aaS2fmPUvk HTTP/1.1" 404 4566
WARNING 2026-06-09 21:31:29,062 Not Found: /ws/notifications/
WARNING 2026-06-09 21:31:29,064 "GET /ws/notifications/?token=eyJhbGciOiJIUzI1NiIsInR5cCI6IkpXVCJ9.eyJ0b2tlbl90eXBlIjoiYWNjZXNzIiwiZXhwIjoxNzgxMDU4NjA0LCJpYXQiOjE3ODEwMjk4MDQsImp0aSI6ImM3MjQ2MTg2ODAwYTRlMGU4NDdlZGQ5ZjkwZjU5OGJiIiwidXNlcl9pZCI6IjkifQ.wlsPu05Ckv6fYNOSyY6yVp7KFZsurz_J1aaS2fmPUvk HTTP/1.1" 404 4566
WARNING 2026-06-09 21:31:34,175 Not Found: /ws/notifications/
WARNING 2026-06-09 21:31:34,177 "GET /ws/notifications/?token=eyJhbGciOiJIUzI1NiIsInR5cCI6IkpXVCJ9.eyJ0b2tlbl90eXBlIjoiYWNjZXNzIiwiZXhwIjoxNzgxMDU4NjA0LCJpYXQiOjE3ODEwMjk4MDQsImp0aSI6ImM3MjQ2MTg2ODAwYTRlMGU4NDdlZGQ5ZjkwZjU5OGJiIiwidXNlcl9pZCI6IjkifQ.wlsPu05Ckv6fYNOSyY6yVp7KFZsurz_J1aaS2fmPUvk HTTP/1.1" 404 4566
INFO 2026-06-09 21:31:35,123 "GET /api/notifications/notifications/?ordering=-created_at HTTP/1.1" 200 52
WARNING 2026-06-09 21:31:43,159 Not Found: /ws/notifications/
WARNING 2026-06-09 21:31:43,259 "GET /ws/notifications/?token=eyJhbGciOiJIUzI1NiIsInR5cCI6IkpXVCJ9.eyJ0b2tlbl90eXBlIjoiYWNjZXNzIiwiZXhwIjoxNzgxMDU4NjA0LCJpYXQiOjE3ODEwMjk4MDQsImp0aSI6ImM3MjQ2MTg2ODAwYTRlMGU4NDdlZGQ5ZjkwZjU5OGJiIiwidXNlcl9pZCI6IjkifQ.wlsPu05Ckv6fYNOSyY6yVp7KFZsurz_J1aaS2fmPUvk HTTP/1.1" 404 4566
INFO 2026-06-09 21:31:43,753 "GET /api/inventory/purchase-orders/ HTTP/1.1" 200 52
INFO 2026-06-09 21:31:43,790 "GET /api/sales/ HTTP/1.1" 200 52
INFO 2026-06-09 21:31:43,803 "GET /api/products/ HTTP/1.1" 200 1085
INFO 2026-06-09 21:31:43,830 "GET /api/users/ HTTP/1.1" 200 5968
INFO 2026-06-09 21:31:43,830 "GET /api/customers/ HTTP/1.1" 200 1217
INFO 2026-06-09 21:31:43,831 "GET /api/products/suppliers/ HTTP/1.1" 200 1014
INFO 2026-06-09 21:31:50,184 "GET /api/notifications/notifications/?ordering=-created_at HTTP/1.1" 200 52
WARNING 2026-06-09 21:31:50,874 Not Found: /ws/notifications/
WARNING 2026-06-09 21:31:50,923 "GET /ws/notifications/?token=eyJhbGciOiJIUzI1NiIsInR5cCI6IkpXVCJ9.eyJ0b2tlbl90eXBlIjoiYWNjZXNzIiwiZXhwIjoxNzgxMDU4NjA0LCJpYXQiOjE3ODEwMjk4MDQsImp0aSI6ImM3MjQ2MTg2ODAwYTRlMGU4NDdlZGQ5ZjkwZjU5OGJiIiwidXNlcl9pZCI6IjkifQ.wlsPu05Ckv6fYNOSyY6yVp7KFZsurz_J1aaS2fmPUvk HTTP/1.1" 404 4566
INFO 2026-06-09 21:31:50,971 - Broken pipe from ('127.0.0.1', 59974)
WARNING 2026-06-09 21:31:58,569 Not Found: /ws/notifications/
WARNING 2026-06-09 21:31:58,627 "GET /ws/notifications/?token=eyJhbGciOiJIUzI1NiIsInR5cCI6IkpXVCJ9.eyJ0b2tlbl90eXBlIjoiYWNjZXNzIiwiZXhwIjoxNzgxMDU4NjA0LCJpYXQiOjE3ODEwMjk4MDQsImp0aSI6ImM3MjQ2MTg2ODAwYTRlMGU4NDdlZGQ5ZjkwZjU5OGJiIiwidXNlcl9pZCI6IjkifQ.wlsPu05Ckv6fYNOSyY6yVp7KFZsurz_J1aaS2fmPUvk HTTP/1.1" 404 4566
INFO 2026-06-09 21:31:58,725 - Broken pipe from ('127.0.0.1', 64062)
INFO 2026-06-09 21:32:05,139 "GET /api/notifications/notifications/?ordering=-created_at HTTP/1.1" 200 52
WARNING 2026-06-09 21:32:05,995 Not Found: /ws/notifications/
WARNING 2026-06-09 21:32:06,269 "GET /ws/notifications/?token=eyJhbGciOiJIUzI1NiIsInR5cCI6IkpXVCJ9.eyJ0b2tlbl90eXBlIjoiYWNjZXNzIiwiZXhwIjoxNzgxMDU4NjA0LCJpYXQiOjE3ODEwMjk4MDQsImp0aSI6ImM3MjQ2MTg2ODAwYTRlMGU4NDdlZGQ5ZjkwZjU5OGJiIiwidXNlcl9pZCI6IjkifQ.wlsPu05Ckv6fYNOSyY6yVp7KFZsurz_J1aaS2fmPUvk HTTP/1.1" 404 4566
INFO 2026-06-09 21:32:13,401 "GET /api/sales/ HTTP/1.1" 200 52
INFO 2026-06-09 21:32:13,422 "GET /api/inventory/purchase-orders/ HTTP/1.1" 200 52
INFO 2026-06-09 21:32:13,438 "GET /api/customers/ HTTP/1.1" 200 1217
INFO 2026-06-09 21:32:13,462 "GET /api/products/suppliers/ HTTP/1.1" 200 1014
INFO 2026-06-09 21:32:13,463 "GET /api/products/ HTTP/1.1" 200 1085
INFO 2026-06-09 21:32:13,474 "GET /api/users/ HTTP/1.1" 200 5968
WARNING 2026-06-09 21:32:15,029 Not Found: /ws/notifications/
WARNING 2026-06-09 21:32:15,167 "GET /ws/notifications/?token=eyJhbGciOiJIUzI1NiIsInR5cCI6IkpXVCJ9.eyJ0b2tlbl90eXBlIjoiYWNjZXNzIiwiZXhwIjoxNzgxMDU4NjA0LCJpYXQiOjE3ODEwMjk4MDQsImp0aSI6ImM3MjQ2MTg2ODAwYTRlMGU4NDdlZGQ5ZjkwZjU5OGJiIiwidXNlcl9pZCI6IjkifQ.wlsPu05Ckv6fYNOSyY6yVp7KFZsurz_J1aaS2fmPUvk HTTP/1.1" 404 4566
INFO 2026-06-09 21:32:20,120 "GET /api/notifications/notifications/?ordering=-created_at HTTP/1.1" 200 52
WARNING 2026-06-09 21:32:24,053 Not Found: /ws/notifications/
WARNING 2026-06-09 21:32:24,310 "GET /ws/notifications/?token=eyJhbGciOiJIUzI1NiIsInR5cCI6IkpXVCJ9.eyJ0b2tlbl90eXBlIjoiYWNjZXNzIiwiZXhwIjoxNzgxMDU4NjA0LCJpYXQiOjE3ODEwMjk4MDQsImp0aSI6ImM3MjQ2MTg2ODAwYTRlMGU4NDdlZGQ5ZjkwZjU5OGJiIiwidXNlcl9pZCI6IjkifQ.wlsPu05Ckv6fYNOSyY6yVp7KFZsurz_J1aaS2fmPUvk HTTP/1.1" 404 4566
WARNING 2026-06-09 21:32:33,832 Not Found: /ws/notifications/
WARNING 2026-06-09 21:32:33,844 "GET /ws/notifications/?token=eyJhbGciOiJIUzI1NiIsInR5cCI6IkpXVCJ9.eyJ0b2tlbl90eXBlIjoiYWNjZXNzIiwiZXhwIjoxNzgxMDU4NjA0LCJpYXQiOjE3ODEwMjk4MDQsImp0aSI6ImM3MjQ2MTg2ODAwYTRlMGU4NDdlZGQ5ZjkwZjU5OGJiIiwidXNlcl9pZCI6IjkifQ.wlsPu05Ckv6fYNOSyY6yVp7KFZsurz_J1aaS2fmPUvk HTTP/1.1" 404 4566
INFO 2026-06-09 21:32:33,846 - Broken pipe from ('127.0.0.1', 59727)
INFO 2026-06-09 21:32:35,212 "GET /api/notifications/notifications/?ordering=-created_at HTTP/1.1" 200 52
INFO 2026-06-09 21:32:43,501 "GET /api/inventory/purchase-orders/ HTTP/1.1" 200 52
INFO 2026-06-09 21:32:43,511 "GET /api/customers/ HTTP/1.1" 200 1217
INFO 2026-06-09 21:32:43,528 "GET /api/products/suppliers/ HTTP/1.1" 200 1014
WARNING 2026-06-09 21:32:43,553 Not Found: /ws/notifications/
WARNING 2026-06-09 21:32:43,560 "GET /ws/notifications/?token=eyJhbGciOiJIUzI1NiIsInR5cCI6IkpXVCJ9.eyJ0b2tlbl90eXBlIjoiYWNjZXNzIiwiZXhwIjoxNzgxMDU4NjA0LCJpYXQiOjE3ODEwMjk4MDQsImp0aSI6ImM3MjQ2MTg2ODAwYTRlMGU4NDdlZGQ5ZjkwZjU5OGJiIiwidXNlcl9pZCI6IjkifQ.wlsPu05Ckv6fYNOSyY6yVp7KFZsurz_J1aaS2fmPUvk HTTP/1.1" 404 4566
INFO 2026-06-09 21:32:43,558 "GET /api/sales/ HTTP/1.1" 200 52
INFO 2026-06-09 21:32:43,581 "GET /api/users/ HTTP/1.1" 200 5968
INFO 2026-06-09 21:32:43,584 "GET /api/products/ HTTP/1.1" 200 1085
INFO 2026-06-09 21:32:50,108 "GET /api/notifications/notifications/?ordering=-created_at HTTP/1.1" 200 52
WARNING 2026-06-09 21:32:53,020 Not Found: /ws/notifications/
WARNING 2026-06-09 21:32:53,077 "GET /ws/notifications/?token=eyJhbGciOiJIUzI1NiIsInR5cCI6IkpXVCJ9.eyJ0b2tlbl90eXBlIjoiYWNjZXNzIiwiZXhwIjoxNzgxMDU4NjA0LCJpYXQiOjE3ODEwMjk4MDQsImp0aSI6ImM3MjQ2MTg2ODAwYTRlMGU4NDdlZGQ5ZjkwZjU5OGJiIiwidXNlcl9pZCI6IjkifQ.wlsPu05Ckv6fYNOSyY6yVp7KFZsurz_J1aaS2fmPUvk HTTP/1.1" 404 4566
WARNING 2026-06-09 21:33:02,835 Not Found: /ws/notifications/
WARNING 2026-06-09 21:33:02,848 "GET /ws/notifications/?token=eyJhbGciOiJIUzI1NiIsInR5cCI6IkpXVCJ9.eyJ0b2tlbl90eXBlIjoiYWNjZXNzIiwiZXhwIjoxNzgxMDU4NjA0LCJpYXQiOjE3ODEwMjk4MDQsImp0aSI6ImM3MjQ2MTg2ODAwYTRlMGU4NDdlZGQ5ZjkwZjU5OGJiIiwidXNlcl9pZCI6IjkifQ.wlsPu05Ckv6fYNOSyY6yVp7KFZsurz_J1aaS2fmPUvk HTTP/1.1" 404 4566
INFO 2026-06-09 21:33:02,849 - Broken pipe from ('127.0.0.1', 55833)
INFO 2026-06-09 21:33:05,118 "GET /api/notifications/notifications/?ordering=-created_at HTTP/1.1" 200 52
WARNING 2026-06-09 21:33:10,665 Not Found: /ws/notifications/
WARNING 2026-06-09 21:33:10,668 "GET /ws/notifications/?token=eyJhbGciOiJIUzI1NiIsInR5cCI6IkpXVCJ9.eyJ0b2tlbl90eXBlIjoiYWNjZXNzIiwiZXhwIjoxNzgxMDU4NjA0LCJpYXQiOjE3ODEwMjk4MDQsImp0aSI6ImM3MjQ2MTg2ODAwYTRlMGU4NDdlZGQ5ZjkwZjU5OGJiIiwidXNlcl9pZCI6IjkifQ.wlsPu05Ckv6fYNOSyY6yVp7KFZsurz_J1aaS2fmPUvk HTTP/1.1" 404 4566
INFO 2026-06-09 21:33:10,669 - Broken pipe from ('127.0.0.1', 49277)
INFO 2026-06-09 21:33:13,306 "GET /api/sales/ HTTP/1.1" 200 52
INFO 2026-06-09 21:33:13,346 "GET /api/inventory/purchase-orders/ HTTP/1.1" 200 52
INFO 2026-06-09 21:33:13,369 "GET /api/products/suppliers/ HTTP/1.1" 200 1014
INFO 2026-06-09 21:33:13,432 "GET /api/users/ HTTP/1.1" 200 5968
INFO 2026-06-09 21:33:13,435 "GET /api/customers/ HTTP/1.1" 200 1217
INFO 2026-06-09 21:33:13,438 "GET /api/products/ HTTP/1.1" 200 1085
WARNING 2026-06-09 21:33:19,414 Not Found: /ws/notifications/
WARNING 2026-06-09 21:33:19,417 "GET /ws/notifications/?token=eyJhbGciOiJIUzI1NiIsInR5cCI6IkpXVCJ9.eyJ0b2tlbl90eXBlIjoiYWNjZXNzIiwiZXhwIjoxNzgxMDU4NjA0LCJpYXQiOjE3ODEwMjk4MDQsImp0aSI6ImM3MjQ2MTg2ODAwYTRlMGU4NDdlZGQ5ZjkwZjU5OGJiIiwidXNlcl9pZCI6IjkifQ.wlsPu05Ckv6fYNOSyY6yVp7KFZsurz_J1aaS2fmPUvk HTTP/1.1" 404 4566
INFO 2026-06-09 21:33:20,140 "GET /api/notifications/notifications/?ordering=-created_at HTTP/1.1" 200 52
WARNING 2026-06-09 21:33:27,733 Not Found: /ws/notifications/
WARNING 2026-06-09 21:33:27,734 "GET /ws/notifications/?token=eyJhbGciOiJIUzI1NiIsInR5cCI6IkpXVCJ9.eyJ0b2tlbl90eXBlIjoiYWNjZXNzIiwiZXhwIjoxNzgxMDU4NjA0LCJpYXQiOjE3ODEwMjk4MDQsImp0aSI6ImM3MjQ2MTg2ODAwYTRlMGU4NDdlZGQ5ZjkwZjU5OGJiIiwidXNlcl9pZCI6IjkifQ.wlsPu05Ckv6fYNOSyY6yVp7KFZsurz_J1aaS2fmPUvk HTTP/1.1" 404 4566
INFO 2026-06-09 21:33:35,112 "GET /api/notifications/notifications/?ordering=-created_at HTTP/1.1" 200 52
WARNING 2026-06-09 21:33:36,823 Not Found: /ws/notifications/
WARNING 2026-06-09 21:33:36,825 "GET /ws/notifications/?token=eyJhbGciOiJIUzI1NiIsInR5cCI6IkpXVCJ9.eyJ0b2tlbl90eXBlIjoiYWNjZXNzIiwiZXhwIjoxNzgxMDU4NjA0LCJpYXQiOjE3ODEwMjk4MDQsImp0aSI6ImM3MjQ2MTg2ODAwYTRlMGU4NDdlZGQ5ZjkwZjU5OGJiIiwidXNlcl9pZCI6IjkifQ.wlsPu05Ckv6fYNOSyY6yVp7KFZsurz_J1aaS2fmPUvk HTTP/1.1" 404 4566
INFO 2026-06-09 21:33:43,454 "GET /api/sales/ HTTP/1.1" 200 52
INFO 2026-06-09 21:33:43,455 "GET /api/users/ HTTP/1.1" 200 5968
INFO 2026-06-09 21:33:43,455 "GET /api/products/suppliers/ HTTP/1.1" 200 1014
INFO 2026-06-09 21:33:43,532 "GET /api/customers/ HTTP/1.1" 200 1217
WARNING 2026-06-09 21:33:43,640 Not Found: /ws/notifications/
INFO 2026-06-09 21:33:43,647 "GET /api/products/ HTTP/1.1" 200 1085
INFO 2026-06-09 21:33:43,648 "GET /api/inventory/purchase-orders/ HTTP/1.1" 200 52
WARNING 2026-06-09 21:33:43,820 "GET /ws/notifications/?token=eyJhbGciOiJIUzI1NiIsInR5cCI6IkpXVCJ9.eyJ0b2tlbl90eXBlIjoiYWNjZXNzIiwiZXhwIjoxNzgxMDU4NjA0LCJpYXQiOjE3ODEwMjk4MDQsImp0aSI6ImM3MjQ2MTg2ODAwYTRlMGU4NDdlZGQ5ZjkwZjU5OGJiIiwidXNlcl9pZCI6IjkifQ.wlsPu05Ckv6fYNOSyY6yVp7KFZsurz_J1aaS2fmPUvk HTTP/1.1" 404 4566
INFO 2026-06-09 21:33:43,891 - Broken pipe from ('127.0.0.1', 60078)
INFO 2026-06-09 21:33:50,142 "GET /api/notifications/notifications/?ordering=-created_at HTTP/1.1" 200 52
WARNING 2026-06-09 21:33:51,455 Not Found: /ws/notifications/
WARNING 2026-06-09 21:33:51,458 "GET /ws/notifications/?token=eyJhbGciOiJIUzI1NiIsInR5cCI6IkpXVCJ9.eyJ0b2tlbl90eXBlIjoiYWNjZXNzIiwiZXhwIjoxNzgxMDU4NjA0LCJpYXQiOjE3ODEwMjk4MDQsImp0aSI6ImM3MjQ2MTg2ODAwYTRlMGU4NDdlZGQ5ZjkwZjU5OGJiIiwidXNlcl9pZCI6IjkifQ.wlsPu05Ckv6fYNOSyY6yVp7KFZsurz_J1aaS2fmPUvk HTTP/1.1" 404 4566
WARNING 2026-06-09 21:34:01,233 Not Found: /ws/notifications/
WARNING 2026-06-09 21:34:01,256 "GET /ws/notifications/?token=eyJhbGciOiJIUzI1NiIsInR5cCI6IkpXVCJ9.eyJ0b2tlbl90eXBlIjoiYWNjZXNzIiwiZXhwIjoxNzgxMDU4NjA0LCJpYXQiOjE3ODEwMjk4MDQsImp0aSI6ImM3MjQ2MTg2ODAwYTRlMGU4NDdlZGQ5ZjkwZjU5OGJiIiwidXNlcl9pZCI6IjkifQ.wlsPu05Ckv6fYNOSyY6yVp7KFZsurz_J1aaS2fmPUvk HTTP/1.1" 404 4566
INFO 2026-06-09 21:34:01,298 - Broken pipe from ('127.0.0.1', 61538)
INFO 2026-06-09 21:34:05,208 "GET /api/notifications/notifications/?ordering=-created_at HTTP/1.1" 200 52
WARNING 2026-06-09 21:34:09,215 Not Found: /ws/notifications/
WARNING 2026-06-09 21:34:09,217 "GET /ws/notifications/?token=eyJhbGciOiJIUzI1NiIsInR5cCI6IkpXVCJ9.eyJ0b2tlbl90eXBlIjoiYWNjZXNzIiwiZXhwIjoxNzgxMDU4NjA0LCJpYXQiOjE3ODEwMjk4MDQsImp0aSI6ImM3MjQ2MTg2ODAwYTRlMGU4NDdlZGQ5ZjkwZjU5OGJiIiwidXNlcl9pZCI6IjkifQ.wlsPu05Ckv6fYNOSyY6yVp7KFZsurz_J1aaS2fmPUvk HTTP/1.1" 404 4566
INFO 2026-06-09 21:34:13,323 "GET /api/sales/ HTTP/1.1" 200 52
INFO 2026-06-09 21:34:13,334 "GET /api/inventory/purchase-orders/ HTTP/1.1" 200 52
INFO 2026-06-09 21:34:13,334 "GET /api/customers/ HTTP/1.1" 200 1217
INFO 2026-06-09 21:34:13,358 "GET /api/products/ HTTP/1.1" 200 1085
INFO 2026-06-09 21:34:13,358 "GET /api/users/ HTTP/1.1" 200 5968
INFO 2026-06-09 21:34:13,368 "GET /api/products/suppliers/ HTTP/1.1" 200 1014
WARNING 2026-06-09 21:34:18,808 Not Found: /ws/notifications/
WARNING 2026-06-09 21:34:18,810 "GET /ws/notifications/?token=eyJhbGciOiJIUzI1NiIsInR5cCI6IkpXVCJ9.eyJ0b2tlbl90eXBlIjoiYWNjZXNzIiwiZXhwIjoxNzgxMDU4NjA0LCJpYXQiOjE3ODEwMjk4MDQsImp0aSI6ImM3MjQ2MTg2ODAwYTRlMGU4NDdlZGQ5ZjkwZjU5OGJiIiwidXNlcl9pZCI6IjkifQ.wlsPu05Ckv6fYNOSyY6yVp7KFZsurz_J1aaS2fmPUvk HTTP/1.1" 404 4566
INFO 2026-06-09 21:34:20,179 "GET /api/notifications/notifications/?ordering=-created_at HTTP/1.1" 200 52
WARNING 2026-06-09 21:34:28,437 Not Found: /ws/notifications/
WARNING 2026-06-09 21:34:28,440 "GET /ws/notifications/?token=eyJhbGciOiJIUzI1NiIsInR5cCI6IkpXVCJ9.eyJ0b2tlbl90eXBlIjoiYWNjZXNzIiwiZXhwIjoxNzgxMDU4NjA0LCJpYXQiOjE3ODEwMjk4MDQsImp0aSI6ImM3MjQ2MTg2ODAwYTRlMGU4NDdlZGQ5ZjkwZjU5OGJiIiwidXNlcl9pZCI6IjkifQ.wlsPu05Ckv6fYNOSyY6yVp7KFZsurz_J1aaS2fmPUvk HTTP/1.1" 404 4566
INFO 2026-06-09 21:34:35,131 "GET /api/notifications/notifications/?ordering=-created_at HTTP/1.1" 200 52
WARNING 2026-06-09 21:34:35,801 Not Found: /ws/notifications/
WARNING 2026-06-09 21:34:35,803 "GET /ws/notifications/?token=eyJhbGciOiJIUzI1NiIsInR5cCI6IkpXVCJ9.eyJ0b2tlbl90eXBlIjoiYWNjZXNzIiwiZXhwIjoxNzgxMDU4NjA0LCJpYXQiOjE3ODEwMjk4MDQsImp0aSI6ImM3MjQ2MTg2ODAwYTRlMGU4NDdlZGQ5ZjkwZjU5OGJiIiwidXNlcl9pZCI6IjkifQ.wlsPu05Ckv6fYNOSyY6yVp7KFZsurz_J1aaS2fmPUvk HTTP/1.1" 404 4566
INFO 2026-06-09 21:34:43,355 "GET /api/customers/ HTTP/1.1" 200 1217
INFO 2026-06-09 21:34:43,357 "GET /api/inventory/purchase-orders/ HTTP/1.1" 200 52
INFO 2026-06-09 21:34:43,369 "GET /api/sales/ HTTP/1.1" 200 52
INFO 2026-06-09 21:34:43,381 "GET /api/products/suppliers/ HTTP/1.1" 200 1014
INFO 2026-06-09 21:34:43,398 "GET /api/products/ HTTP/1.1" 200 1085
INFO 2026-06-09 21:34:43,402 "GET /api/users/ HTTP/1.1" 200 5968
WARNING 2026-06-09 21:34:45,619 Not Found: /ws/notifications/
WARNING 2026-06-09 21:34:45,621 "GET /ws/notifications/?token=eyJhbGciOiJIUzI1NiIsInR5cCI6IkpXVCJ9.eyJ0b2tlbl90eXBlIjoiYWNjZXNzIiwiZXhwIjoxNzgxMDU4NjA0LCJpYXQiOjE3ODEwMjk4MDQsImp0aSI6ImM3MjQ2MTg2ODAwYTRlMGU4NDdlZGQ5ZjkwZjU5OGJiIiwidXNlcl9pZCI6IjkifQ.wlsPu05Ckv6fYNOSyY6yVp7KFZsurz_J1aaS2fmPUvk HTTP/1.1" 404 4566
INFO 2026-06-09 21:34:50,159 "GET /api/notifications/notifications/?ordering=-created_at HTTP/1.1" 200 52
WARNING 2026-06-09 21:34:52,230 Not Found: /ws/notifications/
WARNING 2026-06-09 21:34:52,232 "GET /ws/notifications/?token=eyJhbGciOiJIUzI1NiIsInR5cCI6IkpXVCJ9.eyJ0b2tlbl90eXBlIjoiYWNjZXNzIiwiZXhwIjoxNzgxMDU4NjA0LCJpYXQiOjE3ODEwMjk4MDQsImp0aSI6ImM3MjQ2MTg2ODAwYTRlMGU4NDdlZGQ5ZjkwZjU5OGJiIiwidXNlcl9pZCI6IjkifQ.wlsPu05Ckv6fYNOSyY6yVp7KFZsurz_J1aaS2fmPUvk HTTP/1.1" 404 4566
WARNING 2026-06-09 21:34:58,707 Not Found: /ws/notifications/
WARNING 2026-06-09 21:34:58,713 "GET /ws/notifications/?token=eyJhbGciOiJIUzI1NiIsInR5cCI6IkpXVCJ9.eyJ0b2tlbl90eXBlIjoiYWNjZXNzIiwiZXhwIjoxNzgxMDU4NjA0LCJpYXQiOjE3ODEwMjk4MDQsImp0aSI6ImM3MjQ2MTg2ODAwYTRlMGU4NDdlZGQ5ZjkwZjU5OGJiIiwidXNlcl9pZCI6IjkifQ.wlsPu05Ckv6fYNOSyY6yVp7KFZsurz_J1aaS2fmPUvk HTTP/1.1" 404 4566
INFO 2026-06-09 21:35:09,366 "GET /api/notifications/notifications/?ordering=-created_at HTTP/1.1" 200 52
WARNING 2026-06-09 21:35:12,054 Not Found: /ws/notifications/
WARNING 2026-06-09 21:35:12,060 "GET /ws/notifications/?token=eyJhbGciOiJIUzI1NiIsInR5cCI6IkpXVCJ9.eyJ0b2tlbl90eXBlIjoiYWNjZXNzIiwiZXhwIjoxNzgxMDU4NjA0LCJpYXQiOjE3ODEwMjk4MDQsImp0aSI6ImM3MjQ2MTg2ODAwYTRlMGU4NDdlZGQ5ZjkwZjU5OGJiIiwidXNlcl9pZCI6IjkifQ.wlsPu05Ckv6fYNOSyY6yVp7KFZsurz_J1aaS2fmPUvk HTTP/1.1" 404 4566
INFO 2026-06-09 21:35:13,808 "GET /api/sales/ HTTP/1.1" 200 52
INFO 2026-06-09 21:35:13,835 "GET /api/products/ HTTP/1.1" 200 1085
INFO 2026-06-09 21:35:13,889 "GET /api/inventory/purchase-orders/ HTTP/1.1" 200 52
INFO 2026-06-09 21:35:13,940 "GET /api/customers/ HTTP/1.1" 200 1217
INFO 2026-06-09 21:35:13,941 "GET /api/users/ HTTP/1.1" 200 5968
INFO 2026-06-09 21:35:13,942 "GET /api/products/suppliers/ HTTP/1.1" 200 1014
INFO 2026-06-09 21:35:20,371 "GET /api/notifications/notifications/?ordering=-created_at HTTP/1.1" 200 52
INFO 2026-06-09 21:35:20,971 "GET /api/notifications/notifications/?ordering=-created_at HTTP/1.1" 200 52
WARNING 2026-06-09 21:35:21,339 Not Found: /ws/notifications/
WARNING 2026-06-09 21:35:21,350 "GET /ws/notifications/?token=eyJhbGciOiJIUzI1NiIsInR5cCI6IkpXVCJ9.eyJ0b2tlbl90eXBlIjoiYWNjZXNzIiwiZXhwIjoxNzgxMDU4NjA0LCJpYXQiOjE3ODEwMjk4MDQsImp0aSI6ImM3MjQ2MTg2ODAwYTRlMGU4NDdlZGQ5ZjkwZjU5OGJiIiwidXNlcl9pZCI6IjkifQ.wlsPu05Ckv6fYNOSyY6yVp7KFZsurz_J1aaS2fmPUvk HTTP/1.1" 404 4566
INFO 2026-06-09 21:35:21,359 - Broken pipe from ('127.0.0.1', 53403)
WARNING 2026-06-09 21:35:29,173 Not Found: /ws/notifications/
WARNING 2026-06-09 21:35:29,175 "GET /ws/notifications/?token=eyJhbGciOiJIUzI1NiIsInR5cCI6IkpXVCJ9.eyJ0b2tlbl90eXBlIjoiYWNjZXNzIiwiZXhwIjoxNzgxMDU4NjA0LCJpYXQiOjE3ODEwMjk4MDQsImp0aSI6ImM3MjQ2MTg2ODAwYTRlMGU4NDdlZGQ5ZjkwZjU5OGJiIiwidXNlcl9pZCI6IjkifQ.wlsPu05Ckv6fYNOSyY6yVp7KFZsurz_J1aaS2fmPUvk HTTP/1.1" 404 4566
WARNING 2026-06-09 21:35:35,409 Not Found: /ws/notifications/
WARNING 2026-06-09 21:35:35,412 "GET /ws/notifications/?token=eyJhbGciOiJIUzI1NiIsInR5cCI6IkpXVCJ9.eyJ0b2tlbl90eXBlIjoiYWNjZXNzIiwiZXhwIjoxNzgxMDU4NjA0LCJpYXQiOjE3ODEwMjk4MDQsImp0aSI6ImM3MjQ2MTg2ODAwYTRlMGU4NDdlZGQ5ZjkwZjU5OGJiIiwidXNlcl9pZCI6IjkifQ.wlsPu05Ckv6fYNOSyY6yVp7KFZsurz_J1aaS2fmPUvk HTTP/1.1" 404 4566
INFO 2026-06-09 21:35:35,441 "GET /api/notifications/notifications/?ordering=-created_at HTTP/1.1" 200 52
INFO 2026-06-09 21:35:35,992 "GET /api/notifications/notifications/?ordering=-created_at HTTP/1.1" 200 52
WARNING 2026-06-09 21:35:40,524 Not Found: /ws/notifications/
WARNING 2026-06-09 21:35:40,547 "GET /ws/notifications/?token=eyJhbGciOiJIUzI1NiIsInR5cCI6IkpXVCJ9.eyJ0b2tlbl90eXBlIjoiYWNjZXNzIiwiZXhwIjoxNzgxMDU4NjA0LCJpYXQiOjE3ODEwMjk4MDQsImp0aSI6ImM3MjQ2MTg2ODAwYTRlMGU4NDdlZGQ5ZjkwZjU5OGJiIiwidXNlcl9pZCI6IjkifQ.wlsPu05Ckv6fYNOSyY6yVp7KFZsurz_J1aaS2fmPUvk HTTP/1.1" 404 4566
INFO 2026-06-09 21:35:40,548 - Broken pipe from ('127.0.0.1', 60549)
INFO 2026-06-09 21:35:40,807 "POST /api/products/ HTTP/1.1" 201 966
INFO 2026-06-09 21:35:40,932 "GET /api/notifications/notifications/?ordering=-created_at HTTP/1.1" 200 52
INFO 2026-06-09 21:35:43,334 "GET /api/sales/ HTTP/1.1" 200 52
INFO 2026-06-09 21:35:43,381 "GET /api/inventory/purchase-orders/ HTTP/1.1" 200 52
INFO 2026-06-09 21:35:43,401 "GET /api/products/suppliers/ HTTP/1.1" 200 1014
INFO 2026-06-09 21:35:43,461 "GET /api/customers/ HTTP/1.1" 200 1217
INFO 2026-06-09 21:35:43,462 "GET /api/users/ HTTP/1.1" 200 5968
INFO 2026-06-09 21:35:43,493 "GET /api/products/ HTTP/1.1" 200 2052
WARNING 2026-06-09 21:35:45,623 Not Found: /ws/notifications/
WARNING 2026-06-09 21:35:45,625 "GET /ws/notifications/?token=eyJhbGciOiJIUzI1NiIsInR5cCI6IkpXVCJ9.eyJ0b2tlbl90eXBlIjoiYWNjZXNzIiwiZXhwIjoxNzgxMDU4NjA0LCJpYXQiOjE3ODEwMjk4MDQsImp0aSI6ImM3MjQ2MTg2ODAwYTRlMGU4NDdlZGQ5ZjkwZjU5OGJiIiwidXNlcl9pZCI6IjkifQ.wlsPu05Ckv6fYNOSyY6yVp7KFZsurz_J1aaS2fmPUvk HTTP/1.1" 404 4566
INFO 2026-06-09 21:35:50,175 "GET /api/notifications/notifications/?ordering=-created_at HTTP/1.1" 200 52
WARNING 2026-06-09 21:35:50,904 Not Found: /ws/notifications/
WARNING 2026-06-09 21:35:50,906 "GET /ws/notifications/?token=eyJhbGciOiJIUzI1NiIsInR5cCI6IkpXVCJ9.eyJ0b2tlbl90eXBlIjoiYWNjZXNzIiwiZXhwIjoxNzgxMDU4NjA0LCJpYXQiOjE3ODEwMjk4MDQsImp0aSI6ImM3MjQ2MTg2ODAwYTRlMGU4NDdlZGQ5ZjkwZjU5OGJiIiwidXNlcl9pZCI6IjkifQ.wlsPu05Ckv6fYNOSyY6yVp7KFZsurz_J1aaS2fmPUvk HTTP/1.1" 404 4566
WARNING 2026-06-09 21:35:56,270 Not Found: /ws/notifications/
WARNING 2026-06-09 21:35:56,340 "GET /ws/notifications/?token=eyJhbGciOiJIUzI1NiIsInR5cCI6IkpXVCJ9.eyJ0b2tlbl90eXBlIjoiYWNjZXNzIiwiZXhwIjoxNzgxMDU4NjA0LCJpYXQiOjE3ODEwMjk4MDQsImp0aSI6ImM3MjQ2MTg2ODAwYTRlMGU4NDdlZGQ5ZjkwZjU5OGJiIiwidXNlcl9pZCI6IjkifQ.wlsPu05Ckv6fYNOSyY6yVp7KFZsurz_J1aaS2fmPUvk HTTP/1.1" 404 4566
WARNING 2026-06-09 21:36:01,508 Not Found: /ws/notifications/
WARNING 2026-06-09 21:36:01,510 "GET /ws/notifications/?token=eyJhbGciOiJIUzI1NiIsInR5cCI6IkpXVCJ9.eyJ0b2tlbl90eXBlIjoiYWNjZXNzIiwiZXhwIjoxNzgxMDU4NjA0LCJpYXQiOjE3ODEwMjk4MDQsImp0aSI6ImM3MjQ2MTg2ODAwYTRlMGU4NDdlZGQ5ZjkwZjU5OGJiIiwidXNlcl9pZCI6IjkifQ.wlsPu05Ckv6fYNOSyY6yVp7KFZsurz_J1aaS2fmPUvk HTTP/1.1" 404 4566
INFO 2026-06-09 21:36:05,205 "GET /api/notifications/notifications/?ordering=-created_at HTTP/1.1" 200 52
WARNING 2026-06-09 21:36:06,864 Not Found: /ws/notifications/
WARNING 2026-06-09 21:36:06,868 "GET /ws/notifications/?token=eyJhbGciOiJIUzI1NiIsInR5cCI6IkpXVCJ9.eyJ0b2tlbl90eXBlIjoiYWNjZXNzIiwiZXhwIjoxNzgxMDU4NjA0LCJpYXQiOjE3ODEwMjk4MDQsImp0aSI6ImM3MjQ2MTg2ODAwYTRlMGU4NDdlZGQ5ZjkwZjU5OGJiIiwidXNlcl9pZCI6IjkifQ.wlsPu05Ckv6fYNOSyY6yVp7KFZsurz_J1aaS2fmPUvk HTTP/1.1" 404 4566
WARNING 2026-06-09 21:36:12,109 Not Found: /ws/notifications/
WARNING 2026-06-09 21:36:12,152 "GET /ws/notifications/?token=eyJhbGciOiJIUzI1NiIsInR5cCI6IkpXVCJ9.eyJ0b2tlbl90eXBlIjoiYWNjZXNzIiwiZXhwIjoxNzgxMDU4NjA0LCJpYXQiOjE3ODEwMjk4MDQsImp0aSI6ImM3MjQ2MTg2ODAwYTRlMGU4NDdlZGQ5ZjkwZjU5OGJiIiwidXNlcl9pZCI6IjkifQ.wlsPu05Ckv6fYNOSyY6yVp7KFZsurz_J1aaS2fmPUvk HTTP/1.1" 404 4566
INFO 2026-06-09 21:36:12,160 - Broken pipe from ('127.0.0.1', 54284)
INFO 2026-06-09 21:36:12,658 "GET /media/products/laptop-bef51506.webp HTTP/1.1" 200 4698
INFO 2026-06-09 21:36:13,530 "GET /api/sales/ HTTP/1.1" 200 52
INFO 2026-06-09 21:36:13,538 "GET /api/inventory/purchase-orders/ HTTP/1.1" 200 52
INFO 2026-06-09 21:36:13,543 "GET /api/products/suppliers/ HTTP/1.1" 200 1014
INFO 2026-06-09 21:36:13,578 "GET /api/users/ HTTP/1.1" 200 5968
INFO 2026-06-09 21:36:13,578 "GET /api/customers/ HTTP/1.1" 200 1217
INFO 2026-06-09 21:36:13,579 "GET /api/products/ HTTP/1.1" 200 2052
WARNING 2026-06-09 21:36:17,242 Not Found: /ws/notifications/
WARNING 2026-06-09 21:36:17,244 "GET /ws/notifications/?token=eyJhbGciOiJIUzI1NiIsInR5cCI6IkpXVCJ9.eyJ0b2tlbl90eXBlIjoiYWNjZXNzIiwiZXhwIjoxNzgxMDU4NjA0LCJpYXQiOjE3ODEwMjk4MDQsImp0aSI6ImM3MjQ2MTg2ODAwYTRlMGU4NDdlZGQ5ZjkwZjU5OGJiIiwidXNlcl9pZCI6IjkifQ.wlsPu05Ckv6fYNOSyY6yVp7KFZsurz_J1aaS2fmPUvk HTTP/1.1" 404 4566
INFO 2026-06-09 21:36:20,185 "GET /api/notifications/notifications/?ordering=-created_at HTTP/1.1" 200 52
WARNING 2026-06-09 21:36:22,290 Not Found: /ws/notifications/
WARNING 2026-06-09 21:36:22,291 "GET /ws/notifications/?token=eyJhbGciOiJIUzI1NiIsInR5cCI6IkpXVCJ9.eyJ0b2tlbl90eXBlIjoiYWNjZXNzIiwiZXhwIjoxNzgxMDU4NjA0LCJpYXQiOjE3ODEwMjk4MDQsImp0aSI6ImM3MjQ2MTg2ODAwYTRlMGU4NDdlZGQ5ZjkwZjU5OGJiIiwidXNlcl9pZCI6IjkifQ.wlsPu05Ckv6fYNOSyY6yVp7KFZsurz_J1aaS2fmPUvk HTTP/1.1" 404 4566
WARNING 2026-06-09 21:36:27,388 Not Found: /ws/notifications/
WARNING 2026-06-09 21:36:27,392 "GET /ws/notifications/?token=eyJhbGciOiJIUzI1NiIsInR5cCI6IkpXVCJ9.eyJ0b2tlbl90eXBlIjoiYWNjZXNzIiwiZXhwIjoxNzgxMDU4NjA0LCJpYXQiOjE3ODEwMjk4MDQsImp0aSI6ImM3MjQ2MTg2ODAwYTRlMGU4NDdlZGQ5ZjkwZjU5OGJiIiwidXNlcl9pZCI6IjkifQ.wlsPu05Ckv6fYNOSyY6yVp7KFZsurz_J1aaS2fmPUvk HTTP/1.1" 404 4566
WARNING 2026-06-09 21:36:32,497 Not Found: /ws/notifications/
WARNING 2026-06-09 21:36:32,499 "GET /ws/notifications/?token=eyJhbGciOiJIUzI1NiIsInR5cCI6IkpXVCJ9.eyJ0b2tlbl90eXBlIjoiYWNjZXNzIiwiZXhwIjoxNzgxMDU4NjA0LCJpYXQiOjE3ODEwMjk4MDQsImp0aSI6ImM3MjQ2MTg2ODAwYTRlMGU4NDdlZGQ5ZjkwZjU5OGJiIiwidXNlcl9pZCI6IjkifQ.wlsPu05Ckv6fYNOSyY6yVp7KFZsurz_J1aaS2fmPUvk HTTP/1.1" 404 4566
INFO 2026-06-09 21:36:35,153 "GET /api/notifications/notifications/?ordering=-created_at HTTP/1.1" 200 52
WARNING 2026-06-09 21:36:36,940 Bad Request: /api/sales/
WARNING 2026-06-09 21:36:36,941 "POST /api/sales/ HTTP/1.1" 400 39
WARNING 2026-06-09 21:36:38,083 Not Found: /ws/notifications/
WARNING 2026-06-09 21:36:38,097 "GET /ws/notifications/?token=eyJhbGciOiJIUzI1NiIsInR5cCI6IkpXVCJ9.eyJ0b2tlbl90eXBlIjoiYWNjZXNzIiwiZXhwIjoxNzgxMDU4NjA0LCJpYXQiOjE3ODEwMjk4MDQsImp0aSI6ImM3MjQ2MTg2ODAwYTRlMGU4NDdlZGQ5ZjkwZjU5OGJiIiwidXNlcl9pZCI6IjkifQ.wlsPu05Ckv6fYNOSyY6yVp7KFZsurz_J1aaS2fmPUvk HTTP/1.1" 404 4566
INFO 2026-06-09 21:36:38,111 - Broken pipe from ('127.0.0.1', 64194)
INFO 2026-06-09 21:36:43,337 "GET /api/customers/ HTTP/1.1" 200 1217
INFO 2026-06-09 21:36:43,345 "GET /api/users/ HTTP/1.1" 200 5968
INFO 2026-06-09 21:36:43,345 "GET /api/inventory/purchase-orders/ HTTP/1.1" 200 52
INFO 2026-06-09 21:36:43,348 "GET /api/products/suppliers/ HTTP/1.1" 200 1014
INFO 2026-06-09 21:36:43,370 "GET /api/products/ HTTP/1.1" 200 2052
INFO 2026-06-09 21:36:43,371 "GET /api/sales/ HTTP/1.1" 200 52
WARNING 2026-06-09 21:36:43,752 Not Found: /ws/notifications/
WARNING 2026-06-09 21:36:43,754 "GET /ws/notifications/?token=eyJhbGciOiJIUzI1NiIsInR5cCI6IkpXVCJ9.eyJ0b2tlbl90eXBlIjoiYWNjZXNzIiwiZXhwIjoxNzgxMDU4NjA0LCJpYXQiOjE3ODEwMjk4MDQsImp0aSI6ImM3MjQ2MTg2ODAwYTRlMGU4NDdlZGQ5ZjkwZjU5OGJiIiwidXNlcl9pZCI6IjkifQ.wlsPu05Ckv6fYNOSyY6yVp7KFZsurz_J1aaS2fmPUvk HTTP/1.1" 404 4566
WARNING 2026-06-09 21:36:49,966 Not Found: /ws/notifications/
WARNING 2026-06-09 21:36:49,968 "GET /ws/notifications/?token=eyJhbGciOiJIUzI1NiIsInR5cCI6IkpXVCJ9.eyJ0b2tlbl90eXBlIjoiYWNjZXNzIiwiZXhwIjoxNzgxMDU4NjA0LCJpYXQiOjE3ODEwMjk4MDQsImp0aSI6ImM3MjQ2MTg2ODAwYTRlMGU4NDdlZGQ5ZjkwZjU5OGJiIiwidXNlcl9pZCI6IjkifQ.wlsPu05Ckv6fYNOSyY6yVp7KFZsurz_J1aaS2fmPUvk HTTP/1.1" 404 4566
INFO 2026-06-09 21:36:50,191 "GET /api/notifications/notifications/?ordering=-created_at HTTP/1.1" 200 52
WARNING 2026-06-09 21:36:56,212 Not Found: /ws/notifications/
WARNING 2026-06-09 21:36:56,213 "GET /ws/notifications/?token=eyJhbGciOiJIUzI1NiIsInR5cCI6IkpXVCJ9.eyJ0b2tlbl90eXBlIjoiYWNjZXNzIiwiZXhwIjoxNzgxMDU4NjA0LCJpYXQiOjE3ODEwMjk4MDQsImp0aSI6ImM3MjQ2MTg2ODAwYTRlMGU4NDdlZGQ5ZjkwZjU5OGJiIiwidXNlcl9pZCI6IjkifQ.wlsPu05Ckv6fYNOSyY6yVp7KFZsurz_J1aaS2fmPUvk HTTP/1.1" 404 4566
WARNING 2026-06-09 21:37:04,848 Not Found: /ws/notifications/
WARNING 2026-06-09 21:37:04,851 "GET /ws/notifications/?token=eyJhbGciOiJIUzI1NiIsInR5cCI6IkpXVCJ9.eyJ0b2tlbl90eXBlIjoiYWNjZXNzIiwiZXhwIjoxNzgxMDU4NjA0LCJpYXQiOjE3ODEwMjk4MDQsImp0aSI6ImM3MjQ2MTg2ODAwYTRlMGU4NDdlZGQ5ZjkwZjU5OGJiIiwidXNlcl9pZCI6IjkifQ.wlsPu05Ckv6fYNOSyY6yVp7KFZsurz_J1aaS2fmPUvk HTTP/1.1" 404 4566
INFO 2026-06-09 21:37:05,152 "GET /api/notifications/notifications/?ordering=-created_at HTTP/1.1" 200 52
WARNING 2026-06-09 21:37:12,863 Not Found: /ws/notifications/
WARNING 2026-06-09 21:37:12,870 "GET /ws/notifications/?token=eyJhbGciOiJIUzI1NiIsInR5cCI6IkpXVCJ9.eyJ0b2tlbl90eXBlIjoiYWNjZXNzIiwiZXhwIjoxNzgxMDU4NjA0LCJpYXQiOjE3ODEwMjk4MDQsImp0aSI6ImM3MjQ2MTg2ODAwYTRlMGU4NDdlZGQ5ZjkwZjU5OGJiIiwidXNlcl9pZCI6IjkifQ.wlsPu05Ckv6fYNOSyY6yVp7KFZsurz_J1aaS2fmPUvk HTTP/1.1" 404 4566
INFO 2026-06-09 21:37:12,872 - Broken pipe from ('127.0.0.1', 61906)
INFO 2026-06-09 21:37:13,291 "GET /api/sales/ HTTP/1.1" 200 52
INFO 2026-06-09 21:37:13,311 "GET /api/inventory/purchase-orders/ HTTP/1.1" 200 52
INFO 2026-06-09 21:37:13,324 "GET /api/customers/ HTTP/1.1" 200 1217
INFO 2026-06-09 21:37:13,325 "GET /api/products/suppliers/ HTTP/1.1" 200 1014
INFO 2026-06-09 21:37:13,337 "GET /api/users/ HTTP/1.1" 200 5968
INFO 2026-06-09 21:37:13,346 "GET /api/products/ HTTP/1.1" 200 2052
WARNING 2026-06-09 21:37:19,447 Not Found: /ws/notifications/
WARNING 2026-06-09 21:37:19,448 "GET /ws/notifications/?token=eyJhbGciOiJIUzI1NiIsInR5cCI6IkpXVCJ9.eyJ0b2tlbl90eXBlIjoiYWNjZXNzIiwiZXhwIjoxNzgxMDU4NjA0LCJpYXQiOjE3ODEwMjk4MDQsImp0aSI6ImM3MjQ2MTg2ODAwYTRlMGU4NDdlZGQ5ZjkwZjU5OGJiIiwidXNlcl9pZCI6IjkifQ.wlsPu05Ckv6fYNOSyY6yVp7KFZsurz_J1aaS2fmPUvk HTTP/1.1" 404 4566
INFO 2026-06-09 21:37:20,121 "GET /api/notifications/notifications/?ordering=-created_at HTTP/1.1" 200 52
WARNING 2026-06-09 21:37:25,517 Not Found: /ws/notifications/
WARNING 2026-06-09 21:37:25,519 "GET /ws/notifications/?token=eyJhbGciOiJIUzI1NiIsInR5cCI6IkpXVCJ9.eyJ0b2tlbl90eXBlIjoiYWNjZXNzIiwiZXhwIjoxNzgxMDU4NjA0LCJpYXQiOjE3ODEwMjk4MDQsImp0aSI6ImM3MjQ2MTg2ODAwYTRlMGU4NDdlZGQ5ZjkwZjU5OGJiIiwidXNlcl9pZCI6IjkifQ.wlsPu05Ckv6fYNOSyY6yVp7KFZsurz_J1aaS2fmPUvk HTTP/1.1" 404 4566
WARNING 2026-06-09 21:37:31,627 Not Found: /ws/notifications/
WARNING 2026-06-09 21:37:31,629 "GET /ws/notifications/?token=eyJhbGciOiJIUzI1NiIsInR5cCI6IkpXVCJ9.eyJ0b2tlbl90eXBlIjoiYWNjZXNzIiwiZXhwIjoxNzgxMDU4NjA0LCJpYXQiOjE3ODEwMjk4MDQsImp0aSI6ImM3MjQ2MTg2ODAwYTRlMGU4NDdlZGQ5ZjkwZjU5OGJiIiwidXNlcl9pZCI6IjkifQ.wlsPu05Ckv6fYNOSyY6yVp7KFZsurz_J1aaS2fmPUvk HTTP/1.1" 404 4566
INFO 2026-06-09 21:37:35,105 "GET /api/notifications/notifications/?ordering=-created_at HTTP/1.1" 200 52
WARNING 2026-06-09 21:37:36,680 Not Found: /ws/notifications/
WARNING 2026-06-09 21:37:36,681 "GET /ws/notifications/?token=eyJhbGciOiJIUzI1NiIsInR5cCI6IkpXVCJ9.eyJ0b2tlbl90eXBlIjoiYWNjZXNzIiwiZXhwIjoxNzgxMDU4NjA0LCJpYXQiOjE3ODEwMjk4MDQsImp0aSI6ImM3MjQ2MTg2ODAwYTRlMGU4NDdlZGQ5ZjkwZjU5OGJiIiwidXNlcl9pZCI6IjkifQ.wlsPu05Ckv6fYNOSyY6yVp7KFZsurz_J1aaS2fmPUvk HTTP/1.1" 404 4566
WARNING 2026-06-09 21:37:41,714 Not Found: /ws/notifications/
WARNING 2026-06-09 21:37:41,715 "GET /ws/notifications/?token=eyJhbGciOiJIUzI1NiIsInR5cCI6IkpXVCJ9.eyJ0b2tlbl90eXBlIjoiYWNjZXNzIiwiZXhwIjoxNzgxMDU4NjA0LCJpYXQiOjE3ODEwMjk4MDQsImp0aSI6ImM3MjQ2MTg2ODAwYTRlMGU4NDdlZGQ5ZjkwZjU5OGJiIiwidXNlcl9pZCI6IjkifQ.wlsPu05Ckv6fYNOSyY6yVp7KFZsurz_J1aaS2fmPUvk HTTP/1.1" 404 4566
INFO 2026-06-09 21:37:43,314 "GET /api/sales/ HTTP/1.1" 200 52
INFO 2026-06-09 21:37:43,391 "GET /api/customers/ HTTP/1.1" 200 1217
INFO 2026-06-09 21:37:43,419 "GET /api/inventory/purchase-orders/ HTTP/1.1" 200 52
INFO 2026-06-09 21:37:43,430 "GET /api/users/ HTTP/1.1" 200 5968
INFO 2026-06-09 21:37:43,421 "GET /api/products/suppliers/ HTTP/1.1" 200 1014
INFO 2026-06-09 21:37:43,474 "GET /api/products/ HTTP/1.1" 200 2052
WARNING 2026-06-09 21:37:46,768 Not Found: /ws/notifications/
WARNING 2026-06-09 21:37:46,774 "GET /ws/notifications/?token=eyJhbGciOiJIUzI1NiIsInR5cCI6IkpXVCJ9.eyJ0b2tlbl90eXBlIjoiYWNjZXNzIiwiZXhwIjoxNzgxMDU4NjA0LCJpYXQiOjE3ODEwMjk4MDQsImp0aSI6ImM3MjQ2MTg2ODAwYTRlMGU4NDdlZGQ5ZjkwZjU5OGJiIiwidXNlcl9pZCI6IjkifQ.wlsPu05Ckv6fYNOSyY6yVp7KFZsurz_J1aaS2fmPUvk HTTP/1.1" 404 4566
INFO 2026-06-09 21:37:50,126 "GET /api/notifications/notifications/?ordering=-created_at HTTP/1.1" 200 52
WARNING 2026-06-09 21:37:51,812 Not Found: /ws/notifications/
WARNING 2026-06-09 21:37:51,813 "GET /ws/notifications/?token=eyJhbGciOiJIUzI1NiIsInR5cCI6IkpXVCJ9.eyJ0b2tlbl90eXBlIjoiYWNjZXNzIiwiZXhwIjoxNzgxMDU4NjA0LCJpYXQiOjE3ODEwMjk4MDQsImp0aSI6ImM3MjQ2MTg2ODAwYTRlMGU4NDdlZGQ5ZjkwZjU5OGJiIiwidXNlcl9pZCI6IjkifQ.wlsPu05Ckv6fYNOSyY6yVp7KFZsurz_J1aaS2fmPUvk HTTP/1.1" 404 4566
WARNING 2026-06-09 21:37:56,841 Not Found: /ws/notifications/
WARNING 2026-06-09 21:37:56,842 "GET /ws/notifications/?token=eyJhbGciOiJIUzI1NiIsInR5cCI6IkpXVCJ9.eyJ0b2tlbl90eXBlIjoiYWNjZXNzIiwiZXhwIjoxNzgxMDU4NjA0LCJpYXQiOjE3ODEwMjk4MDQsImp0aSI6ImM3MjQ2MTg2ODAwYTRlMGU4NDdlZGQ5ZjkwZjU5OGJiIiwidXNlcl9pZCI6IjkifQ.wlsPu05Ckv6fYNOSyY6yVp7KFZsurz_J1aaS2fmPUvk HTTP/1.1" 404 4566
INFO 2026-06-09 21:37:57,667 "OPTIONS /api/payments/mpesa-payments/stk-push/ HTTP/1.1" 200 0
INFO 2026-06-09 21:38:01,265 "POST /api/payments/mpesa-payments/stk-push/ HTTP/1.1" 200 204
WARNING 2026-06-09 21:38:01,935 Not Found: /ws/notifications/
WARNING 2026-06-09 21:38:01,938 "GET /ws/notifications/?token=eyJhbGciOiJIUzI1NiIsInR5cCI6IkpXVCJ9.eyJ0b2tlbl90eXBlIjoiYWNjZXNzIiwiZXhwIjoxNzgxMDU4NjA0LCJpYXQiOjE3ODEwMjk4MDQsImp0aSI6ImM3MjQ2MTg2ODAwYTRlMGU4NDdlZGQ5ZjkwZjU5OGJiIiwidXNlcl9pZCI6IjkifQ.wlsPu05Ckv6fYNOSyY6yVp7KFZsurz_J1aaS2fmPUvk HTTP/1.1" 404 4566
INFO 2026-06-09 21:38:04,275 "OPTIONS /api/payments/mpesa-payments/status/?checkout_request_id=ws_CO_09062026213831983745618114 HTTP/1.1" 200 0
INFO 2026-06-09 21:38:05,188 "GET /api/notifications/notifications/?ordering=-created_at HTTP/1.1" 200 52
WARNING 2026-06-09 21:38:07,006 Not Found: /ws/notifications/
WARNING 2026-06-09 21:38:07,009 "GET /ws/notifications/?token=eyJhbGciOiJIUzI1NiIsInR5cCI6IkpXVCJ9.eyJ0b2tlbl90eXBlIjoiYWNjZXNzIiwiZXhwIjoxNzgxMDU4NjA0LCJpYXQiOjE3ODEwMjk4MDQsImp0aSI6ImM3MjQ2MTg2ODAwYTRlMGU4NDdlZGQ5ZjkwZjU5OGJiIiwidXNlcl9pZCI6IjkifQ.wlsPu05Ckv6fYNOSyY6yVp7KFZsurz_J1aaS2fmPUvk HTTP/1.1" 404 4566
INFO 2026-06-09 21:38:08,138 "GET /api/payments/mpesa-payments/status/?checkout_request_id=ws_CO_09062026213831983745618114 HTTP/1.1" 200 241
WARNING 2026-06-09 21:39:03,015 Not Found: /ws/notifications/
INFO 2026-06-09 21:39:03,069 "GET /api/sales/ HTTP/1.1" 200 52
WARNING 2026-06-09 21:39:03,070 "GET /ws/notifications/?token=eyJhbGciOiJIUzI1NiIsInR5cCI6IkpXVCJ9.eyJ0b2tlbl90eXBlIjoiYWNjZXNzIiwiZXhwIjoxNzgxMDU4NjA0LCJpYXQiOjE3ODEwMjk4MDQsImp0aSI6ImM3MjQ2MTg2ODAwYTRlMGU4NDdlZGQ5ZjkwZjU5OGJiIiwidXNlcl9pZCI6IjkifQ.wlsPu05Ckv6fYNOSyY6yVp7KFZsurz_J1aaS2fmPUvk HTTP/1.1" 404 4566
INFO 2026-06-09 21:39:03,070 "GET /api/products/suppliers/ HTTP/1.1" 200 1014
INFO 2026-06-09 21:39:03,123 "GET /api/notifications/notifications/?ordering=-created_at HTTP/1.1" 200 52
INFO 2026-06-09 21:39:03,129 - Broken pipe from ('127.0.0.1', 55017)
INFO 2026-06-09 21:39:03,140 "GET /api/customers/ HTTP/1.1" 200 1217
INFO 2026-06-09 21:39:03,147 "GET /api/inventory/purchase-orders/ HTTP/1.1" 200 52
INFO 2026-06-09 21:39:03,165 "GET /api/products/ HTTP/1.1" 200 2052
INFO 2026-06-09 21:39:03,311 "GET /api/notifications/notifications/?ordering=-created_at HTTP/1.1" 200 52
INFO 2026-06-09 21:39:03,320 "GET /api/users/ HTTP/1.1" 200 5968
INFO 2026-06-09 21:39:05,133 "GET /api/notifications/notifications/?ordering=-created_at HTTP/1.1" 200 52
WARNING 2026-06-09 21:39:29,973 Not Found: /ws/notifications/
WARNING 2026-06-09 21:39:29,991 "GET /ws/notifications/?token=eyJhbGciOiJIUzI1NiIsInR5cCI6IkpXVCJ9.eyJ0b2tlbl90eXBlIjoiYWNjZXNzIiwiZXhwIjoxNzgxMDU4NjA0LCJpYXQiOjE3ODEwMjk4MDQsImp0aSI6ImM3MjQ2MTg2ODAwYTRlMGU4NDdlZGQ5ZjkwZjU5OGJiIiwidXNlcl9pZCI6IjkifQ.wlsPu05Ckv6fYNOSyY6yVp7KFZsurz_J1aaS2fmPUvk HTTP/1.1" 404 4566
INFO 2026-06-09 21:39:30,005 "GET /api/sales/ HTTP/1.1" 200 52
INFO 2026-06-09 21:39:30,009 "GET /api/customers/ HTTP/1.1" 200 1217
INFO 2026-06-09 21:39:30,059 "GET /api/inventory/purchase-orders/ HTTP/1.1" 200 52
INFO 2026-06-09 21:39:30,060 "GET /api/notifications/notifications/?ordering=-created_at HTTP/1.1" 200 52
INFO 2026-06-09 21:39:30,073 "GET /api/products/suppliers/ HTTP/1.1" 200 1014
INFO 2026-06-09 21:39:30,159 "GET /api/products/ HTTP/1.1" 200 2052
INFO 2026-06-09 21:39:30,426 "GET /api/notifications/notifications/?ordering=-created_at HTTP/1.1" 200 52
INFO 2026-06-09 21:39:30,428 "GET /api/users/ HTTP/1.1" 200 5968
WARNING 2026-06-09 21:39:35,056 Not Found: /ws/notifications/
WARNING 2026-06-09 21:39:35,059 "GET /ws/notifications/?token=eyJhbGciOiJIUzI1NiIsInR5cCI6IkpXVCJ9.eyJ0b2tlbl90eXBlIjoiYWNjZXNzIiwiZXhwIjoxNzgxMDU4NjA0LCJpYXQiOjE3ODEwMjk4MDQsImp0aSI6ImM3MjQ2MTg2ODAwYTRlMGU4NDdlZGQ5ZjkwZjU5OGJiIiwidXNlcl9pZCI6IjkifQ.wlsPu05Ckv6fYNOSyY6yVp7KFZsurz_J1aaS2fmPUvk HTTP/1.1" 404 4566
INFO 2026-06-09 21:39:35,123 "GET /api/notifications/notifications/?ordering=-created_at HTTP/1.1" 200 52
WARNING 2026-06-09 21:39:40,219 Not Found: /ws/notifications/
WARNING 2026-06-09 21:39:40,241 "GET /ws/notifications/?token=eyJhbGciOiJIUzI1NiIsInR5cCI6IkpXVCJ9.eyJ0b2tlbl90eXBlIjoiYWNjZXNzIiwiZXhwIjoxNzgxMDU4NjA0LCJpYXQiOjE3ODEwMjk4MDQsImp0aSI6ImM3MjQ2MTg2ODAwYTRlMGU4NDdlZGQ5ZjkwZjU5OGJiIiwidXNlcl9pZCI6IjkifQ.wlsPu05Ckv6fYNOSyY6yVp7KFZsurz_J1aaS2fmPUvk HTTP/1.1" 404 4566
INFO 2026-06-09 21:39:44,572 "GET /api/customers/ HTTP/1.1" 200 1217
INFO 2026-06-09 21:39:44,587 "GET /api/inventory/purchase-orders/ HTTP/1.1" 200 52
INFO 2026-06-09 21:39:44,591 "GET /api/notifications/notifications/?ordering=-created_at HTTP/1.1" 200 52
INFO 2026-06-09 21:39:44,622 "GET /api/sales/ HTTP/1.1" 200 52
INFO 2026-06-09 21:39:44,629 "GET /api/products/ HTTP/1.1" 200 2052
INFO 2026-06-09 21:39:44,649 "GET /api/products/suppliers/ HTTP/1.1" 200 1014
INFO 2026-06-09 21:39:44,701 "GET /api/users/ HTTP/1.1" 200 5968
WARNING 2026-06-09 21:39:45,265 Not Found: /ws/notifications/
WARNING 2026-06-09 21:39:45,266 "GET /ws/notifications/?token=eyJhbGciOiJIUzI1NiIsInR5cCI6IkpXVCJ9.eyJ0b2tlbl90eXBlIjoiYWNjZXNzIiwiZXhwIjoxNzgxMDU4NjA0LCJpYXQiOjE3ODEwMjk4MDQsImp0aSI6ImM3MjQ2MTg2ODAwYTRlMGU4NDdlZGQ5ZjkwZjU5OGJiIiwidXNlcl9pZCI6IjkifQ.wlsPu05Ckv6fYNOSyY6yVp7KFZsurz_J1aaS2fmPUvk HTTP/1.1" 404 4566
INFO 2026-06-09 21:39:50,210 "GET /api/notifications/notifications/?ordering=-created_at HTTP/1.1" 200 52
WARNING 2026-06-09 21:39:50,334 Not Found: /ws/notifications/
WARNING 2026-06-09 21:39:50,343 "GET /ws/notifications/?token=eyJhbGciOiJIUzI1NiIsInR5cCI6IkpXVCJ9.eyJ0b2tlbl90eXBlIjoiYWNjZXNzIiwiZXhwIjoxNzgxMDU4NjA0LCJpYXQiOjE3ODEwMjk4MDQsImp0aSI6ImM3MjQ2MTg2ODAwYTRlMGU4NDdlZGQ5ZjkwZjU5OGJiIiwidXNlcl9pZCI6IjkifQ.wlsPu05Ckv6fYNOSyY6yVp7KFZsurz_J1aaS2fmPUvk HTTP/1.1" 404 4566
WARNING 2026-06-09 21:39:55,457 Not Found: /ws/notifications/
WARNING 2026-06-09 21:39:55,459 "GET /ws/notifications/?token=eyJhbGciOiJIUzI1NiIsInR5cCI6IkpXVCJ9.eyJ0b2tlbl90eXBlIjoiYWNjZXNzIiwiZXhwIjoxNzgxMDU4NjA0LCJpYXQiOjE3ODEwMjk4MDQsImp0aSI6ImM3MjQ2MTg2ODAwYTRlMGU4NDdlZGQ5ZjkwZjU5OGJiIiwidXNlcl9pZCI6IjkifQ.wlsPu05Ckv6fYNOSyY6yVp7KFZsurz_J1aaS2fmPUvk HTTP/1.1" 404 4566
WARNING 2026-06-09 21:40:00,489 Not Found: /ws/notifications/
WARNING 2026-06-09 21:40:00,491 "GET /ws/notifications/?token=eyJhbGciOiJIUzI1NiIsInR5cCI6IkpXVCJ9.eyJ0b2tlbl90eXBlIjoiYWNjZXNzIiwiZXhwIjoxNzgxMDU4NjA0LCJpYXQiOjE3ODEwMjk4MDQsImp0aSI6ImM3MjQ2MTg2ODAwYTRlMGU4NDdlZGQ5ZjkwZjU5OGJiIiwidXNlcl9pZCI6IjkifQ.wlsPu05Ckv6fYNOSyY6yVp7KFZsurz_J1aaS2fmPUvk HTTP/1.1" 404 4566
INFO 2026-06-09 21:40:05,210 "GET /api/notifications/notifications/?ordering=-created_at HTTP/1.1" 200 52
WARNING 2026-06-09 21:40:05,539 Not Found: /ws/notifications/
WARNING 2026-06-09 21:40:05,542 "GET /ws/notifications/?token=eyJhbGciOiJIUzI1NiIsInR5cCI6IkpXVCJ9.eyJ0b2tlbl90eXBlIjoiYWNjZXNzIiwiZXhwIjoxNzgxMDU4NjA0LCJpYXQiOjE3ODEwMjk4MDQsImp0aSI6ImM3MjQ2MTg2ODAwYTRlMGU4NDdlZGQ5ZjkwZjU5OGJiIiwidXNlcl9pZCI6IjkifQ.wlsPu05Ckv6fYNOSyY6yVp7KFZsurz_J1aaS2fmPUvk HTTP/1.1" 404 4566
INFO 2026-06-09 21:40:05,758 "GET /media/products/laptop-bef51506.webp HTTP/1.1" 304 0
WARNING 2026-06-09 21:40:10,627 Not Found: /ws/notifications/
WARNING 2026-06-09 21:40:10,641 "GET /ws/notifications/?token=eyJhbGciOiJIUzI1NiIsInR5cCI6IkpXVCJ9.eyJ0b2tlbl90eXBlIjoiYWNjZXNzIiwiZXhwIjoxNzgxMDU4NjA0LCJpYXQiOjE3ODEwMjk4MDQsImp0aSI6ImM3MjQ2MTg2ODAwYTRlMGU4NDdlZGQ5ZjkwZjU5OGJiIiwidXNlcl9pZCI6IjkifQ.wlsPu05Ckv6fYNOSyY6yVp7KFZsurz_J1aaS2fmPUvk HTTP/1.1" 404 4566
INFO 2026-06-09 21:40:10,644 - Broken pipe from ('127.0.0.1', 58346)
INFO 2026-06-09 21:40:13,304 "GET /api/sales/ HTTP/1.1" 200 52
INFO 2026-06-09 21:40:13,320 "GET /api/inventory/purchase-orders/ HTTP/1.1" 200 52
INFO 2026-06-09 21:40:13,323 "GET /api/customers/ HTTP/1.1" 200 1217
INFO 2026-06-09 21:40:13,353 "GET /api/products/suppliers/ HTTP/1.1" 200 1014
INFO 2026-06-09 21:40:13,353 "GET /api/products/ HTTP/1.1" 200 2052
INFO 2026-06-09 21:40:13,354 "GET /api/users/ HTTP/1.1" 200 5968
WARNING 2026-06-09 21:40:15,671 Not Found: /ws/notifications/
WARNING 2026-06-09 21:40:15,672 "GET /ws/notifications/?token=eyJhbGciOiJIUzI1NiIsInR5cCI6IkpXVCJ9.eyJ0b2tlbl90eXBlIjoiYWNjZXNzIiwiZXhwIjoxNzgxMDU4NjA0LCJpYXQiOjE3ODEwMjk4MDQsImp0aSI6ImM3MjQ2MTg2ODAwYTRlMGU4NDdlZGQ5ZjkwZjU5OGJiIiwidXNlcl9pZCI6IjkifQ.wlsPu05Ckv6fYNOSyY6yVp7KFZsurz_J1aaS2fmPUvk HTTP/1.1" 404 4566
INFO 2026-06-09 21:40:20,114 "GET /api/notifications/notifications/?ordering=-created_at HTTP/1.1" 200 52
WARNING 2026-06-09 21:40:20,725 Not Found: /ws/notifications/
WARNING 2026-06-09 21:40:20,729 "GET /ws/notifications/?token=eyJhbGciOiJIUzI1NiIsInR5cCI6IkpXVCJ9.eyJ0b2tlbl90eXBlIjoiYWNjZXNzIiwiZXhwIjoxNzgxMDU4NjA0LCJpYXQiOjE3ODEwMjk4MDQsImp0aSI6ImM3MjQ2MTg2ODAwYTRlMGU4NDdlZGQ5ZjkwZjU5OGJiIiwidXNlcl9pZCI6IjkifQ.wlsPu05Ckv6fYNOSyY6yVp7KFZsurz_J1aaS2fmPUvk HTTP/1.1" 404 4566
INFO 2026-06-09 21:40:20,729 - Broken pipe from ('127.0.0.1', 51539)
WARNING 2026-06-09 21:40:25,792 Not Found: /ws/notifications/
WARNING 2026-06-09 21:40:25,793 "GET /ws/notifications/?token=eyJhbGciOiJIUzI1NiIsInR5cCI6IkpXVCJ9.eyJ0b2tlbl90eXBlIjoiYWNjZXNzIiwiZXhwIjoxNzgxMDU4NjA0LCJpYXQiOjE3ODEwMjk4MDQsImp0aSI6ImM3MjQ2MTg2ODAwYTRlMGU4NDdlZGQ5ZjkwZjU5OGJiIiwidXNlcl9pZCI6IjkifQ.wlsPu05Ckv6fYNOSyY6yVp7KFZsurz_J1aaS2fmPUvk HTTP/1.1" 404 4566
WARNING 2026-06-09 21:40:34,494 Not Found: /ws/notifications/
WARNING 2026-06-09 21:40:34,503 "GET /ws/notifications/?token=eyJhbGciOiJIUzI1NiIsInR5cCI6IkpXVCJ9.eyJ0b2tlbl90eXBlIjoiYWNjZXNzIiwiZXhwIjoxNzgxMDU4NjA0LCJpYXQiOjE3ODEwMjk4MDQsImp0aSI6ImM3MjQ2MTg2ODAwYTRlMGU4NDdlZGQ5ZjkwZjU5OGJiIiwidXNlcl9pZCI6IjkifQ.wlsPu05Ckv6fYNOSyY6yVp7KFZsurz_J1aaS2fmPUvk HTTP/1.1" 404 4566
INFO 2026-06-09 21:40:34,517 "GET /api/notifications/notifications/?ordering=-created_at HTTP/1.1" 200 52
INFO 2026-06-09 21:40:35,141 "GET /api/notifications/notifications/?ordering=-created_at HTTP/1.1" 200 52
WARNING 2026-06-09 21:40:39,651 Not Found: /ws/notifications/
WARNING 2026-06-09 21:40:39,652 "GET /ws/notifications/?token=eyJhbGciOiJIUzI1NiIsInR5cCI6IkpXVCJ9.eyJ0b2tlbl90eXBlIjoiYWNjZXNzIiwiZXhwIjoxNzgxMDU4NjA0LCJpYXQiOjE3ODEwMjk4MDQsImp0aSI6ImM3MjQ2MTg2ODAwYTRlMGU4NDdlZGQ5ZjkwZjU5OGJiIiwidXNlcl9pZCI6IjkifQ.wlsPu05Ckv6fYNOSyY6yVp7KFZsurz_J1aaS2fmPUvk HTTP/1.1" 404 4566
INFO 2026-06-09 21:40:43,351 "GET /api/inventory/purchase-orders/ HTTP/1.1" 200 52
INFO 2026-06-09 21:40:43,368 "GET /api/sales/ HTTP/1.1" 200 52
INFO 2026-06-09 21:40:43,398 "GET /api/products/suppliers/ HTTP/1.1" 200 1014
INFO 2026-06-09 21:40:43,407 "GET /api/users/ HTTP/1.1" 200 5968
INFO 2026-06-09 21:40:43,411 "GET /api/customers/ HTTP/1.1" 200 1217
INFO 2026-06-09 21:40:43,424 "GET /api/products/ HTTP/1.1" 200 2052
WARNING 2026-06-09 21:40:44,555 Bad Request: /api/sales/
WARNING 2026-06-09 21:40:44,558 "POST /api/sales/ HTTP/1.1" 400 39
WARNING 2026-06-09 21:40:46,042 Not Found: /ws/notifications/
WARNING 2026-06-09 21:40:46,049 "GET /ws/notifications/?token=eyJhbGciOiJIUzI1NiIsInR5cCI6IkpXVCJ9.eyJ0b2tlbl90eXBlIjoiYWNjZXNzIiwiZXhwIjoxNzgxMDU4NjA0LCJpYXQiOjE3ODEwMjk4MDQsImp0aSI6ImM3MjQ2MTg2ODAwYTRlMGU4NDdlZGQ5ZjkwZjU5OGJiIiwidXNlcl9pZCI6IjkifQ.wlsPu05Ckv6fYNOSyY6yVp7KFZsurz_J1aaS2fmPUvk HTTP/1.1" 404 4566
INFO 2026-06-09 21:40:50,126 "GET /api/notifications/notifications/?ordering=-created_at HTTP/1.1" 200 52
WARNING 2026-06-09 21:40:51,390 Not Found: /ws/notifications/
WARNING 2026-06-09 21:40:51,391 "GET /ws/notifications/?token=eyJhbGciOiJIUzI1NiIsInR5cCI6IkpXVCJ9.eyJ0b2tlbl90eXBlIjoiYWNjZXNzIiwiZXhwIjoxNzgxMDU4NjA0LCJpYXQiOjE3ODEwMjk4MDQsImp0aSI6ImM3MjQ2MTg2ODAwYTRlMGU4NDdlZGQ5ZjkwZjU5OGJiIiwidXNlcl9pZCI6IjkifQ.wlsPu05Ckv6fYNOSyY6yVp7KFZsurz_J1aaS2fmPUvk HTTP/1.1" 404 4566
WARNING 2026-06-09 21:40:57,236 Not Found: /ws/notifications/
WARNING 2026-06-09 21:40:57,238 "GET /ws/notifications/?token=eyJhbGciOiJIUzI1NiIsInR5cCI6IkpXVCJ9.eyJ0b2tlbl90eXBlIjoiYWNjZXNzIiwiZXhwIjoxNzgxMDU4NjA0LCJpYXQiOjE3ODEwMjk4MDQsImp0aSI6ImM3MjQ2MTg2ODAwYTRlMGU4NDdlZGQ5ZjkwZjU5OGJiIiwidXNlcl9pZCI6IjkifQ.wlsPu05Ckv6fYNOSyY6yVp7KFZsurz_J1aaS2fmPUvk HTTP/1.1" 404 4566
WARNING 2026-06-09 21:41:03,243 Not Found: /ws/notifications/
WARNING 2026-06-09 21:41:03,244 "GET /ws/notifications/?token=eyJhbGciOiJIUzI1NiIsInR5cCI6IkpXVCJ9.eyJ0b2tlbl90eXBlIjoiYWNjZXNzIiwiZXhwIjoxNzgxMDU4NjA0LCJpYXQiOjE3ODEwMjk4MDQsImp0aSI6ImM3MjQ2MTg2ODAwYTRlMGU4NDdlZGQ5ZjkwZjU5OGJiIiwidXNlcl9pZCI6IjkifQ.wlsPu05Ckv6fYNOSyY6yVp7KFZsurz_J1aaS2fmPUvk HTTP/1.1" 404 4566
INFO 2026-06-09 21:41:05,140 "GET /api/notifications/notifications/?ordering=-created_at HTTP/1.1" 200 52
WARNING 2026-06-09 21:41:10,589 Not Found: /ws/notifications/
WARNING 2026-06-09 21:41:10,592 "GET /ws/notifications/?token=eyJhbGciOiJIUzI1NiIsInR5cCI6IkpXVCJ9.eyJ0b2tlbl90eXBlIjoiYWNjZXNzIiwiZXhwIjoxNzgxMDU4NjA0LCJpYXQiOjE3ODEwMjk4MDQsImp0aSI6ImM3MjQ2MTg2ODAwYTRlMGU4NDdlZGQ5ZjkwZjU5OGJiIiwidXNlcl9pZCI6IjkifQ.wlsPu05Ckv6fYNOSyY6yVp7KFZsurz_J1aaS2fmPUvk HTTP/1.1" 404 4566
INFO 2026-06-09 21:41:10,593 - Broken pipe from ('127.0.0.1', 52268)
INFO 2026-06-09 21:41:13,370 "GET /api/sales/ HTTP/1.1" 200 52
INFO 2026-06-09 21:41:13,430 "GET /api/users/ HTTP/1.1" 200 5968
INFO 2026-06-09 21:41:13,433 "GET /api/inventory/purchase-orders/ HTTP/1.1" 200 52
INFO 2026-06-09 21:41:13,431 "GET /api/products/suppliers/ HTTP/1.1" 200 1014
INFO 2026-06-09 21:41:13,440 "GET /api/customers/ HTTP/1.1" 200 1217
INFO 2026-06-09 21:41:13,449 "GET /api/products/ HTTP/1.1" 200 2052
WARNING 2026-06-09 21:41:18,274 Not Found: /ws/notifications/
WARNING 2026-06-09 21:41:18,277 "GET /ws/notifications/?token=eyJhbGciOiJIUzI1NiIsInR5cCI6IkpXVCJ9.eyJ0b2tlbl90eXBlIjoiYWNjZXNzIiwiZXhwIjoxNzgxMDU4NjA0LCJpYXQiOjE3ODEwMjk4MDQsImp0aSI6ImM3MjQ2MTg2ODAwYTRlMGU4NDdlZGQ5ZjkwZjU5OGJiIiwidXNlcl9pZCI6IjkifQ.wlsPu05Ckv6fYNOSyY6yVp7KFZsurz_J1aaS2fmPUvk HTTP/1.1" 404 4566
INFO 2026-06-09 21:41:20,110 "GET /api/notifications/notifications/?ordering=-created_at HTTP/1.1" 200 52
INFO 2026-06-09 21:41:26,829 "GET /api/notifications/notifications/?ordering=-created_at HTTP/1.1" 200 52
WARNING 2026-06-09 21:41:27,304 Not Found: /ws/notifications/
WARNING 2026-06-09 21:41:27,305 "GET /ws/notifications/?token=eyJhbGciOiJIUzI1NiIsInR5cCI6IkpXVCJ9.eyJ0b2tlbl90eXBlIjoiYWNjZXNzIiwiZXhwIjoxNzgxMDU4NjA0LCJpYXQiOjE3ODEwMjk4MDQsImp0aSI6ImM3MjQ2MTg2ODAwYTRlMGU4NDdlZGQ5ZjkwZjU5OGJiIiwidXNlcl9pZCI6IjkifQ.wlsPu05Ckv6fYNOSyY6yVp7KFZsurz_J1aaS2fmPUvk HTTP/1.1" 404 4566
INFO 2026-06-09 21:41:35,120 "GET /api/notifications/notifications/?ordering=-created_at HTTP/1.1" 200 52
WARNING 2026-06-09 21:41:36,983 Not Found: /ws/notifications/
WARNING 2026-06-09 21:41:36,986 "GET /ws/notifications/?token=eyJhbGciOiJIUzI1NiIsInR5cCI6IkpXVCJ9.eyJ0b2tlbl90eXBlIjoiYWNjZXNzIiwiZXhwIjoxNzgxMDU4NjA0LCJpYXQiOjE3ODEwMjk4MDQsImp0aSI6ImM3MjQ2MTg2ODAwYTRlMGU4NDdlZGQ5ZjkwZjU5OGJiIiwidXNlcl9pZCI6IjkifQ.wlsPu05Ckv6fYNOSyY6yVp7KFZsurz_J1aaS2fmPUvk HTTP/1.1" 404 4566
WARNING 2026-06-09 21:41:42,056 Not Found: /ws/notifications/
WARNING 2026-06-09 21:41:42,062 "GET /ws/notifications/?token=eyJhbGciOiJIUzI1NiIsInR5cCI6IkpXVCJ9.eyJ0b2tlbl90eXBlIjoiYWNjZXNzIiwiZXhwIjoxNzgxMDU4NjA0LCJpYXQiOjE3ODEwMjk4MDQsImp0aSI6ImM3MjQ2MTg2ODAwYTRlMGU4NDdlZGQ5ZjkwZjU5OGJiIiwidXNlcl9pZCI6IjkifQ.wlsPu05Ckv6fYNOSyY6yVp7KFZsurz_J1aaS2fmPUvk HTTP/1.1" 404 4566
INFO 2026-06-09 21:41:43,450 "GET /api/sales/ HTTP/1.1" 200 52
INFO 2026-06-09 21:41:43,481 "GET /api/customers/ HTTP/1.1" 200 1217
INFO 2026-06-09 21:41:43,506 "GET /api/inventory/purchase-orders/ HTTP/1.1" 200 52
INFO 2026-06-09 21:41:43,638 "GET /api/products/suppliers/ HTTP/1.1" 200 1014
INFO 2026-06-09 21:41:43,661 "GET /api/users/ HTTP/1.1" 200 5968
INFO 2026-06-09 21:41:43,740 "GET /api/products/ HTTP/1.1" 200 2052
WARNING 2026-06-09 21:41:47,081 Not Found: /ws/notifications/
WARNING 2026-06-09 21:41:47,082 "GET /ws/notifications/?token=eyJhbGciOiJIUzI1NiIsInR5cCI6IkpXVCJ9.eyJ0b2tlbl90eXBlIjoiYWNjZXNzIiwiZXhwIjoxNzgxMDU4NjA0LCJpYXQiOjE3ODEwMjk4MDQsImp0aSI6ImM3MjQ2MTg2ODAwYTRlMGU4NDdlZGQ5ZjkwZjU5OGJiIiwidXNlcl9pZCI6IjkifQ.wlsPu05Ckv6fYNOSyY6yVp7KFZsurz_J1aaS2fmPUvk HTTP/1.1" 404 4566
INFO 2026-06-09 21:41:47,482 "GET /media/products/laptop-bef51506.webp HTTP/1.1" 304 0
INFO 2026-06-09 21:41:50,497 "GET /api/notifications/notifications/?ordering=-created_at HTTP/1.1" 200 52
WARNING 2026-06-09 21:41:52,171 Not Found: /ws/notifications/
WARNING 2026-06-09 21:41:52,172 "GET /ws/notifications/?token=eyJhbGciOiJIUzI1NiIsInR5cCI6IkpXVCJ9.eyJ0b2tlbl90eXBlIjoiYWNjZXNzIiwiZXhwIjoxNzgxMDU4NjA0LCJpYXQiOjE3ODEwMjk4MDQsImp0aSI6ImM3MjQ2MTg2ODAwYTRlMGU4NDdlZGQ5ZjkwZjU5OGJiIiwidXNlcl9pZCI6IjkifQ.wlsPu05Ckv6fYNOSyY6yVp7KFZsurz_J1aaS2fmPUvk HTTP/1.1" 404 4566
INFO 2026-06-09 21:41:53,105 "GET /admin/products/product/ HTTP/1.1" 200 31583
INFO 2026-06-09 21:41:53,661 "GET /admin/jsi18n/ HTTP/1.1" 200 3342
WARNING 2026-06-09 21:41:58,173 Not Found: /ws/notifications/
WARNING 2026-06-09 21:41:58,175 "GET /ws/notifications/?token=eyJhbGciOiJIUzI1NiIsInR5cCI6IkpXVCJ9.eyJ0b2tlbl90eXBlIjoiYWNjZXNzIiwiZXhwIjoxNzgxMDU4NjA0LCJpYXQiOjE3ODEwMjk4MDQsImp0aSI6ImM3MjQ2MTg2ODAwYTRlMGU4NDdlZGQ5ZjkwZjU5OGJiIiwidXNlcl9pZCI6IjkifQ.wlsPu05Ckv6fYNOSyY6yVp7KFZsurz_J1aaS2fmPUvk HTTP/1.1" 404 4566
WARNING 2026-06-09 21:42:04,134 Not Found: /ws/notifications/
WARNING 2026-06-09 21:42:04,135 "GET /ws/notifications/?token=eyJhbGciOiJIUzI1NiIsInR5cCI6IkpXVCJ9.eyJ0b2tlbl90eXBlIjoiYWNjZXNzIiwiZXhwIjoxNzgxMDU4NjA0LCJpYXQiOjE3ODEwMjk4MDQsImp0aSI6ImM3MjQ2MTg2ODAwYTRlMGU4NDdlZGQ5ZjkwZjU5OGJiIiwidXNlcl9pZCI6IjkifQ.wlsPu05Ckv6fYNOSyY6yVp7KFZsurz_J1aaS2fmPUvk HTTP/1.1" 404 4566
INFO 2026-06-09 21:42:05,233 "GET /api/notifications/notifications/?ordering=-created_at HTTP/1.1" 200 52
INFO 2026-06-09 21:42:08,609 "GET /api/notifications/notifications/?ordering=-created_at HTTP/1.1" 200 52
WARNING 2026-06-09 21:42:09,332 Not Found: /ws/notifications/
WARNING 2026-06-09 21:42:09,335 "GET /ws/notifications/?token=eyJhbGciOiJIUzI1NiIsInR5cCI6IkpXVCJ9.eyJ0b2tlbl90eXBlIjoiYWNjZXNzIiwiZXhwIjoxNzgxMDU4NjA0LCJpYXQiOjE3ODEwMjk4MDQsImp0aSI6ImM3MjQ2MTg2ODAwYTRlMGU4NDdlZGQ5ZjkwZjU5OGJiIiwidXNlcl9pZCI6IjkifQ.wlsPu05Ckv6fYNOSyY6yVp7KFZsurz_J1aaS2fmPUvk HTTP/1.1" 404 4566
INFO 2026-06-09 21:42:13,417 "GET /api/sales/ HTTP/1.1" 200 52
INFO 2026-06-09 21:42:13,436 "GET /api/customers/ HTTP/1.1" 200 1217
INFO 2026-06-09 21:42:13,477 "GET /api/inventory/purchase-orders/ HTTP/1.1" 200 52
INFO 2026-06-09 21:42:13,478 "GET /api/users/ HTTP/1.1" 200 5968
INFO 2026-06-09 21:42:13,493 "GET /api/products/suppliers/ HTTP/1.1" 200 1014
INFO 2026-06-09 21:42:13,505 "GET /api/products/ HTTP/1.1" 200 2052
WARNING 2026-06-09 21:42:14,382 Not Found: /ws/notifications/
WARNING 2026-06-09 21:42:14,383 "GET /ws/notifications/?token=eyJhbGciOiJIUzI1NiIsInR5cCI6IkpXVCJ9.eyJ0b2tlbl90eXBlIjoiYWNjZXNzIiwiZXhwIjoxNzgxMDU4NjA0LCJpYXQiOjE3ODEwMjk4MDQsImp0aSI6ImM3MjQ2MTg2ODAwYTRlMGU4NDdlZGQ5ZjkwZjU5OGJiIiwidXNlcl9pZCI6IjkifQ.wlsPu05Ckv6fYNOSyY6yVp7KFZsurz_J1aaS2fmPUvk HTTP/1.1" 404 4566
WARNING 2026-06-09 21:42:19,415 Not Found: /ws/notifications/
WARNING 2026-06-09 21:42:19,417 "GET /ws/notifications/?token=eyJhbGciOiJIUzI1NiIsInR5cCI6IkpXVCJ9.eyJ0b2tlbl90eXBlIjoiYWNjZXNzIiwiZXhwIjoxNzgxMDU4NjA0LCJpYXQiOjE3ODEwMjk4MDQsImp0aSI6ImM3MjQ2MTg2ODAwYTRlMGU4NDdlZGQ5ZjkwZjU5OGJiIiwidXNlcl9pZCI6IjkifQ.wlsPu05Ckv6fYNOSyY6yVp7KFZsurz_J1aaS2fmPUvk HTTP/1.1" 404 4566
INFO 2026-06-09 21:42:20,143 "GET /api/notifications/notifications/?ordering=-created_at HTTP/1.1" 200 52
WARNING 2026-06-09 21:42:24,490 Not Found: /ws/notifications/
WARNING 2026-06-09 21:42:24,492 "GET /ws/notifications/?token=eyJhbGciOiJIUzI1NiIsInR5cCI6IkpXVCJ9.eyJ0b2tlbl90eXBlIjoiYWNjZXNzIiwiZXhwIjoxNzgxMDU4NjA0LCJpYXQiOjE3ODEwMjk4MDQsImp0aSI6ImM3MjQ2MTg2ODAwYTRlMGU4NDdlZGQ5ZjkwZjU5OGJiIiwidXNlcl9pZCI6IjkifQ.wlsPu05Ckv6fYNOSyY6yVp7KFZsurz_J1aaS2fmPUvk HTTP/1.1" 404 4566
WARNING 2026-06-09 21:42:29,554 Not Found: /ws/notifications/
WARNING 2026-06-09 21:42:29,561 "GET /ws/notifications/?token=eyJhbGciOiJIUzI1NiIsInR5cCI6IkpXVCJ9.eyJ0b2tlbl90eXBlIjoiYWNjZXNzIiwiZXhwIjoxNzgxMDU4NjA0LCJpYXQiOjE3ODEwMjk4MDQsImp0aSI6ImM3MjQ2MTg2ODAwYTRlMGU4NDdlZGQ5ZjkwZjU5OGJiIiwidXNlcl9pZCI6IjkifQ.wlsPu05Ckv6fYNOSyY6yVp7KFZsurz_J1aaS2fmPUvk HTTP/1.1" 404 4566
WARNING 2026-06-09 21:42:34,668 Not Found: /ws/notifications/
WARNING 2026-06-09 21:42:34,670 "GET /ws/notifications/?token=eyJhbGciOiJIUzI1NiIsInR5cCI6IkpXVCJ9.eyJ0b2tlbl90eXBlIjoiYWNjZXNzIiwiZXhwIjoxNzgxMDU4NjA0LCJpYXQiOjE3ODEwMjk4MDQsImp0aSI6ImM3MjQ2MTg2ODAwYTRlMGU4NDdlZGQ5ZjkwZjU5OGJiIiwidXNlcl9pZCI6IjkifQ.wlsPu05Ckv6fYNOSyY6yVp7KFZsurz_J1aaS2fmPUvk HTTP/1.1" 404 4566
INFO 2026-06-09 21:42:35,117 "GET /api/notifications/notifications/?ordering=-created_at HTTP/1.1" 200 52
WARNING 2026-06-09 21:42:39,859 Not Found: /ws/notifications/
WARNING 2026-06-09 21:42:39,861 "GET /ws/notifications/?token=eyJhbGciOiJIUzI1NiIsInR5cCI6IkpXVCJ9.eyJ0b2tlbl90eXBlIjoiYWNjZXNzIiwiZXhwIjoxNzgxMDU4NjA0LCJpYXQiOjE3ODEwMjk4MDQsImp0aSI6ImM3MjQ2MTg2ODAwYTRlMGU4NDdlZGQ5ZjkwZjU5OGJiIiwidXNlcl9pZCI6IjkifQ.wlsPu05Ckv6fYNOSyY6yVp7KFZsurz_J1aaS2fmPUvk HTTP/1.1" 404 4566
INFO 2026-06-09 21:42:43,314 "GET /api/products/suppliers/ HTTP/1.1" 200 1014
INFO 2026-06-09 21:42:43,351 "GET /api/customers/ HTTP/1.1" 200 1217
INFO 2026-06-09 21:42:43,351 "GET /api/inventory/purchase-orders/ HTTP/1.1" 200 52
INFO 2026-06-09 21:42:43,351 "GET /api/sales/ HTTP/1.1" 200 52
INFO 2026-06-09 21:42:43,376 "GET /api/users/ HTTP/1.1" 200 5968
INFO 2026-06-09 21:42:43,388 "GET /api/products/ HTTP/1.1" 200 2052
WARNING 2026-06-09 21:42:45,168 Not Found: /ws/notifications/
WARNING 2026-06-09 21:42:45,170 "GET /ws/notifications/?token=eyJhbGciOiJIUzI1NiIsInR5cCI6IkpXVCJ9.eyJ0b2tlbl90eXBlIjoiYWNjZXNzIiwiZXhwIjoxNzgxMDU4NjA0LCJpYXQiOjE3ODEwMjk4MDQsImp0aSI6ImM3MjQ2MTg2ODAwYTRlMGU4NDdlZGQ5ZjkwZjU5OGJiIiwidXNlcl9pZCI6IjkifQ.wlsPu05Ckv6fYNOSyY6yVp7KFZsurz_J1aaS2fmPUvk HTTP/1.1" 404 4566
INFO 2026-06-09 21:42:50,153 "GET /api/notifications/notifications/?ordering=-created_at HTTP/1.1" 200 52
WARNING 2026-06-09 21:42:50,633 Not Found: /ws/notifications/
WARNING 2026-06-09 21:42:50,636 "GET /ws/notifications/?token=eyJhbGciOiJIUzI1NiIsInR5cCI6IkpXVCJ9.eyJ0b2tlbl90eXBlIjoiYWNjZXNzIiwiZXhwIjoxNzgxMDU4NjA0LCJpYXQiOjE3ODEwMjk4MDQsImp0aSI6ImM3MjQ2MTg2ODAwYTRlMGU4NDdlZGQ5ZjkwZjU5OGJiIiwidXNlcl9pZCI6IjkifQ.wlsPu05Ckv6fYNOSyY6yVp7KFZsurz_J1aaS2fmPUvk HTTP/1.1" 404 4566
WARNING 2026-06-09 21:42:56,249 Not Found: /ws/notifications/
WARNING 2026-06-09 21:42:56,251 "GET /ws/notifications/?token=eyJhbGciOiJIUzI1NiIsInR5cCI6IkpXVCJ9.eyJ0b2tlbl90eXBlIjoiYWNjZXNzIiwiZXhwIjoxNzgxMDU4NjA0LCJpYXQiOjE3ODEwMjk4MDQsImp0aSI6ImM3MjQ2MTg2ODAwYTRlMGU4NDdlZGQ5ZjkwZjU5OGJiIiwidXNlcl9pZCI6IjkifQ.wlsPu05Ckv6fYNOSyY6yVp7KFZsurz_J1aaS2fmPUvk HTTP/1.1" 404 4566
WARNING 2026-06-09 21:43:02,707 Not Found: /ws/notifications/
WARNING 2026-06-09 21:43:02,709 "GET /ws/notifications/?token=eyJhbGciOiJIUzI1NiIsInR5cCI6IkpXVCJ9.eyJ0b2tlbl90eXBlIjoiYWNjZXNzIiwiZXhwIjoxNzgxMDU4NjA0LCJpYXQiOjE3ODEwMjk4MDQsImp0aSI6ImM3MjQ2MTg2ODAwYTRlMGU4NDdlZGQ5ZjkwZjU5OGJiIiwidXNlcl9pZCI6IjkifQ.wlsPu05Ckv6fYNOSyY6yVp7KFZsurz_J1aaS2fmPUvk HTTP/1.1" 404 4566
INFO 2026-06-09 21:43:05,154 "GET /api/notifications/notifications/?ordering=-created_at HTTP/1.1" 200 52
WARNING 2026-06-09 21:43:10,596 Not Found: /ws/notifications/
WARNING 2026-06-09 21:43:10,601 "GET /ws/notifications/?token=eyJhbGciOiJIUzI1NiIsInR5cCI6IkpXVCJ9.eyJ0b2tlbl90eXBlIjoiYWNjZXNzIiwiZXhwIjoxNzgxMDU4NjA0LCJpYXQiOjE3ODEwMjk4MDQsImp0aSI6ImM3MjQ2MTg2ODAwYTRlMGU4NDdlZGQ5ZjkwZjU5OGJiIiwidXNlcl9pZCI6IjkifQ.wlsPu05Ckv6fYNOSyY6yVp7KFZsurz_J1aaS2fmPUvk HTTP/1.1" 404 4566
INFO 2026-06-09 21:43:13,328 "GET /api/inventory/purchase-orders/ HTTP/1.1" 200 52
INFO 2026-06-09 21:43:13,338 "GET /api/sales/ HTTP/1.1" 200 52
INFO 2026-06-09 21:43:13,339 "GET /api/products/suppliers/ HTTP/1.1" 200 1014
INFO 2026-06-09 21:43:13,347 "GET /api/customers/ HTTP/1.1" 200 1217
INFO 2026-06-09 21:43:13,362 "GET /api/users/ HTTP/1.1" 200 5968
INFO 2026-06-09 21:43:13,364 "GET /api/products/ HTTP/1.1" 200 2052
WARNING 2026-06-09 21:43:17,860 Not Found: /ws/notifications/
WARNING 2026-06-09 21:43:17,863 "GET /ws/notifications/?token=eyJhbGciOiJIUzI1NiIsInR5cCI6IkpXVCJ9.eyJ0b2tlbl90eXBlIjoiYWNjZXNzIiwiZXhwIjoxNzgxMDU4NjA0LCJpYXQiOjE3ODEwMjk4MDQsImp0aSI6ImM3MjQ2MTg2ODAwYTRlMGU4NDdlZGQ5ZjkwZjU5OGJiIiwidXNlcl9pZCI6IjkifQ.wlsPu05Ckv6fYNOSyY6yVp7KFZsurz_J1aaS2fmPUvk HTTP/1.1" 404 4566
INFO 2026-06-09 21:43:20,144 "GET /api/notifications/notifications/?ordering=-created_at HTTP/1.1" 200 52
WARNING 2026-06-09 21:43:23,936 Not Found: /ws/notifications/
WARNING 2026-06-09 21:43:23,937 "GET /ws/notifications/?token=eyJhbGciOiJIUzI1NiIsInR5cCI6IkpXVCJ9.eyJ0b2tlbl90eXBlIjoiYWNjZXNzIiwiZXhwIjoxNzgxMDU4NjA0LCJpYXQiOjE3ODEwMjk4MDQsImp0aSI6ImM3MjQ2MTg2ODAwYTRlMGU4NDdlZGQ5ZjkwZjU5OGJiIiwidXNlcl9pZCI6IjkifQ.wlsPu05Ckv6fYNOSyY6yVp7KFZsurz_J1aaS2fmPUvk HTTP/1.1" 404 4566
WARNING 2026-06-09 21:43:32,212 Not Found: /ws/notifications/
WARNING 2026-06-09 21:43:32,213 "GET /ws/notifications/?token=eyJhbGciOiJIUzI1NiIsInR5cCI6IkpXVCJ9.eyJ0b2tlbl90eXBlIjoiYWNjZXNzIiwiZXhwIjoxNzgxMDU4NjA0LCJpYXQiOjE3ODEwMjk4MDQsImp0aSI6ImM3MjQ2MTg2ODAwYTRlMGU4NDdlZGQ5ZjkwZjU5OGJiIiwidXNlcl9pZCI6IjkifQ.wlsPu05Ckv6fYNOSyY6yVp7KFZsurz_J1aaS2fmPUvk HTTP/1.1" 404 4566
INFO 2026-06-09 21:43:35,128 "GET /api/notifications/notifications/?ordering=-created_at HTTP/1.1" 200 52
WARNING 2026-06-09 21:43:38,985 Not Found: /ws/notifications/
WARNING 2026-06-09 21:43:38,987 "GET /ws/notifications/?token=eyJhbGciOiJIUzI1NiIsInR5cCI6IkpXVCJ9.eyJ0b2tlbl90eXBlIjoiYWNjZXNzIiwiZXhwIjoxNzgxMDU4NjA0LCJpYXQiOjE3ODEwMjk4MDQsImp0aSI6ImM3MjQ2MTg2ODAwYTRlMGU4NDdlZGQ5ZjkwZjU5OGJiIiwidXNlcl9pZCI6IjkifQ.wlsPu05Ckv6fYNOSyY6yVp7KFZsurz_J1aaS2fmPUvk HTTP/1.1" 404 4566
INFO 2026-06-09 21:43:43,441 "GET /api/customers/ HTTP/1.1" 200 1217
INFO 2026-06-09 21:43:43,455 "GET /api/sales/ HTTP/1.1" 200 52
INFO 2026-06-09 21:43:43,458 "GET /api/inventory/purchase-orders/ HTTP/1.1" 200 52
INFO 2026-06-09 21:43:43,514 "GET /api/products/suppliers/ HTTP/1.1" 200 1014
INFO 2026-06-09 21:43:43,514 "GET /api/users/ HTTP/1.1" 200 5968
INFO 2026-06-09 21:43:43,527 "GET /api/products/ HTTP/1.1" 200 2052
WARNING 2026-06-09 21:43:44,013 Not Found: /ws/notifications/
WARNING 2026-06-09 21:43:44,014 "GET /ws/notifications/?token=eyJhbGciOiJIUzI1NiIsInR5cCI6IkpXVCJ9.eyJ0b2tlbl90eXBlIjoiYWNjZXNzIiwiZXhwIjoxNzgxMDU4NjA0LCJpYXQiOjE3ODEwMjk4MDQsImp0aSI6ImM3MjQ2MTg2ODAwYTRlMGU4NDdlZGQ5ZjkwZjU5OGJiIiwidXNlcl9pZCI6IjkifQ.wlsPu05Ckv6fYNOSyY6yVp7KFZsurz_J1aaS2fmPUvk HTTP/1.1" 404 4566
WARNING 2026-06-09 21:43:49,051 Not Found: /ws/notifications/
WARNING 2026-06-09 21:43:49,057 "GET /ws/notifications/?token=eyJhbGciOiJIUzI1NiIsInR5cCI6IkpXVCJ9.eyJ0b2tlbl90eXBlIjoiYWNjZXNzIiwiZXhwIjoxNzgxMDU4NjA0LCJpYXQiOjE3ODEwMjk4MDQsImp0aSI6ImM3MjQ2MTg2ODAwYTRlMGU4NDdlZGQ5ZjkwZjU5OGJiIiwidXNlcl9pZCI6IjkifQ.wlsPu05Ckv6fYNOSyY6yVp7KFZsurz_J1aaS2fmPUvk HTTP/1.1" 404 4566
INFO 2026-06-09 21:43:49,061 - Broken pipe from ('127.0.0.1', 56072)
INFO 2026-06-09 21:43:50,117 "GET /api/notifications/notifications/?ordering=-created_at HTTP/1.1" 200 52
WARNING 2026-06-09 21:43:54,120 Not Found: /ws/notifications/
WARNING 2026-06-09 21:43:54,123 "GET /ws/notifications/?token=eyJhbGciOiJIUzI1NiIsInR5cCI6IkpXVCJ9.eyJ0b2tlbl90eXBlIjoiYWNjZXNzIiwiZXhwIjoxNzgxMDU4NjA0LCJpYXQiOjE3ODEwMjk4MDQsImp0aSI6ImM3MjQ2MTg2ODAwYTRlMGU4NDdlZGQ5ZjkwZjU5OGJiIiwidXNlcl9pZCI6IjkifQ.wlsPu05Ckv6fYNOSyY6yVp7KFZsurz_J1aaS2fmPUvk HTTP/1.1" 404 4566
WARNING 2026-06-09 21:43:59,140 Not Found: /ws/notifications/
WARNING 2026-06-09 21:43:59,141 "GET /ws/notifications/?token=eyJhbGciOiJIUzI1NiIsInR5cCI6IkpXVCJ9.eyJ0b2tlbl90eXBlIjoiYWNjZXNzIiwiZXhwIjoxNzgxMDU4NjA0LCJpYXQiOjE3ODEwMjk4MDQsImp0aSI6ImM3MjQ2MTg2ODAwYTRlMGU4NDdlZGQ5ZjkwZjU5OGJiIiwidXNlcl9pZCI6IjkifQ.wlsPu05Ckv6fYNOSyY6yVp7KFZsurz_J1aaS2fmPUvk HTTP/1.1" 404 4566
INFO 2026-06-09 21:44:01,737 "GET /media/products/laptop-bef51506.webp HTTP/1.1" 304 0
WARNING 2026-06-09 21:44:04,179 Not Found: /ws/notifications/
WARNING 2026-06-09 21:44:04,180 "GET /ws/notifications/?token=eyJhbGciOiJIUzI1NiIsInR5cCI6IkpXVCJ9.eyJ0b2tlbl90eXBlIjoiYWNjZXNzIiwiZXhwIjoxNzgxMDU4NjA0LCJpYXQiOjE3ODEwMjk4MDQsImp0aSI6ImM3MjQ2MTg2ODAwYTRlMGU4NDdlZGQ5ZjkwZjU5OGJiIiwidXNlcl9pZCI6IjkifQ.wlsPu05Ckv6fYNOSyY6yVp7KFZsurz_J1aaS2fmPUvk HTTP/1.1" 404 4566
INFO 2026-06-09 21:44:05,141 "GET /api/notifications/notifications/?ordering=-created_at HTTP/1.1" 200 52
WARNING 2026-06-09 21:44:09,211 Not Found: /ws/notifications/
WARNING 2026-06-09 21:44:09,215 "GET /ws/notifications/?token=eyJhbGciOiJIUzI1NiIsInR5cCI6IkpXVCJ9.eyJ0b2tlbl90eXBlIjoiYWNjZXNzIiwiZXhwIjoxNzgxMDU4NjA0LCJpYXQiOjE3ODEwMjk4MDQsImp0aSI6ImM3MjQ2MTg2ODAwYTRlMGU4NDdlZGQ5ZjkwZjU5OGJiIiwidXNlcl9pZCI6IjkifQ.wlsPu05Ckv6fYNOSyY6yVp7KFZsurz_J1aaS2fmPUvk HTTP/1.1" 404 4566
INFO 2026-06-09 21:44:13,309 "GET /api/inventory/purchase-orders/ HTTP/1.1" 200 52
INFO 2026-06-09 21:44:13,319 "GET /api/sales/ HTTP/1.1" 200 52
INFO 2026-06-09 21:44:13,328 "GET /api/customers/ HTTP/1.1" 200 1217
INFO 2026-06-09 21:44:13,330 "GET /api/products/suppliers/ HTTP/1.1" 200 1014
INFO 2026-06-09 21:44:13,332 "GET /api/users/ HTTP/1.1" 200 5968
INFO 2026-06-09 21:44:13,340 "GET /api/products/ HTTP/1.1" 200 2052
WARNING 2026-06-09 21:44:14,288 Not Found: /ws/notifications/
WARNING 2026-06-09 21:44:14,307 "GET /ws/notifications/?token=eyJhbGciOiJIUzI1NiIsInR5cCI6IkpXVCJ9.eyJ0b2tlbl90eXBlIjoiYWNjZXNzIiwiZXhwIjoxNzgxMDU4NjA0LCJpYXQiOjE3ODEwMjk4MDQsImp0aSI6ImM3MjQ2MTg2ODAwYTRlMGU4NDdlZGQ5ZjkwZjU5OGJiIiwidXNlcl9pZCI6IjkifQ.wlsPu05Ckv6fYNOSyY6yVp7KFZsurz_J1aaS2fmPUvk HTTP/1.1" 404 4566
WARNING 2026-06-09 21:44:19,342 Not Found: /ws/notifications/
WARNING 2026-06-09 21:44:19,343 "GET /ws/notifications/?token=eyJhbGciOiJIUzI1NiIsInR5cCI6IkpXVCJ9.eyJ0b2tlbl90eXBlIjoiYWNjZXNzIiwiZXhwIjoxNzgxMDU4NjA0LCJpYXQiOjE3ODEwMjk4MDQsImp0aSI6ImM3MjQ2MTg2ODAwYTRlMGU4NDdlZGQ5ZjkwZjU5OGJiIiwidXNlcl9pZCI6IjkifQ.wlsPu05Ckv6fYNOSyY6yVp7KFZsurz_J1aaS2fmPUvk HTTP/1.1" 404 4566
INFO 2026-06-09 21:44:20,148 "GET /api/notifications/notifications/?ordering=-created_at HTTP/1.1" 200 52
WARNING 2026-06-09 21:44:24,432 Not Found: /ws/notifications/
WARNING 2026-06-09 21:44:24,434 "GET /ws/notifications/?token=eyJhbGciOiJIUzI1NiIsInR5cCI6IkpXVCJ9.eyJ0b2tlbl90eXBlIjoiYWNjZXNzIiwiZXhwIjoxNzgxMDU4NjA0LCJpYXQiOjE3ODEwMjk4MDQsImp0aSI6ImM3MjQ2MTg2ODAwYTRlMGU4NDdlZGQ5ZjkwZjU5OGJiIiwidXNlcl9pZCI6IjkifQ.wlsPu05Ckv6fYNOSyY6yVp7KFZsurz_J1aaS2fmPUvk HTTP/1.1" 404 4566
WARNING 2026-06-09 21:44:29,486 Not Found: /ws/notifications/
WARNING 2026-06-09 21:44:29,534 "GET /ws/notifications/?token=eyJhbGciOiJIUzI1NiIsInR5cCI6IkpXVCJ9.eyJ0b2tlbl90eXBlIjoiYWNjZXNzIiwiZXhwIjoxNzgxMDU4NjA0LCJpYXQiOjE3ODEwMjk4MDQsImp0aSI6ImM3MjQ2MTg2ODAwYTRlMGU4NDdlZGQ5ZjkwZjU5OGJiIiwidXNlcl9pZCI6IjkifQ.wlsPu05Ckv6fYNOSyY6yVp7KFZsurz_J1aaS2fmPUvk HTTP/1.1" 404 4566
WARNING 2026-06-09 21:44:34,632 Not Found: /ws/notifications/
WARNING 2026-06-09 21:44:34,639 "GET /ws/notifications/?token=eyJhbGciOiJIUzI1NiIsInR5cCI6IkpXVCJ9.eyJ0b2tlbl90eXBlIjoiYWNjZXNzIiwiZXhwIjoxNzgxMDU4NjA0LCJpYXQiOjE3ODEwMjk4MDQsImp0aSI6ImM3MjQ2MTg2ODAwYTRlMGU4NDdlZGQ5ZjkwZjU5OGJiIiwidXNlcl9pZCI6IjkifQ.wlsPu05Ckv6fYNOSyY6yVp7KFZsurz_J1aaS2fmPUvk HTTP/1.1" 404 4566
INFO 2026-06-09 21:44:35,115 "GET /api/notifications/notifications/?ordering=-created_at HTTP/1.1" 200 52
WARNING 2026-06-09 21:44:40,168 Not Found: /ws/notifications/
WARNING 2026-06-09 21:44:40,170 "GET /ws/notifications/?token=eyJhbGciOiJIUzI1NiIsInR5cCI6IkpXVCJ9.eyJ0b2tlbl90eXBlIjoiYWNjZXNzIiwiZXhwIjoxNzgxMDU4NjA0LCJpYXQiOjE3ODEwMjk4MDQsImp0aSI6ImM3MjQ2MTg2ODAwYTRlMGU4NDdlZGQ5ZjkwZjU5OGJiIiwidXNlcl9pZCI6IjkifQ.wlsPu05Ckv6fYNOSyY6yVp7KFZsurz_J1aaS2fmPUvk HTTP/1.1" 404 4566
INFO 2026-06-09 21:44:43,390 "GET /api/inventory/purchase-orders/ HTTP/1.1" 200 52
INFO 2026-06-09 21:44:43,403 "GET /api/products/suppliers/ HTTP/1.1" 200 1014
INFO 2026-06-09 21:44:43,417 "GET /api/sales/ HTTP/1.1" 200 52
INFO 2026-06-09 21:44:43,429 "GET /api/customers/ HTTP/1.1" 200 1217
INFO 2026-06-09 21:44:43,450 "GET /api/users/ HTTP/1.1" 200 5968
INFO 2026-06-09 21:44:43,455 "GET /api/products/ HTTP/1.1" 200 2052
WARNING 2026-06-09 21:44:45,448 Not Found: /ws/notifications/
WARNING 2026-06-09 21:44:45,450 "GET /ws/notifications/?token=eyJhbGciOiJIUzI1NiIsInR5cCI6IkpXVCJ9.eyJ0b2tlbl90eXBlIjoiYWNjZXNzIiwiZXhwIjoxNzgxMDU4NjA0LCJpYXQiOjE3ODEwMjk4MDQsImp0aSI6ImM3MjQ2MTg2ODAwYTRlMGU4NDdlZGQ5ZjkwZjU5OGJiIiwidXNlcl9pZCI6IjkifQ.wlsPu05Ckv6fYNOSyY6yVp7KFZsurz_J1aaS2fmPUvk HTTP/1.1" 404 4566
INFO 2026-06-09 21:44:50,117 "GET /api/notifications/notifications/?ordering=-created_at HTTP/1.1" 200 52
WARNING 2026-06-09 21:44:50,723 Not Found: /ws/notifications/
WARNING 2026-06-09 21:44:50,725 "GET /ws/notifications/?token=eyJhbGciOiJIUzI1NiIsInR5cCI6IkpXVCJ9.eyJ0b2tlbl90eXBlIjoiYWNjZXNzIiwiZXhwIjoxNzgxMDU4NjA0LCJpYXQiOjE3ODEwMjk4MDQsImp0aSI6ImM3MjQ2MTg2ODAwYTRlMGU4NDdlZGQ5ZjkwZjU5OGJiIiwidXNlcl9pZCI6IjkifQ.wlsPu05Ckv6fYNOSyY6yVp7KFZsurz_J1aaS2fmPUvk HTTP/1.1" 404 4566
WARNING 2026-06-09 21:44:56,849 Not Found: /ws/notifications/
WARNING 2026-06-09 21:44:56,851 "GET /ws/notifications/?token=eyJhbGciOiJIUzI1NiIsInR5cCI6IkpXVCJ9.eyJ0b2tlbl90eXBlIjoiYWNjZXNzIiwiZXhwIjoxNzgxMDU4NjA0LCJpYXQiOjE3ODEwMjk4MDQsImp0aSI6ImM3MjQ2MTg2ODAwYTRlMGU4NDdlZGQ5ZjkwZjU5OGJiIiwidXNlcl9pZCI6IjkifQ.wlsPu05Ckv6fYNOSyY6yVp7KFZsurz_J1aaS2fmPUvk HTTP/1.1" 404 4566
WARNING 2026-06-09 21:45:02,703 Not Found: /ws/notifications/
WARNING 2026-06-09 21:45:02,704 "GET /ws/notifications/?token=eyJhbGciOiJIUzI1NiIsInR5cCI6IkpXVCJ9.eyJ0b2tlbl90eXBlIjoiYWNjZXNzIiwiZXhwIjoxNzgxMDU4NjA0LCJpYXQiOjE3ODEwMjk4MDQsImp0aSI6ImM3MjQ2MTg2ODAwYTRlMGU4NDdlZGQ5ZjkwZjU5OGJiIiwidXNlcl9pZCI6IjkifQ.wlsPu05Ckv6fYNOSyY6yVp7KFZsurz_J1aaS2fmPUvk HTTP/1.1" 404 4566
INFO 2026-06-09 21:45:05,108 "GET /api/notifications/notifications/?ordering=-created_at HTTP/1.1" 200 52
WARNING 2026-06-09 21:45:11,604 Not Found: /ws/notifications/
WARNING 2026-06-09 21:45:11,607 "GET /ws/notifications/?token=eyJhbGciOiJIUzI1NiIsInR5cCI6IkpXVCJ9.eyJ0b2tlbl90eXBlIjoiYWNjZXNzIiwiZXhwIjoxNzgxMDU4NjA0LCJpYXQiOjE3ODEwMjk4MDQsImp0aSI6ImM3MjQ2MTg2ODAwYTRlMGU4NDdlZGQ5ZjkwZjU5OGJiIiwidXNlcl9pZCI6IjkifQ.wlsPu05Ckv6fYNOSyY6yVp7KFZsurz_J1aaS2fmPUvk HTTP/1.1" 404 4566
INFO 2026-06-09 21:45:13,341 "GET /api/sales/ HTTP/1.1" 200 52
INFO 2026-06-09 21:45:13,346 "GET /api/products/suppliers/ HTTP/1.1" 200 1014
INFO 2026-06-09 21:45:13,348 "GET /api/customers/ HTTP/1.1" 200 1217
INFO 2026-06-09 21:45:13,355 "GET /api/inventory/purchase-orders/ HTTP/1.1" 200 52
INFO 2026-06-09 21:45:13,379 "GET /api/users/ HTTP/1.1" 200 5968
INFO 2026-06-09 21:45:13,383 "GET /api/products/ HTTP/1.1" 200 2052
WARNING 2026-06-09 21:45:17,905 Not Found: /ws/notifications/
WARNING 2026-06-09 21:45:17,908 "GET /ws/notifications/?token=eyJhbGciOiJIUzI1NiIsInR5cCI6IkpXVCJ9.eyJ0b2tlbl90eXBlIjoiYWNjZXNzIiwiZXhwIjoxNzgxMDU4NjA0LCJpYXQiOjE3ODEwMjk4MDQsImp0aSI6ImM3MjQ2MTg2ODAwYTRlMGU4NDdlZGQ5ZjkwZjU5OGJiIiwidXNlcl9pZCI6IjkifQ.wlsPu05Ckv6fYNOSyY6yVp7KFZsurz_J1aaS2fmPUvk HTTP/1.1" 404 4566
INFO 2026-06-09 21:45:20,125 "GET /api/notifications/notifications/?ordering=-created_at HTTP/1.1" 200 52
WARNING 2026-06-09 21:45:27,139 Not Found: /ws/notifications/
WARNING 2026-06-09 21:45:27,142 "GET /ws/notifications/?token=eyJhbGciOiJIUzI1NiIsInR5cCI6IkpXVCJ9.eyJ0b2tlbl90eXBlIjoiYWNjZXNzIiwiZXhwIjoxNzgxMDU4NjA0LCJpYXQiOjE3ODEwMjk4MDQsImp0aSI6ImM3MjQ2MTg2ODAwYTRlMGU4NDdlZGQ5ZjkwZjU5OGJiIiwidXNlcl9pZCI6IjkifQ.wlsPu05Ckv6fYNOSyY6yVp7KFZsurz_J1aaS2fmPUvk HTTP/1.1" 404 4566
INFO 2026-06-09 21:45:35,145 "GET /api/notifications/notifications/?ordering=-created_at HTTP/1.1" 200 52
WARNING 2026-06-09 21:45:35,371 Not Found: /ws/notifications/
WARNING 2026-06-09 21:45:35,540 "GET /ws/notifications/?token=eyJhbGciOiJIUzI1NiIsInR5cCI6IkpXVCJ9.eyJ0b2tlbl90eXBlIjoiYWNjZXNzIiwiZXhwIjoxNzgxMDU4NjA0LCJpYXQiOjE3ODEwMjk4MDQsImp0aSI6ImM3MjQ2MTg2ODAwYTRlMGU4NDdlZGQ5ZjkwZjU5OGJiIiwidXNlcl9pZCI6IjkifQ.wlsPu05Ckv6fYNOSyY6yVp7KFZsurz_J1aaS2fmPUvk HTTP/1.1" 404 4566
INFO 2026-06-09 21:45:35,606 - Broken pipe from ('127.0.0.1', 55014)
WARNING 2026-06-09 21:45:43,212 Not Found: /ws/notifications/
WARNING 2026-06-09 21:45:43,217 "GET /ws/notifications/?token=eyJhbGciOiJIUzI1NiIsInR5cCI6IkpXVCJ9.eyJ0b2tlbl90eXBlIjoiYWNjZXNzIiwiZXhwIjoxNzgxMDU4NjA0LCJpYXQiOjE3ODEwMjk4MDQsImp0aSI6ImM3MjQ2MTg2ODAwYTRlMGU4NDdlZGQ5ZjkwZjU5OGJiIiwidXNlcl9pZCI6IjkifQ.wlsPu05Ckv6fYNOSyY6yVp7KFZsurz_J1aaS2fmPUvk HTTP/1.1" 404 4566
INFO 2026-06-09 21:45:43,219 - Broken pipe from ('127.0.0.1', 58756)
INFO 2026-06-09 21:45:43,456 "GET /api/inventory/purchase-orders/ HTTP/1.1" 200 52
INFO 2026-06-09 21:45:43,472 "GET /api/users/ HTTP/1.1" 200 5968
INFO 2026-06-09 21:45:43,494 "GET /api/sales/ HTTP/1.1" 200 52
INFO 2026-06-09 21:45:43,506 "GET /api/customers/ HTTP/1.1" 200 1217
INFO 2026-06-09 21:45:43,506 "GET /api/products/suppliers/ HTTP/1.1" 200 1014
INFO 2026-06-09 21:45:43,507 "GET /api/products/ HTTP/1.1" 200 2052
WARNING 2026-06-09 21:45:48,237 Not Found: /ws/notifications/
WARNING 2026-06-09 21:45:48,238 "GET /ws/notifications/?token=eyJhbGciOiJIUzI1NiIsInR5cCI6IkpXVCJ9.eyJ0b2tlbl90eXBlIjoiYWNjZXNzIiwiZXhwIjoxNzgxMDU4NjA0LCJpYXQiOjE3ODEwMjk4MDQsImp0aSI6ImM3MjQ2MTg2ODAwYTRlMGU4NDdlZGQ5ZjkwZjU5OGJiIiwidXNlcl9pZCI6IjkifQ.wlsPu05Ckv6fYNOSyY6yVp7KFZsurz_J1aaS2fmPUvk HTTP/1.1" 404 4566
INFO 2026-06-09 21:45:50,131 "GET /api/notifications/notifications/?ordering=-created_at HTTP/1.1" 200 52
WARNING 2026-06-09 21:45:53,254 Not Found: /ws/notifications/
WARNING 2026-06-09 21:45:53,257 "GET /ws/notifications/?token=eyJhbGciOiJIUzI1NiIsInR5cCI6IkpXVCJ9.eyJ0b2tlbl90eXBlIjoiYWNjZXNzIiwiZXhwIjoxNzgxMDU4NjA0LCJpYXQiOjE3ODEwMjk4MDQsImp0aSI6ImM3MjQ2MTg2ODAwYTRlMGU4NDdlZGQ5ZjkwZjU5OGJiIiwidXNlcl9pZCI6IjkifQ.wlsPu05Ckv6fYNOSyY6yVp7KFZsurz_J1aaS2fmPUvk HTTP/1.1" 404 4566
WARNING 2026-06-09 21:45:58,288 Not Found: /ws/notifications/
WARNING 2026-06-09 21:45:58,289 "GET /ws/notifications/?token=eyJhbGciOiJIUzI1NiIsInR5cCI6IkpXVCJ9.eyJ0b2tlbl90eXBlIjoiYWNjZXNzIiwiZXhwIjoxNzgxMDU4NjA0LCJpYXQiOjE3ODEwMjk4MDQsImp0aSI6ImM3MjQ2MTg2ODAwYTRlMGU4NDdlZGQ5ZjkwZjU5OGJiIiwidXNlcl9pZCI6IjkifQ.wlsPu05Ckv6fYNOSyY6yVp7KFZsurz_J1aaS2fmPUvk HTTP/1.1" 404 4566
WARNING 2026-06-09 21:46:03,325 Not Found: /ws/notifications/
WARNING 2026-06-09 21:46:03,351 "GET /ws/notifications/?token=eyJhbGciOiJIUzI1NiIsInR5cCI6IkpXVCJ9.eyJ0b2tlbl90eXBlIjoiYWNjZXNzIiwiZXhwIjoxNzgxMDU4NjA0LCJpYXQiOjE3ODEwMjk4MDQsImp0aSI6ImM3MjQ2MTg2ODAwYTRlMGU4NDdlZGQ5ZjkwZjU5OGJiIiwidXNlcl9pZCI6IjkifQ.wlsPu05Ckv6fYNOSyY6yVp7KFZsurz_J1aaS2fmPUvk HTTP/1.1" 404 4566
INFO 2026-06-09 21:46:05,135 "GET /api/notifications/notifications/?ordering=-created_at HTTP/1.1" 200 52
WARNING 2026-06-09 21:46:08,405 Not Found: /ws/notifications/
WARNING 2026-06-09 21:46:08,414 "GET /ws/notifications/?token=eyJhbGciOiJIUzI1NiIsInR5cCI6IkpXVCJ9.eyJ0b2tlbl90eXBlIjoiYWNjZXNzIiwiZXhwIjoxNzgxMDU4NjA0LCJpYXQiOjE3ODEwMjk4MDQsImp0aSI6ImM3MjQ2MTg2ODAwYTRlMGU4NDdlZGQ5ZjkwZjU5OGJiIiwidXNlcl9pZCI6IjkifQ.wlsPu05Ckv6fYNOSyY6yVp7KFZsurz_J1aaS2fmPUvk HTTP/1.1" 404 4566
INFO 2026-06-09 21:46:13,315 "GET /api/inventory/purchase-orders/ HTTP/1.1" 200 52
INFO 2026-06-09 21:46:13,327 "GET /api/sales/ HTTP/1.1" 200 52
INFO 2026-06-09 21:46:13,343 "GET /api/customers/ HTTP/1.1" 200 1217
INFO 2026-06-09 21:46:13,365 "GET /api/products/suppliers/ HTTP/1.1" 200 1014
INFO 2026-06-09 21:46:13,369 "GET /api/users/ HTTP/1.1" 200 5968
INFO 2026-06-09 21:46:13,370 "GET /api/products/ HTTP/1.1" 200 2052
WARNING 2026-06-09 21:46:13,482 Not Found: /ws/notifications/
WARNING 2026-06-09 21:46:13,483 "GET /ws/notifications/?token=eyJhbGciOiJIUzI1NiIsInR5cCI6IkpXVCJ9.eyJ0b2tlbl90eXBlIjoiYWNjZXNzIiwiZXhwIjoxNzgxMDU4NjA0LCJpYXQiOjE3ODEwMjk4MDQsImp0aSI6ImM3MjQ2MTg2ODAwYTRlMGU4NDdlZGQ5ZjkwZjU5OGJiIiwidXNlcl9pZCI6IjkifQ.wlsPu05Ckv6fYNOSyY6yVp7KFZsurz_J1aaS2fmPUvk HTTP/1.1" 404 4566
WARNING 2026-06-09 21:46:18,543 Not Found: /ws/notifications/
WARNING 2026-06-09 21:46:18,545 "GET /ws/notifications/?token=eyJhbGciOiJIUzI1NiIsInR5cCI6IkpXVCJ9.eyJ0b2tlbl90eXBlIjoiYWNjZXNzIiwiZXhwIjoxNzgxMDU4NjA0LCJpYXQiOjE3ODEwMjk4MDQsImp0aSI6ImM3MjQ2MTg2ODAwYTRlMGU4NDdlZGQ5ZjkwZjU5OGJiIiwidXNlcl9pZCI6IjkifQ.wlsPu05Ckv6fYNOSyY6yVp7KFZsurz_J1aaS2fmPUvk HTTP/1.1" 404 4566
INFO 2026-06-09 21:46:20,124 "GET /api/notifications/notifications/?ordering=-created_at HTTP/1.1" 200 52
WARNING 2026-06-09 21:46:23,593 Not Found: /ws/notifications/
WARNING 2026-06-09 21:46:23,640 "GET /ws/notifications/?token=eyJhbGciOiJIUzI1NiIsInR5cCI6IkpXVCJ9.eyJ0b2tlbl90eXBlIjoiYWNjZXNzIiwiZXhwIjoxNzgxMDU4NjA0LCJpYXQiOjE3ODEwMjk4MDQsImp0aSI6ImM3MjQ2MTg2ODAwYTRlMGU4NDdlZGQ5ZjkwZjU5OGJiIiwidXNlcl9pZCI6IjkifQ.wlsPu05Ckv6fYNOSyY6yVp7KFZsurz_J1aaS2fmPUvk HTTP/1.1" 404 4566
WARNING 2026-06-09 21:46:28,683 Not Found: /ws/notifications/
WARNING 2026-06-09 21:46:28,685 "GET /ws/notifications/?token=eyJhbGciOiJIUzI1NiIsInR5cCI6IkpXVCJ9.eyJ0b2tlbl90eXBlIjoiYWNjZXNzIiwiZXhwIjoxNzgxMDU4NjA0LCJpYXQiOjE3ODEwMjk4MDQsImp0aSI6ImM3MjQ2MTg2ODAwYTRlMGU4NDdlZGQ5ZjkwZjU5OGJiIiwidXNlcl9pZCI6IjkifQ.wlsPu05Ckv6fYNOSyY6yVp7KFZsurz_J1aaS2fmPUvk HTTP/1.1" 404 4566
WARNING 2026-06-09 21:46:33,741 Not Found: /ws/notifications/
WARNING 2026-06-09 21:46:33,743 "GET /ws/notifications/?token=eyJhbGciOiJIUzI1NiIsInR5cCI6IkpXVCJ9.eyJ0b2tlbl90eXBlIjoiYWNjZXNzIiwiZXhwIjoxNzgxMDU4NjA0LCJpYXQiOjE3ODEwMjk4MDQsImp0aSI6ImM3MjQ2MTg2ODAwYTRlMGU4NDdlZGQ5ZjkwZjU5OGJiIiwidXNlcl9pZCI6IjkifQ.wlsPu05Ckv6fYNOSyY6yVp7KFZsurz_J1aaS2fmPUvk HTTP/1.1" 404 4566
INFO 2026-06-09 21:46:35,029 "GET /media/products/laptop-bef51506.webp HTTP/1.1" 304 0
INFO 2026-06-09 21:46:35,212 "GET /api/notifications/notifications/?ordering=-created_at HTTP/1.1" 200 52
WARNING 2026-06-09 21:46:38,888 Not Found: /ws/notifications/
WARNING 2026-06-09 21:46:38,892 "GET /ws/notifications/?token=eyJhbGciOiJIUzI1NiIsInR5cCI6IkpXVCJ9.eyJ0b2tlbl90eXBlIjoiYWNjZXNzIiwiZXhwIjoxNzgxMDU4NjA0LCJpYXQiOjE3ODEwMjk4MDQsImp0aSI6ImM3MjQ2MTg2ODAwYTRlMGU4NDdlZGQ5ZjkwZjU5OGJiIiwidXNlcl9pZCI6IjkifQ.wlsPu05Ckv6fYNOSyY6yVp7KFZsurz_J1aaS2fmPUvk HTTP/1.1" 404 4566
INFO 2026-06-09 21:46:43,301 "GET /api/sales/ HTTP/1.1" 200 52
INFO 2026-06-09 21:46:43,315 "GET /api/inventory/purchase-orders/ HTTP/1.1" 200 52
INFO 2026-06-09 21:46:43,339 "GET /api/products/suppliers/ HTTP/1.1" 200 1014
INFO 2026-06-09 21:46:43,345 "GET /api/users/ HTTP/1.1" 200 5968
INFO 2026-06-09 21:46:43,352 "GET /api/customers/ HTTP/1.1" 200 1217
INFO 2026-06-09 21:46:43,362 "GET /api/products/ HTTP/1.1" 200 2052
WARNING 2026-06-09 21:46:44,032 Not Found: /ws/notifications/
WARNING 2026-06-09 21:46:44,033 "GET /ws/notifications/?token=eyJhbGciOiJIUzI1NiIsInR5cCI6IkpXVCJ9.eyJ0b2tlbl90eXBlIjoiYWNjZXNzIiwiZXhwIjoxNzgxMDU4NjA0LCJpYXQiOjE3ODEwMjk4MDQsImp0aSI6ImM3MjQ2MTg2ODAwYTRlMGU4NDdlZGQ5ZjkwZjU5OGJiIiwidXNlcl9pZCI6IjkifQ.wlsPu05Ckv6fYNOSyY6yVp7KFZsurz_J1aaS2fmPUvk HTTP/1.1" 404 4566
WARNING 2026-06-09 21:46:49,172 Not Found: /ws/notifications/
WARNING 2026-06-09 21:46:49,173 "GET /ws/notifications/?token=eyJhbGciOiJIUzI1NiIsInR5cCI6IkpXVCJ9.eyJ0b2tlbl90eXBlIjoiYWNjZXNzIiwiZXhwIjoxNzgxMDU4NjA0LCJpYXQiOjE3ODEwMjk4MDQsImp0aSI6ImM3MjQ2MTg2ODAwYTRlMGU4NDdlZGQ5ZjkwZjU5OGJiIiwidXNlcl9pZCI6IjkifQ.wlsPu05Ckv6fYNOSyY6yVp7KFZsurz_J1aaS2fmPUvk HTTP/1.1" 404 4566
INFO 2026-06-09 21:46:50,121 "GET /api/notifications/notifications/?ordering=-created_at HTTP/1.1" 200 52
WARNING 2026-06-09 21:46:54,659 Not Found: /ws/notifications/
WARNING 2026-06-09 21:46:54,662 "GET /ws/notifications/?token=eyJhbGciOiJIUzI1NiIsInR5cCI6IkpXVCJ9.eyJ0b2tlbl90eXBlIjoiYWNjZXNzIiwiZXhwIjoxNzgxMDU4NjA0LCJpYXQiOjE3ODEwMjk4MDQsImp0aSI6ImM3MjQ2MTg2ODAwYTRlMGU4NDdlZGQ5ZjkwZjU5OGJiIiwidXNlcl9pZCI6IjkifQ.wlsPu05Ckv6fYNOSyY6yVp7KFZsurz_J1aaS2fmPUvk HTTP/1.1" 404 4566
WARNING 2026-06-09 21:47:00,285 Not Found: /ws/notifications/
WARNING 2026-06-09 21:47:00,288 "GET /ws/notifications/?token=eyJhbGciOiJIUzI1NiIsInR5cCI6IkpXVCJ9.eyJ0b2tlbl90eXBlIjoiYWNjZXNzIiwiZXhwIjoxNzgxMDU4NjA0LCJpYXQiOjE3ODEwMjk4MDQsImp0aSI6ImM3MjQ2MTg2ODAwYTRlMGU4NDdlZGQ5ZjkwZjU5OGJiIiwidXNlcl9pZCI6IjkifQ.wlsPu05Ckv6fYNOSyY6yVp7KFZsurz_J1aaS2fmPUvk HTTP/1.1" 404 4566
INFO 2026-06-09 21:47:05,150 "GET /api/notifications/notifications/?ordering=-created_at HTTP/1.1" 200 52
WARNING 2026-06-09 21:47:07,265 Not Found: /ws/notifications/
WARNING 2026-06-09 21:47:07,278 "GET /ws/notifications/?token=eyJhbGciOiJIUzI1NiIsInR5cCI6IkpXVCJ9.eyJ0b2tlbl90eXBlIjoiYWNjZXNzIiwiZXhwIjoxNzgxMDU4NjA0LCJpYXQiOjE3ODEwMjk4MDQsImp0aSI6ImM3MjQ2MTg2ODAwYTRlMGU4NDdlZGQ5ZjkwZjU5OGJiIiwidXNlcl9pZCI6IjkifQ.wlsPu05Ckv6fYNOSyY6yVp7KFZsurz_J1aaS2fmPUvk HTTP/1.1" 404 4566
INFO 2026-06-09 21:47:07,281 - Broken pipe from ('127.0.0.1', 51958)
INFO 2026-06-09 21:47:13,310 "GET /api/sales/ HTTP/1.1" 200 52
INFO 2026-06-09 21:47:13,326 "GET /api/inventory/purchase-orders/ HTTP/1.1" 200 52
INFO 2026-06-09 21:47:13,368 "GET /api/customers/ HTTP/1.1" 200 1217
INFO 2026-06-09 21:47:13,374 "GET /api/products/suppliers/ HTTP/1.1" 200 1014
INFO 2026-06-09 21:47:13,390 "GET /api/users/ HTTP/1.1" 200 5968
INFO 2026-06-09 21:47:13,398 "GET /api/products/ HTTP/1.1" 200 2052
WARNING 2026-06-09 21:47:15,869 Not Found: /ws/notifications/
WARNING 2026-06-09 21:47:15,879 "GET /ws/notifications/?token=eyJhbGciOiJIUzI1NiIsInR5cCI6IkpXVCJ9.eyJ0b2tlbl90eXBlIjoiYWNjZXNzIiwiZXhwIjoxNzgxMDU4NjA0LCJpYXQiOjE3ODEwMjk4MDQsImp0aSI6ImM3MjQ2MTg2ODAwYTRlMGU4NDdlZGQ5ZjkwZjU5OGJiIiwidXNlcl9pZCI6IjkifQ.wlsPu05Ckv6fYNOSyY6yVp7KFZsurz_J1aaS2fmPUvk HTTP/1.1" 404 4566
INFO 2026-06-09 21:47:20,127 "GET /api/notifications/notifications/?ordering=-created_at HTTP/1.1" 200 52
WARNING 2026-06-09 21:47:22,458 Not Found: /ws/notifications/
WARNING 2026-06-09 21:47:22,460 "GET /ws/notifications/?token=eyJhbGciOiJIUzI1NiIsInR5cCI6IkpXVCJ9.eyJ0b2tlbl90eXBlIjoiYWNjZXNzIiwiZXhwIjoxNzgxMDU4NjA0LCJpYXQiOjE3ODEwMjk4MDQsImp0aSI6ImM3MjQ2MTg2ODAwYTRlMGU4NDdlZGQ5ZjkwZjU5OGJiIiwidXNlcl9pZCI6IjkifQ.wlsPu05Ckv6fYNOSyY6yVp7KFZsurz_J1aaS2fmPUvk HTTP/1.1" 404 4566
INFO 2026-06-09 21:47:22,461 - Broken pipe from ('127.0.0.1', 64043)
WARNING 2026-06-09 21:47:29,642 Not Found: /ws/notifications/
WARNING 2026-06-09 21:47:29,643 "GET /ws/notifications/?token=eyJhbGciOiJIUzI1NiIsInR5cCI6IkpXVCJ9.eyJ0b2tlbl90eXBlIjoiYWNjZXNzIiwiZXhwIjoxNzgxMDU4NjA0LCJpYXQiOjE3ODEwMjk4MDQsImp0aSI6ImM3MjQ2MTg2ODAwYTRlMGU4NDdlZGQ5ZjkwZjU5OGJiIiwidXNlcl9pZCI6IjkifQ.wlsPu05Ckv6fYNOSyY6yVp7KFZsurz_J1aaS2fmPUvk HTTP/1.1" 404 4566
INFO 2026-06-09 21:47:35,123 "GET /api/notifications/notifications/?ordering=-created_at HTTP/1.1" 200 52
INFO 2026-06-09 21:47:39,439 "GET /api/notifications/notifications/?ordering=-created_at HTTP/1.1" 200 52
WARNING 2026-06-09 21:47:39,562 Not Found: /ws/notifications/
WARNING 2026-06-09 21:47:39,565 "GET /ws/notifications/?token=eyJhbGciOiJIUzI1NiIsInR5cCI6IkpXVCJ9.eyJ0b2tlbl90eXBlIjoiYWNjZXNzIiwiZXhwIjoxNzgxMDU4NjA0LCJpYXQiOjE3ODEwMjk4MDQsImp0aSI6ImM3MjQ2MTg2ODAwYTRlMGU4NDdlZGQ5ZjkwZjU5OGJiIiwidXNlcl9pZCI6IjkifQ.wlsPu05Ckv6fYNOSyY6yVp7KFZsurz_J1aaS2fmPUvk HTTP/1.1" 404 4566
INFO 2026-06-09 21:47:43,310 "GET /api/products/suppliers/ HTTP/1.1" 200 1014
INFO 2026-06-09 21:47:43,315 "GET /api/sales/ HTTP/1.1" 200 52
INFO 2026-06-09 21:47:43,330 "GET /api/inventory/purchase-orders/ HTTP/1.1" 200 52
INFO 2026-06-09 21:47:43,331 "GET /api/users/ HTTP/1.1" 200 5968
INFO 2026-06-09 21:47:43,331 "GET /api/customers/ HTTP/1.1" 200 1217
INFO 2026-06-09 21:47:43,342 "GET /api/products/ HTTP/1.1" 200 2052
WARNING 2026-06-09 21:47:46,902 Not Found: /ws/notifications/
WARNING 2026-06-09 21:47:46,904 "GET /ws/notifications/?token=eyJhbGciOiJIUzI1NiIsInR5cCI6IkpXVCJ9.eyJ0b2tlbl90eXBlIjoiYWNjZXNzIiwiZXhwIjoxNzgxMDU4NjA0LCJpYXQiOjE3ODEwMjk4MDQsImp0aSI6ImM3MjQ2MTg2ODAwYTRlMGU4NDdlZGQ5ZjkwZjU5OGJiIiwidXNlcl9pZCI6IjkifQ.wlsPu05Ckv6fYNOSyY6yVp7KFZsurz_J1aaS2fmPUvk HTTP/1.1" 404 4566
INFO 2026-06-09 21:47:50,145 "GET /api/notifications/notifications/?ordering=-created_at HTTP/1.1" 200 52
WARNING 2026-06-09 21:47:51,920 Not Found: /ws/notifications/
WARNING 2026-06-09 21:47:51,923 "GET /ws/notifications/?token=eyJhbGciOiJIUzI1NiIsInR5cCI6IkpXVCJ9.eyJ0b2tlbl90eXBlIjoiYWNjZXNzIiwiZXhwIjoxNzgxMDU4NjA0LCJpYXQiOjE3ODEwMjk4MDQsImp0aSI6ImM3MjQ2MTg2ODAwYTRlMGU4NDdlZGQ5ZjkwZjU5OGJiIiwidXNlcl9pZCI6IjkifQ.wlsPu05Ckv6fYNOSyY6yVp7KFZsurz_J1aaS2fmPUvk HTTP/1.1" 404 4566
WARNING 2026-06-09 21:47:56,983 Not Found: /ws/notifications/
WARNING 2026-06-09 21:47:57,008 "GET /ws/notifications/?token=eyJhbGciOiJIUzI1NiIsInR5cCI6IkpXVCJ9.eyJ0b2tlbl90eXBlIjoiYWNjZXNzIiwiZXhwIjoxNzgxMDU4NjA0LCJpYXQiOjE3ODEwMjk4MDQsImp0aSI6ImM3MjQ2MTg2ODAwYTRlMGU4NDdlZGQ5ZjkwZjU5OGJiIiwidXNlcl9pZCI6IjkifQ.wlsPu05Ckv6fYNOSyY6yVp7KFZsurz_J1aaS2fmPUvk HTTP/1.1" 404 4566
INFO 2026-06-09 21:47:57,009 - Broken pipe from ('127.0.0.1', 56183)
WARNING 2026-06-09 21:48:02,010 Not Found: /ws/notifications/
WARNING 2026-06-09 21:48:02,012 "GET /ws/notifications/?token=eyJhbGciOiJIUzI1NiIsInR5cCI6IkpXVCJ9.eyJ0b2tlbl90eXBlIjoiYWNjZXNzIiwiZXhwIjoxNzgxMDU4NjA0LCJpYXQiOjE3ODEwMjk4MDQsImp0aSI6ImM3MjQ2MTg2ODAwYTRlMGU4NDdlZGQ5ZjkwZjU5OGJiIiwidXNlcl9pZCI6IjkifQ.wlsPu05Ckv6fYNOSyY6yVp7KFZsurz_J1aaS2fmPUvk HTTP/1.1" 404 4566
INFO 2026-06-09 21:48:05,150 "GET /api/notifications/notifications/?ordering=-created_at HTTP/1.1" 200 52
WARNING 2026-06-09 21:48:07,075 Not Found: /ws/notifications/
WARNING 2026-06-09 21:48:07,079 "GET /ws/notifications/?token=eyJhbGciOiJIUzI1NiIsInR5cCI6IkpXVCJ9.eyJ0b2tlbl90eXBlIjoiYWNjZXNzIiwiZXhwIjoxNzgxMDU4NjA0LCJpYXQiOjE3ODEwMjk4MDQsImp0aSI6ImM3MjQ2MTg2ODAwYTRlMGU4NDdlZGQ5ZjkwZjU5OGJiIiwidXNlcl9pZCI6IjkifQ.wlsPu05Ckv6fYNOSyY6yVp7KFZsurz_J1aaS2fmPUvk HTTP/1.1" 404 4566
WARNING 2026-06-09 21:48:12,132 Not Found: /ws/notifications/
WARNING 2026-06-09 21:48:12,136 "GET /ws/notifications/?token=eyJhbGciOiJIUzI1NiIsInR5cCI6IkpXVCJ9.eyJ0b2tlbl90eXBlIjoiYWNjZXNzIiwiZXhwIjoxNzgxMDU4NjA0LCJpYXQiOjE3ODEwMjk4MDQsImp0aSI6ImM3MjQ2MTg2ODAwYTRlMGU4NDdlZGQ5ZjkwZjU5OGJiIiwidXNlcl9pZCI6IjkifQ.wlsPu05Ckv6fYNOSyY6yVp7KFZsurz_J1aaS2fmPUvk HTTP/1.1" 404 4566
INFO 2026-06-09 21:48:13,399 "GET /api/inventory/purchase-orders/ HTTP/1.1" 200 52
INFO 2026-06-09 21:48:13,483 "GET /api/customers/ HTTP/1.1" 200 1217
INFO 2026-06-09 21:48:13,498 "GET /api/users/ HTTP/1.1" 200 5968
INFO 2026-06-09 21:48:13,499 "GET /api/products/suppliers/ HTTP/1.1" 200 1014
INFO 2026-06-09 21:48:13,512 "GET /api/sales/ HTTP/1.1" 200 52
INFO 2026-06-09 21:48:13,520 "GET /api/products/ HTTP/1.1" 200 2052
WARNING 2026-06-09 21:48:17,167 Not Found: /ws/notifications/
WARNING 2026-06-09 21:48:17,169 "GET /ws/notifications/?token=eyJhbGciOiJIUzI1NiIsInR5cCI6IkpXVCJ9.eyJ0b2tlbl90eXBlIjoiYWNjZXNzIiwiZXhwIjoxNzgxMDU4NjA0LCJpYXQiOjE3ODEwMjk4MDQsImp0aSI6ImM3MjQ2MTg2ODAwYTRlMGU4NDdlZGQ5ZjkwZjU5OGJiIiwidXNlcl9pZCI6IjkifQ.wlsPu05Ckv6fYNOSyY6yVp7KFZsurz_J1aaS2fmPUvk HTTP/1.1" 404 4566
INFO 2026-06-09 21:48:20,155 "GET /api/notifications/notifications/?ordering=-created_at HTTP/1.1" 200 52
WARNING 2026-06-09 21:48:22,203 Not Found: /ws/notifications/
WARNING 2026-06-09 21:48:22,205 "GET /ws/notifications/?token=eyJhbGciOiJIUzI1NiIsInR5cCI6IkpXVCJ9.eyJ0b2tlbl90eXBlIjoiYWNjZXNzIiwiZXhwIjoxNzgxMDU4NjA0LCJpYXQiOjE3ODEwMjk4MDQsImp0aSI6ImM3MjQ2MTg2ODAwYTRlMGU4NDdlZGQ5ZjkwZjU5OGJiIiwidXNlcl9pZCI6IjkifQ.wlsPu05Ckv6fYNOSyY6yVp7KFZsurz_J1aaS2fmPUvk HTTP/1.1" 404 4566
WARNING 2026-06-09 21:48:27,240 Not Found: /ws/notifications/
WARNING 2026-06-09 21:48:27,242 "GET /ws/notifications/?token=eyJhbGciOiJIUzI1NiIsInR5cCI6IkpXVCJ9.eyJ0b2tlbl90eXBlIjoiYWNjZXNzIiwiZXhwIjoxNzgxMDU4NjA0LCJpYXQiOjE3ODEwMjk4MDQsImp0aSI6ImM3MjQ2MTg2ODAwYTRlMGU4NDdlZGQ5ZjkwZjU5OGJiIiwidXNlcl9pZCI6IjkifQ.wlsPu05Ckv6fYNOSyY6yVp7KFZsurz_J1aaS2fmPUvk HTTP/1.1" 404 4566
WARNING 2026-06-09 21:48:32,284 Not Found: /ws/notifications/
WARNING 2026-06-09 21:48:32,287 "GET /ws/notifications/?token=eyJhbGciOiJIUzI1NiIsInR5cCI6IkpXVCJ9.eyJ0b2tlbl90eXBlIjoiYWNjZXNzIiwiZXhwIjoxNzgxMDU4NjA0LCJpYXQiOjE3ODEwMjk4MDQsImp0aSI6ImM3MjQ2MTg2ODAwYTRlMGU4NDdlZGQ5ZjkwZjU5OGJiIiwidXNlcl9pZCI6IjkifQ.wlsPu05Ckv6fYNOSyY6yVp7KFZsurz_J1aaS2fmPUvk HTTP/1.1" 404 4566
INFO 2026-06-09 21:48:35,149 "GET /api/notifications/notifications/?ordering=-created_at HTTP/1.1" 200 52
WARNING 2026-06-09 21:48:37,352 Not Found: /ws/notifications/
WARNING 2026-06-09 21:48:37,354 "GET /ws/notifications/?token=eyJhbGciOiJIUzI1NiIsInR5cCI6IkpXVCJ9.eyJ0b2tlbl90eXBlIjoiYWNjZXNzIiwiZXhwIjoxNzgxMDU4NjA0LCJpYXQiOjE3ODEwMjk4MDQsImp0aSI6ImM3MjQ2MTg2ODAwYTRlMGU4NDdlZGQ5ZjkwZjU5OGJiIiwidXNlcl9pZCI6IjkifQ.wlsPu05Ckv6fYNOSyY6yVp7KFZsurz_J1aaS2fmPUvk HTTP/1.1" 404 4566
WARNING 2026-06-09 21:48:42,493 Not Found: /ws/notifications/
WARNING 2026-06-09 21:48:42,499 "GET /ws/notifications/?token=eyJhbGciOiJIUzI1NiIsInR5cCI6IkpXVCJ9.eyJ0b2tlbl90eXBlIjoiYWNjZXNzIiwiZXhwIjoxNzgxMDU4NjA0LCJpYXQiOjE3ODEwMjk4MDQsImp0aSI6ImM3MjQ2MTg2ODAwYTRlMGU4NDdlZGQ5ZjkwZjU5OGJiIiwidXNlcl9pZCI6IjkifQ.wlsPu05Ckv6fYNOSyY6yVp7KFZsurz_J1aaS2fmPUvk HTTP/1.1" 404 4566
INFO 2026-06-09 21:48:42,511 - Broken pipe from ('127.0.0.1', 65089)
INFO 2026-06-09 21:48:43,276 "GET /api/sales/ HTTP/1.1" 200 52
INFO 2026-06-09 21:48:43,321 "GET /api/customers/ HTTP/1.1" 200 1217
INFO 2026-06-09 21:48:43,322 "GET /api/products/suppliers/ HTTP/1.1" 200 1014
INFO 2026-06-09 21:48:43,333 "GET /api/inventory/purchase-orders/ HTTP/1.1" 200 52
INFO 2026-06-09 21:48:43,337 "GET /api/users/ HTTP/1.1" 200 5968
INFO 2026-06-09 21:48:43,338 "GET /api/products/ HTTP/1.1" 200 2052
WARNING 2026-06-09 21:48:47,713 Not Found: /ws/notifications/
WARNING 2026-06-09 21:48:47,715 "GET /ws/notifications/?token=eyJhbGciOiJIUzI1NiIsInR5cCI6IkpXVCJ9.eyJ0b2tlbl90eXBlIjoiYWNjZXNzIiwiZXhwIjoxNzgxMDU4NjA0LCJpYXQiOjE3ODEwMjk4MDQsImp0aSI6ImM3MjQ2MTg2ODAwYTRlMGU4NDdlZGQ5ZjkwZjU5OGJiIiwidXNlcl9pZCI6IjkifQ.wlsPu05Ckv6fYNOSyY6yVp7KFZsurz_J1aaS2fmPUvk HTTP/1.1" 404 4566
INFO 2026-06-09 21:48:50,110 "GET /api/notifications/notifications/?ordering=-created_at HTTP/1.1" 200 52
WARNING 2026-06-09 21:48:52,914 Not Found: /ws/notifications/
WARNING 2026-06-09 21:48:52,918 "GET /ws/notifications/?token=eyJhbGciOiJIUzI1NiIsInR5cCI6IkpXVCJ9.eyJ0b2tlbl90eXBlIjoiYWNjZXNzIiwiZXhwIjoxNzgxMDU4NjA0LCJpYXQiOjE3ODEwMjk4MDQsImp0aSI6ImM3MjQ2MTg2ODAwYTRlMGU4NDdlZGQ5ZjkwZjU5OGJiIiwidXNlcl9pZCI6IjkifQ.wlsPu05Ckv6fYNOSyY6yVp7KFZsurz_J1aaS2fmPUvk HTTP/1.1" 404 4566
WARNING 2026-06-09 21:48:58,237 Not Found: /ws/notifications/
WARNING 2026-06-09 21:48:58,239 "GET /ws/notifications/?token=eyJhbGciOiJIUzI1NiIsInR5cCI6IkpXVCJ9.eyJ0b2tlbl90eXBlIjoiYWNjZXNzIiwiZXhwIjoxNzgxMDU4NjA0LCJpYXQiOjE3ODEwMjk4MDQsImp0aSI6ImM3MjQ2MTg2ODAwYTRlMGU4NDdlZGQ5ZjkwZjU5OGJiIiwidXNlcl9pZCI6IjkifQ.wlsPu05Ckv6fYNOSyY6yVp7KFZsurz_J1aaS2fmPUvk HTTP/1.1" 404 4566
WARNING 2026-06-09 21:49:04,331 Not Found: /ws/notifications/
WARNING 2026-06-09 21:49:04,332 "GET /ws/notifications/?token=eyJhbGciOiJIUzI1NiIsInR5cCI6IkpXVCJ9.eyJ0b2tlbl90eXBlIjoiYWNjZXNzIiwiZXhwIjoxNzgxMDU4NjA0LCJpYXQiOjE3ODEwMjk4MDQsImp0aSI6ImM3MjQ2MTg2ODAwYTRlMGU4NDdlZGQ5ZjkwZjU5OGJiIiwidXNlcl9pZCI6IjkifQ.wlsPu05Ckv6fYNOSyY6yVp7KFZsurz_J1aaS2fmPUvk HTTP/1.1" 404 4566
INFO 2026-06-09 21:49:05,152 "GET /api/notifications/notifications/?ordering=-created_at HTTP/1.1" 200 52
WARNING 2026-06-09 21:49:11,544 Not Found: /ws/notifications/
WARNING 2026-06-09 21:49:11,549 "GET /ws/notifications/?token=eyJhbGciOiJIUzI1NiIsInR5cCI6IkpXVCJ9.eyJ0b2tlbl90eXBlIjoiYWNjZXNzIiwiZXhwIjoxNzgxMDU4NjA0LCJpYXQiOjE3ODEwMjk4MDQsImp0aSI6ImM3MjQ2MTg2ODAwYTRlMGU4NDdlZGQ5ZjkwZjU5OGJiIiwidXNlcl9pZCI6IjkifQ.wlsPu05Ckv6fYNOSyY6yVp7KFZsurz_J1aaS2fmPUvk HTTP/1.1" 404 4566
INFO 2026-06-09 21:49:13,279 "GET /api/sales/ HTTP/1.1" 200 52
INFO 2026-06-09 21:49:13,295 "GET /api/inventory/purchase-orders/ HTTP/1.1" 200 52
INFO 2026-06-09 21:49:13,312 "GET /api/products/suppliers/ HTTP/1.1" 200 1014
INFO 2026-06-09 21:49:13,317 "GET /api/users/ HTTP/1.1" 200 5968
INFO 2026-06-09 21:49:13,324 "GET /api/customers/ HTTP/1.1" 200 1217
INFO 2026-06-09 21:49:13,333 "GET /api/products/ HTTP/1.1" 200 2052
WARNING 2026-06-09 21:49:19,513 Not Found: /ws/notifications/
WARNING 2026-06-09 21:49:19,515 "GET /ws/notifications/?token=eyJhbGciOiJIUzI1NiIsInR5cCI6IkpXVCJ9.eyJ0b2tlbl90eXBlIjoiYWNjZXNzIiwiZXhwIjoxNzgxMDU4NjA0LCJpYXQiOjE3ODEwMjk4MDQsImp0aSI6ImM3MjQ2MTg2ODAwYTRlMGU4NDdlZGQ5ZjkwZjU5OGJiIiwidXNlcl9pZCI6IjkifQ.wlsPu05Ckv6fYNOSyY6yVp7KFZsurz_J1aaS2fmPUvk HTTP/1.1" 404 4566
INFO 2026-06-09 21:49:20,153 "GET /api/notifications/notifications/?ordering=-created_at HTTP/1.1" 200 52
WARNING 2026-06-09 21:49:29,338 Not Found: /ws/notifications/
WARNING 2026-06-09 21:49:29,341 "GET /ws/notifications/?token=eyJhbGciOiJIUzI1NiIsInR5cCI6IkpXVCJ9.eyJ0b2tlbl90eXBlIjoiYWNjZXNzIiwiZXhwIjoxNzgxMDU4NjA0LCJpYXQiOjE3ODEwMjk4MDQsImp0aSI6ImM3MjQ2MTg2ODAwYTRlMGU4NDdlZGQ5ZjkwZjU5OGJiIiwidXNlcl9pZCI6IjkifQ.wlsPu05Ckv6fYNOSyY6yVp7KFZsurz_J1aaS2fmPUvk HTTP/1.1" 404 4566
INFO 2026-06-09 21:49:35,128 "GET /api/notifications/notifications/?ordering=-created_at HTTP/1.1" 200 52
WARNING 2026-06-09 21:49:35,932 Not Found: /ws/notifications/
WARNING 2026-06-09 21:49:35,934 "GET /ws/notifications/?token=eyJhbGciOiJIUzI1NiIsInR5cCI6IkpXVCJ9.eyJ0b2tlbl90eXBlIjoiYWNjZXNzIiwiZXhwIjoxNzgxMDU4NjA0LCJpYXQiOjE3ODEwMjk4MDQsImp0aSI6ImM3MjQ2MTg2ODAwYTRlMGU4NDdlZGQ5ZjkwZjU5OGJiIiwidXNlcl9pZCI6IjkifQ.wlsPu05Ckv6fYNOSyY6yVp7KFZsurz_J1aaS2fmPUvk HTTP/1.1" 404 4566
INFO 2026-06-09 21:49:43,319 "GET /api/sales/ HTTP/1.1" 200 52
INFO 2026-06-09 21:49:43,334 "GET /api/inventory/purchase-orders/ HTTP/1.1" 200 52
INFO 2026-06-09 21:49:43,354 "GET /api/products/suppliers/ HTTP/1.1" 200 1014
INFO 2026-06-09 21:49:43,370 "GET /api/customers/ HTTP/1.1" 200 1217
INFO 2026-06-09 21:49:43,372 "GET /api/users/ HTTP/1.1" 200 5968
INFO 2026-06-09 21:49:43,381 "GET /api/products/ HTTP/1.1" 200 2052
WARNING 2026-06-09 21:49:43,934 Not Found: /ws/notifications/
WARNING 2026-06-09 21:49:43,936 "GET /ws/notifications/?token=eyJhbGciOiJIUzI1NiIsInR5cCI6IkpXVCJ9.eyJ0b2tlbl90eXBlIjoiYWNjZXNzIiwiZXhwIjoxNzgxMDU4NjA0LCJpYXQiOjE3ODEwMjk4MDQsImp0aSI6ImM3MjQ2MTg2ODAwYTRlMGU4NDdlZGQ5ZjkwZjU5OGJiIiwidXNlcl9pZCI6IjkifQ.wlsPu05Ckv6fYNOSyY6yVp7KFZsurz_J1aaS2fmPUvk HTTP/1.1" 404 4566
INFO 2026-06-09 21:49:50,117 "GET /api/notifications/notifications/?ordering=-created_at HTTP/1.1" 200 52
INFO 2026-06-09 21:52:30,731 "POST /api/users/login/ HTTP/1.1" 200 1413
INFO 2026-06-09 21:52:30,884 "GET /api/inventory/purchase-orders/ HTTP/1.1" 200 52
WARNING 2026-06-09 21:52:30,907 Not Found: /ws/notifications/
INFO 2026-06-09 21:52:30,910 "GET /api/sales/ HTTP/1.1" 200 52
INFO 2026-06-09 21:52:30,921 - Broken pipe from ('127.0.0.1', 58872)
INFO 2026-06-09 21:52:30,969 "GET /api/products/suppliers/ HTTP/1.1" 200 1014
WARNING 2026-06-09 21:52:30,977 Not Found: /ws/notifications/
WARNING 2026-06-09 21:52:31,011 "GET /ws/notifications/?token=eyJhbGciOiJIUzI1NiIsInR5cCI6IkpXVCJ9.eyJ0b2tlbl90eXBlIjoiYWNjZXNzIiwiZXhwIjoxNzgxMDU5OTUwLCJpYXQiOjE3ODEwMzExNTAsImp0aSI6ImFlZGE0ZWJhYmQ3MDRiMzVhN2YzZGFlMGQyNDY1NDQyIiwidXNlcl9pZCI6IjkifQ.gESMPL-cNWZ4mTXPtW5VyKEA8FgV8oFfz7SoDodMgYk HTTP/1.1" 404 4566
INFO 2026-06-09 21:52:31,011 "GET /api/notifications/notifications/?ordering=-created_at HTTP/1.1" 200 52
INFO 2026-06-09 21:52:31,044 "GET /api/customers/ HTTP/1.1" 200 1217
INFO 2026-06-09 21:52:31,059 "GET /api/users/ HTTP/1.1" 200 5968
INFO 2026-06-09 21:52:31,073 "GET /api/products/ HTTP/1.1" 200 2052
INFO 2026-06-09 21:52:31,084 "GET /api/notifications/notifications/?ordering=-created_at HTTP/1.1" 200 52
WARNING 2026-06-09 21:52:36,089 Not Found: /ws/notifications/
WARNING 2026-06-09 21:52:36,092 "GET /ws/notifications/?token=eyJhbGciOiJIUzI1NiIsInR5cCI6IkpXVCJ9.eyJ0b2tlbl90eXBlIjoiYWNjZXNzIiwiZXhwIjoxNzgxMDU5OTUwLCJpYXQiOjE3ODEwMzExNTAsImp0aSI6ImFlZGE0ZWJhYmQ3MDRiMzVhN2YzZGFlMGQyNDY1NDQyIiwidXNlcl9pZCI6IjkifQ.gESMPL-cNWZ4mTXPtW5VyKEA8FgV8oFfz7SoDodMgYk HTTP/1.1" 404 4566
WARNING 2026-06-09 21:52:41,132 Not Found: /ws/notifications/
WARNING 2026-06-09 21:52:41,134 "GET /ws/notifications/?token=eyJhbGciOiJIUzI1NiIsInR5cCI6IkpXVCJ9.eyJ0b2tlbl90eXBlIjoiYWNjZXNzIiwiZXhwIjoxNzgxMDU5OTUwLCJpYXQiOjE3ODEwMzExNTAsImp0aSI6ImFlZGE0ZWJhYmQ3MDRiMzVhN2YzZGFlMGQyNDY1NDQyIiwidXNlcl9pZCI6IjkifQ.gESMPL-cNWZ4mTXPtW5VyKEA8FgV8oFfz7SoDodMgYk HTTP/1.1" 404 4566
INFO 2026-06-09 21:52:45,826 "GET /api/notifications/notifications/?ordering=-created_at HTTP/1.1" 200 52
INFO 2026-06-09 21:52:45,844 "GET /media/products/laptop-bef51506.webp HTTP/1.1" 304 0
WARNING 2026-06-09 21:52:46,260 Not Found: /ws/notifications/
WARNING 2026-06-09 21:52:46,267 "GET /ws/notifications/?token=eyJhbGciOiJIUzI1NiIsInR5cCI6IkpXVCJ9.eyJ0b2tlbl90eXBlIjoiYWNjZXNzIiwiZXhwIjoxNzgxMDU5OTUwLCJpYXQiOjE3ODEwMzExNTAsImp0aSI6ImFlZGE0ZWJhYmQ3MDRiMzVhN2YzZGFlMGQyNDY1NDQyIiwidXNlcl9pZCI6IjkifQ.gESMPL-cNWZ4mTXPtW5VyKEA8FgV8oFfz7SoDodMgYk HTTP/1.1" 404 4566
WARNING 2026-06-09 21:52:51,381 Not Found: /ws/notifications/
WARNING 2026-06-09 21:52:51,383 "GET /ws/notifications/?token=eyJhbGciOiJIUzI1NiIsInR5cCI6IkpXVCJ9.eyJ0b2tlbl90eXBlIjoiYWNjZXNzIiwiZXhwIjoxNzgxMDU5OTUwLCJpYXQiOjE3ODEwMzExNTAsImp0aSI6ImFlZGE0ZWJhYmQ3MDRiMzVhN2YzZGFlMGQyNDY1NDQyIiwidXNlcl9pZCI6IjkifQ.gESMPL-cNWZ4mTXPtW5VyKEA8FgV8oFfz7SoDodMgYk HTTP/1.1" 404 4566
WARNING 2026-06-09 21:52:56,437 Not Found: /ws/notifications/
WARNING 2026-06-09 21:52:56,441 "GET /ws/notifications/?token=eyJhbGciOiJIUzI1NiIsInR5cCI6IkpXVCJ9.eyJ0b2tlbl90eXBlIjoiYWNjZXNzIiwiZXhwIjoxNzgxMDU5OTUwLCJpYXQiOjE3ODEwMzExNTAsImp0aSI6ImFlZGE0ZWJhYmQ3MDRiMzVhN2YzZGFlMGQyNDY1NDQyIiwidXNlcl9pZCI6IjkifQ.gESMPL-cNWZ4mTXPtW5VyKEA8FgV8oFfz7SoDodMgYk HTTP/1.1" 404 4566
INFO 2026-06-09 21:53:00,904 "GET /api/sales/ HTTP/1.1" 200 52
INFO 2026-06-09 21:53:00,905 "GET /api/users/ HTTP/1.1" 200 5968
INFO 2026-06-09 21:53:00,908 "GET /api/products/suppliers/ HTTP/1.1" 200 1014
INFO 2026-06-09 21:53:00,910 "GET /api/customers/ HTTP/1.1" 200 1217
INFO 2026-06-09 21:53:00,910 "GET /api/inventory/purchase-orders/ HTTP/1.1" 200 52
INFO 2026-06-09 21:53:00,927 "GET /api/products/ HTTP/1.1" 200 2052
INFO 2026-06-09 21:53:00,940 "GET /api/notifications/notifications/?ordering=-created_at HTTP/1.1" 200 52
WARNING 2026-06-09 21:53:01,475 Not Found: /ws/notifications/
WARNING 2026-06-09 21:53:01,476 "GET /ws/notifications/?token=eyJhbGciOiJIUzI1NiIsInR5cCI6IkpXVCJ9.eyJ0b2tlbl90eXBlIjoiYWNjZXNzIiwiZXhwIjoxNzgxMDU5OTUwLCJpYXQiOjE3ODEwMzExNTAsImp0aSI6ImFlZGE0ZWJhYmQ3MDRiMzVhN2YzZGFlMGQyNDY1NDQyIiwidXNlcl9pZCI6IjkifQ.gESMPL-cNWZ4mTXPtW5VyKEA8FgV8oFfz7SoDodMgYk HTTP/1.1" 404 4566
WARNING 2026-06-09 21:53:06,530 Not Found: /ws/notifications/
WARNING 2026-06-09 21:53:06,532 "GET /ws/notifications/?token=eyJhbGciOiJIUzI1NiIsInR5cCI6IkpXVCJ9.eyJ0b2tlbl90eXBlIjoiYWNjZXNzIiwiZXhwIjoxNzgxMDU5OTUwLCJpYXQiOjE3ODEwMzExNTAsImp0aSI6ImFlZGE0ZWJhYmQ3MDRiMzVhN2YzZGFlMGQyNDY1NDQyIiwidXNlcl9pZCI6IjkifQ.gESMPL-cNWZ4mTXPtW5VyKEA8FgV8oFfz7SoDodMgYk HTTP/1.1" 404 4566
WARNING 2026-06-09 21:53:11,635 Not Found: /ws/notifications/
WARNING 2026-06-09 21:53:11,637 "GET /ws/notifications/?token=eyJhbGciOiJIUzI1NiIsInR5cCI6IkpXVCJ9.eyJ0b2tlbl90eXBlIjoiYWNjZXNzIiwiZXhwIjoxNzgxMDU5OTUwLCJpYXQiOjE3ODEwMzExNTAsImp0aSI6ImFlZGE0ZWJhYmQ3MDRiMzVhN2YzZGFlMGQyNDY1NDQyIiwidXNlcl9pZCI6IjkifQ.gESMPL-cNWZ4mTXPtW5VyKEA8FgV8oFfz7SoDodMgYk HTTP/1.1" 404 4566
INFO 2026-06-09 21:53:15,790 "GET /api/notifications/notifications/?ordering=-created_at HTTP/1.1" 200 52
WARNING 2026-06-09 21:53:16,723 Not Found: /ws/notifications/
WARNING 2026-06-09 21:53:16,725 "GET /ws/notifications/?token=eyJhbGciOiJIUzI1NiIsInR5cCI6IkpXVCJ9.eyJ0b2tlbl90eXBlIjoiYWNjZXNzIiwiZXhwIjoxNzgxMDU5OTUwLCJpYXQiOjE3ODEwMzExNTAsImp0aSI6ImFlZGE0ZWJhYmQ3MDRiMzVhN2YzZGFlMGQyNDY1NDQyIiwidXNlcl9pZCI6IjkifQ.gESMPL-cNWZ4mTXPtW5VyKEA8FgV8oFfz7SoDodMgYk HTTP/1.1" 404 4566
WARNING 2026-06-09 21:53:21,879 Not Found: /ws/notifications/
WARNING 2026-06-09 21:53:21,881 "GET /ws/notifications/?token=eyJhbGciOiJIUzI1NiIsInR5cCI6IkpXVCJ9.eyJ0b2tlbl90eXBlIjoiYWNjZXNzIiwiZXhwIjoxNzgxMDU5OTUwLCJpYXQiOjE3ODEwMzExNTAsImp0aSI6ImFlZGE0ZWJhYmQ3MDRiMzVhN2YzZGFlMGQyNDY1NDQyIiwidXNlcl9pZCI6IjkifQ.gESMPL-cNWZ4mTXPtW5VyKEA8FgV8oFfz7SoDodMgYk HTTP/1.1" 404 4566
WARNING 2026-06-09 21:53:27,071 Not Found: /ws/notifications/
WARNING 2026-06-09 21:53:27,072 "GET /ws/notifications/?token=eyJhbGciOiJIUzI1NiIsInR5cCI6IkpXVCJ9.eyJ0b2tlbl90eXBlIjoiYWNjZXNzIiwiZXhwIjoxNzgxMDU5OTUwLCJpYXQiOjE3ODEwMzExNTAsImp0aSI6ImFlZGE0ZWJhYmQ3MDRiMzVhN2YzZGFlMGQyNDY1NDQyIiwidXNlcl9pZCI6IjkifQ.gESMPL-cNWZ4mTXPtW5VyKEA8FgV8oFfz7SoDodMgYk HTTP/1.1" 404 4566
INFO 2026-06-09 21:53:30,861 "GET /api/sales/ HTTP/1.1" 200 52
INFO 2026-06-09 21:53:30,873 "GET /api/inventory/purchase-orders/ HTTP/1.1" 200 52
INFO 2026-06-09 21:53:30,904 "GET /api/customers/ HTTP/1.1" 200 1217
INFO 2026-06-09 21:53:30,908 "GET /api/products/suppliers/ HTTP/1.1" 200 1014
INFO 2026-06-09 21:53:30,920 "GET /api/products/ HTTP/1.1" 200 2052
INFO 2026-06-09 21:53:30,920 "GET /api/notifications/notifications/?ordering=-created_at HTTP/1.1" 200 52
INFO 2026-06-09 21:53:30,931 "GET /api/users/ HTTP/1.1" 200 5968
WARNING 2026-06-09 21:53:32,540 Not Found: /ws/notifications/
WARNING 2026-06-09 21:53:32,542 "GET /ws/notifications/?token=eyJhbGciOiJIUzI1NiIsInR5cCI6IkpXVCJ9.eyJ0b2tlbl90eXBlIjoiYWNjZXNzIiwiZXhwIjoxNzgxMDU5OTUwLCJpYXQiOjE3ODEwMzExNTAsImp0aSI6ImFlZGE0ZWJhYmQ3MDRiMzVhN2YzZGFlMGQyNDY1NDQyIiwidXNlcl9pZCI6IjkifQ.gESMPL-cNWZ4mTXPtW5VyKEA8FgV8oFfz7SoDodMgYk HTTP/1.1" 404 4566
WARNING 2026-06-09 21:53:38,324 Not Found: /ws/notifications/
WARNING 2026-06-09 21:53:38,332 "GET /ws/notifications/?token=eyJhbGciOiJIUzI1NiIsInR5cCI6IkpXVCJ9.eyJ0b2tlbl90eXBlIjoiYWNjZXNzIiwiZXhwIjoxNzgxMDU5OTUwLCJpYXQiOjE3ODEwMzExNTAsImp0aSI6ImFlZGE0ZWJhYmQ3MDRiMzVhN2YzZGFlMGQyNDY1NDQyIiwidXNlcl9pZCI6IjkifQ.gESMPL-cNWZ4mTXPtW5VyKEA8FgV8oFfz7SoDodMgYk HTTP/1.1" 404 4566
INFO 2026-06-09 21:53:38,334 - Broken pipe from ('127.0.0.1', 55503)
WARNING 2026-06-09 21:53:44,507 Not Found: /ws/notifications/
WARNING 2026-06-09 21:53:44,509 "GET /ws/notifications/?token=eyJhbGciOiJIUzI1NiIsInR5cCI6IkpXVCJ9.eyJ0b2tlbl90eXBlIjoiYWNjZXNzIiwiZXhwIjoxNzgxMDU5OTUwLCJpYXQiOjE3ODEwMzExNTAsImp0aSI6ImFlZGE0ZWJhYmQ3MDRiMzVhN2YzZGFlMGQyNDY1NDQyIiwidXNlcl9pZCI6IjkifQ.gESMPL-cNWZ4mTXPtW5VyKEA8FgV8oFfz7SoDodMgYk HTTP/1.1" 404 4566
INFO 2026-06-09 21:53:45,806 "GET /api/notifications/notifications/?ordering=-created_at HTTP/1.1" 200 52
WARNING 2026-06-09 21:53:51,046 Not Found: /ws/notifications/
WARNING 2026-06-09 21:53:51,051 "GET /ws/notifications/?token=eyJhbGciOiJIUzI1NiIsInR5cCI6IkpXVCJ9.eyJ0b2tlbl90eXBlIjoiYWNjZXNzIiwiZXhwIjoxNzgxMDU5OTUwLCJpYXQiOjE3ODEwMzExNTAsImp0aSI6ImFlZGE0ZWJhYmQ3MDRiMzVhN2YzZGFlMGQyNDY1NDQyIiwidXNlcl9pZCI6IjkifQ.gESMPL-cNWZ4mTXPtW5VyKEA8FgV8oFfz7SoDodMgYk HTTP/1.1" 404 4566
WARNING 2026-06-09 21:53:59,084 Not Found: /ws/notifications/
WARNING 2026-06-09 21:53:59,087 "GET /ws/notifications/?token=eyJhbGciOiJIUzI1NiIsInR5cCI6IkpXVCJ9.eyJ0b2tlbl90eXBlIjoiYWNjZXNzIiwiZXhwIjoxNzgxMDU5OTUwLCJpYXQiOjE3ODEwMzExNTAsImp0aSI6ImFlZGE0ZWJhYmQ3MDRiMzVhN2YzZGFlMGQyNDY1NDQyIiwidXNlcl9pZCI6IjkifQ.gESMPL-cNWZ4mTXPtW5VyKEA8FgV8oFfz7SoDodMgYk HTTP/1.1" 404 4566
INFO 2026-06-09 21:54:00,837 "GET /api/sales/ HTTP/1.1" 200 52
INFO 2026-06-09 21:54:00,845 "GET /api/inventory/purchase-orders/ HTTP/1.1" 200 52
INFO 2026-06-09 21:54:00,891 "GET /api/customers/ HTTP/1.1" 200 1217
INFO 2026-06-09 21:54:00,952 "GET /api/products/suppliers/ HTTP/1.1" 200 1014
INFO 2026-06-09 21:54:01,039 "GET /api/notifications/notifications/?ordering=-created_at HTTP/1.1" 200 52
INFO 2026-06-09 21:54:01,040 "GET /api/products/ HTTP/1.1" 200 2052
INFO 2026-06-09 21:54:01,040 "GET /api/users/ HTTP/1.1" 200 5968
WARNING 2026-06-09 21:54:06,541 Not Found: /ws/notifications/
WARNING 2026-06-09 21:54:06,544 "GET /ws/notifications/?token=eyJhbGciOiJIUzI1NiIsInR5cCI6IkpXVCJ9.eyJ0b2tlbl90eXBlIjoiYWNjZXNzIiwiZXhwIjoxNzgxMDU5OTUwLCJpYXQiOjE3ODEwMzExNTAsImp0aSI6ImFlZGE0ZWJhYmQ3MDRiMzVhN2YzZGFlMGQyNDY1NDQyIiwidXNlcl9pZCI6IjkifQ.gESMPL-cNWZ4mTXPtW5VyKEA8FgV8oFfz7SoDodMgYk HTTP/1.1" 404 4566
WARNING 2026-06-09 21:54:15,491 Not Found: /ws/notifications/
WARNING 2026-06-09 21:54:15,492 "GET /ws/notifications/?token=eyJhbGciOiJIUzI1NiIsInR5cCI6IkpXVCJ9.eyJ0b2tlbl90eXBlIjoiYWNjZXNzIiwiZXhwIjoxNzgxMDU5OTUwLCJpYXQiOjE3ODEwMzExNTAsImp0aSI6ImFlZGE0ZWJhYmQ3MDRiMzVhN2YzZGFlMGQyNDY1NDQyIiwidXNlcl9pZCI6IjkifQ.gESMPL-cNWZ4mTXPtW5VyKEA8FgV8oFfz7SoDodMgYk HTTP/1.1" 404 4566
INFO 2026-06-09 21:54:15,880 "GET /api/notifications/notifications/?ordering=-created_at HTTP/1.1" 200 52
WARNING 2026-06-09 21:54:22,624 Not Found: /ws/notifications/
WARNING 2026-06-09 21:54:22,627 "GET /ws/notifications/?token=eyJhbGciOiJIUzI1NiIsInR5cCI6IkpXVCJ9.eyJ0b2tlbl90eXBlIjoiYWNjZXNzIiwiZXhwIjoxNzgxMDU5OTUwLCJpYXQiOjE3ODEwMzExNTAsImp0aSI6ImFlZGE0ZWJhYmQ3MDRiMzVhN2YzZGFlMGQyNDY1NDQyIiwidXNlcl9pZCI6IjkifQ.gESMPL-cNWZ4mTXPtW5VyKEA8FgV8oFfz7SoDodMgYk HTTP/1.1" 404 4566
INFO 2026-06-09 21:54:30,829 "GET /api/sales/ HTTP/1.1" 200 52
INFO 2026-06-09 21:54:30,858 "GET /api/inventory/purchase-orders/ HTTP/1.1" 200 52
INFO 2026-06-09 21:54:30,860 "GET /api/users/ HTTP/1.1" 200 5968
INFO 2026-06-09 21:54:30,869 "GET /api/customers/ HTTP/1.1" 200 1217
INFO 2026-06-09 21:54:30,860 "GET /api/products/suppliers/ HTTP/1.1" 200 1014
INFO 2026-06-09 21:54:30,877 "GET /api/products/ HTTP/1.1" 200 2052
INFO 2026-06-09 21:54:30,890 "GET /api/notifications/notifications/?ordering=-created_at HTTP/1.1" 200 52
WARNING 2026-06-09 21:54:32,202 Not Found: /ws/notifications/
WARNING 2026-06-09 21:54:32,203 "GET /ws/notifications/?token=eyJhbGciOiJIUzI1NiIsInR5cCI6IkpXVCJ9.eyJ0b2tlbl90eXBlIjoiYWNjZXNzIiwiZXhwIjoxNzgxMDU5OTUwLCJpYXQiOjE3ODEwMzExNTAsImp0aSI6ImFlZGE0ZWJhYmQ3MDRiMzVhN2YzZGFlMGQyNDY1NDQyIiwidXNlcl9pZCI6IjkifQ.gESMPL-cNWZ4mTXPtW5VyKEA8FgV8oFfz7SoDodMgYk HTTP/1.1" 404 4566
WARNING 2026-06-09 21:54:39,898 Not Found: /ws/notifications/
WARNING 2026-06-09 21:54:39,899 "GET /ws/notifications/?token=eyJhbGciOiJIUzI1NiIsInR5cCI6IkpXVCJ9.eyJ0b2tlbl90eXBlIjoiYWNjZXNzIiwiZXhwIjoxNzgxMDU5OTUwLCJpYXQiOjE3ODEwMzExNTAsImp0aSI6ImFlZGE0ZWJhYmQ3MDRiMzVhN2YzZGFlMGQyNDY1NDQyIiwidXNlcl9pZCI6IjkifQ.gESMPL-cNWZ4mTXPtW5VyKEA8FgV8oFfz7SoDodMgYk HTTP/1.1" 404 4566
INFO 2026-06-09 21:54:45,818 "GET /api/notifications/notifications/?ordering=-created_at HTTP/1.1" 200 52
WARNING 2026-06-09 21:54:46,855 Not Found: /ws/notifications/
WARNING 2026-06-09 21:54:46,857 "GET /ws/notifications/?token=eyJhbGciOiJIUzI1NiIsInR5cCI6IkpXVCJ9.eyJ0b2tlbl90eXBlIjoiYWNjZXNzIiwiZXhwIjoxNzgxMDU5OTUwLCJpYXQiOjE3ODEwMzExNTAsImp0aSI6ImFlZGE0ZWJhYmQ3MDRiMzVhN2YzZGFlMGQyNDY1NDQyIiwidXNlcl9pZCI6IjkifQ.gESMPL-cNWZ4mTXPtW5VyKEA8FgV8oFfz7SoDodMgYk HTTP/1.1" 404 4566
WARNING 2026-06-09 21:54:54,321 Not Found: /ws/notifications/
WARNING 2026-06-09 21:54:54,324 "GET /ws/notifications/?token=eyJhbGciOiJIUzI1NiIsInR5cCI6IkpXVCJ9.eyJ0b2tlbl90eXBlIjoiYWNjZXNzIiwiZXhwIjoxNzgxMDU5OTUwLCJpYXQiOjE3ODEwMzExNTAsImp0aSI6ImFlZGE0ZWJhYmQ3MDRiMzVhN2YzZGFlMGQyNDY1NDQyIiwidXNlcl9pZCI6IjkifQ.gESMPL-cNWZ4mTXPtW5VyKEA8FgV8oFfz7SoDodMgYk HTTP/1.1" 404 4566
INFO 2026-06-09 21:55:00,893 "GET /api/inventory/purchase-orders/ HTTP/1.1" 200 52
INFO 2026-06-09 21:55:00,918 "GET /api/sales/ HTTP/1.1" 200 52
INFO 2026-06-09 21:55:00,928 "GET /api/customers/ HTTP/1.1" 200 1217
INFO 2026-06-09 21:55:00,945 "GET /api/users/ HTTP/1.1" 200 5968
INFO 2026-06-09 21:55:00,953 "GET /api/products/suppliers/ HTTP/1.1" 200 1014
INFO 2026-06-09 21:55:00,953 "GET /api/notifications/notifications/?ordering=-created_at HTTP/1.1" 200 52
INFO 2026-06-09 21:55:00,961 "GET /api/products/ HTTP/1.1" 200 2052
WARNING 2026-06-09 21:55:01,302 Not Found: /ws/notifications/
WARNING 2026-06-09 21:55:01,304 "GET /ws/notifications/?token=eyJhbGciOiJIUzI1NiIsInR5cCI6IkpXVCJ9.eyJ0b2tlbl90eXBlIjoiYWNjZXNzIiwiZXhwIjoxNzgxMDU5OTUwLCJpYXQiOjE3ODEwMzExNTAsImp0aSI6ImFlZGE0ZWJhYmQ3MDRiMzVhN2YzZGFlMGQyNDY1NDQyIiwidXNlcl9pZCI6IjkifQ.gESMPL-cNWZ4mTXPtW5VyKEA8FgV8oFfz7SoDodMgYk HTTP/1.1" 404 4566
WARNING 2026-06-09 21:55:09,126 Not Found: /ws/notifications/
WARNING 2026-06-09 21:55:09,128 "GET /ws/notifications/?token=eyJhbGciOiJIUzI1NiIsInR5cCI6IkpXVCJ9.eyJ0b2tlbl90eXBlIjoiYWNjZXNzIiwiZXhwIjoxNzgxMDU5OTUwLCJpYXQiOjE3ODEwMzExNTAsImp0aSI6ImFlZGE0ZWJhYmQ3MDRiMzVhN2YzZGFlMGQyNDY1NDQyIiwidXNlcl9pZCI6IjkifQ.gESMPL-cNWZ4mTXPtW5VyKEA8FgV8oFfz7SoDodMgYk HTTP/1.1" 404 4566
WARNING 2026-06-09 21:55:15,725 Not Found: /ws/notifications/
WARNING 2026-06-09 21:55:15,727 "GET /ws/notifications/?token=eyJhbGciOiJIUzI1NiIsInR5cCI6IkpXVCJ9.eyJ0b2tlbl90eXBlIjoiYWNjZXNzIiwiZXhwIjoxNzgxMDU5OTUwLCJpYXQiOjE3ODEwMzExNTAsImp0aSI6ImFlZGE0ZWJhYmQ3MDRiMzVhN2YzZGFlMGQyNDY1NDQyIiwidXNlcl9pZCI6IjkifQ.gESMPL-cNWZ4mTXPtW5VyKEA8FgV8oFfz7SoDodMgYk HTTP/1.1" 404 4566
INFO 2026-06-09 21:55:15,812 "GET /api/notifications/notifications/?ordering=-created_at HTTP/1.1" 200 52
WARNING 2026-06-09 21:55:25,033 Not Found: /ws/notifications/
WARNING 2026-06-09 21:55:25,039 "GET /ws/notifications/?token=eyJhbGciOiJIUzI1NiIsInR5cCI6IkpXVCJ9.eyJ0b2tlbl90eXBlIjoiYWNjZXNzIiwiZXhwIjoxNzgxMDU5OTUwLCJpYXQiOjE3ODEwMzExNTAsImp0aSI6ImFlZGE0ZWJhYmQ3MDRiMzVhN2YzZGFlMGQyNDY1NDQyIiwidXNlcl9pZCI6IjkifQ.gESMPL-cNWZ4mTXPtW5VyKEA8FgV8oFfz7SoDodMgYk HTTP/1.1" 404 4566
INFO 2026-06-09 21:55:30,811 "GET /api/sales/ HTTP/1.1" 200 52
INFO 2026-06-09 21:55:30,839 "GET /api/inventory/purchase-orders/ HTTP/1.1" 200 52
INFO 2026-06-09 21:55:30,861 "GET /api/customers/ HTTP/1.1" 200 1217
INFO 2026-06-09 21:55:30,862 "GET /api/products/suppliers/ HTTP/1.1" 200 1014
INFO 2026-06-09 21:55:30,865 "GET /api/products/ HTTP/1.1" 200 2052
INFO 2026-06-09 21:55:30,884 "GET /api/users/ HTTP/1.1" 200 5968
INFO 2026-06-09 21:55:30,885 "GET /api/notifications/notifications/?ordering=-created_at HTTP/1.1" 200 52
WARNING 2026-06-09 21:55:34,051 Not Found: /ws/notifications/
WARNING 2026-06-09 21:55:34,055 "GET /ws/notifications/?token=eyJhbGciOiJIUzI1NiIsInR5cCI6IkpXVCJ9.eyJ0b2tlbl90eXBlIjoiYWNjZXNzIiwiZXhwIjoxNzgxMDU5OTUwLCJpYXQiOjE3ODEwMzExNTAsImp0aSI6ImFlZGE0ZWJhYmQ3MDRiMzVhN2YzZGFlMGQyNDY1NDQyIiwidXNlcl9pZCI6IjkifQ.gESMPL-cNWZ4mTXPtW5VyKEA8FgV8oFfz7SoDodMgYk HTTP/1.1" 404 4566
WARNING 2026-06-09 21:55:40,475 Not Found: /ws/notifications/
WARNING 2026-06-09 21:55:40,479 "GET /ws/notifications/?token=eyJhbGciOiJIUzI1NiIsInR5cCI6IkpXVCJ9.eyJ0b2tlbl90eXBlIjoiYWNjZXNzIiwiZXhwIjoxNzgxMDU5OTUwLCJpYXQiOjE3ODEwMzExNTAsImp0aSI6ImFlZGE0ZWJhYmQ3MDRiMzVhN2YzZGFlMGQyNDY1NDQyIiwidXNlcl9pZCI6IjkifQ.gESMPL-cNWZ4mTXPtW5VyKEA8FgV8oFfz7SoDodMgYk HTTP/1.1" 404 4566
INFO 2026-06-09 21:55:45,818 "GET /api/notifications/notifications/?ordering=-created_at HTTP/1.1" 200 52
WARNING 2026-06-09 21:55:48,829 Not Found: /ws/notifications/
WARNING 2026-06-09 21:55:48,831 "GET /ws/notifications/?token=eyJhbGciOiJIUzI1NiIsInR5cCI6IkpXVCJ9.eyJ0b2tlbl90eXBlIjoiYWNjZXNzIiwiZXhwIjoxNzgxMDU5OTUwLCJpYXQiOjE3ODEwMzExNTAsImp0aSI6ImFlZGE0ZWJhYmQ3MDRiMzVhN2YzZGFlMGQyNDY1NDQyIiwidXNlcl9pZCI6IjkifQ.gESMPL-cNWZ4mTXPtW5VyKEA8FgV8oFfz7SoDodMgYk HTTP/1.1" 404 4566
WARNING 2026-06-09 21:55:56,803 Not Found: /ws/notifications/
WARNING 2026-06-09 21:55:56,804 "GET /ws/notifications/?token=eyJhbGciOiJIUzI1NiIsInR5cCI6IkpXVCJ9.eyJ0b2tlbl90eXBlIjoiYWNjZXNzIiwiZXhwIjoxNzgxMDU5OTUwLCJpYXQiOjE3ODEwMzExNTAsImp0aSI6ImFlZGE0ZWJhYmQ3MDRiMzVhN2YzZGFlMGQyNDY1NDQyIiwidXNlcl9pZCI6IjkifQ.gESMPL-cNWZ4mTXPtW5VyKEA8FgV8oFfz7SoDodMgYk HTTP/1.1" 404 4566
INFO 2026-06-09 21:56:00,849 "GET /api/sales/ HTTP/1.1" 200 52
INFO 2026-06-09 21:56:00,859 "GET /api/inventory/purchase-orders/ HTTP/1.1" 200 52
INFO 2026-06-09 21:56:00,876 "GET /api/customers/ HTTP/1.1" 200 1217
INFO 2026-06-09 21:56:00,881 "GET /api/products/suppliers/ HTTP/1.1" 200 1014
INFO 2026-06-09 21:56:00,884 "GET /api/products/ HTTP/1.1" 200 2052
INFO 2026-06-09 21:56:00,899 "GET /api/users/ HTTP/1.1" 200 5968
INFO 2026-06-09 21:56:00,899 "GET /api/notifications/notifications/?ordering=-created_at HTTP/1.1" 200 52
WARNING 2026-06-09 21:56:03,495 Not Found: /ws/notifications/
WARNING 2026-06-09 21:56:03,497 "GET /ws/notifications/?token=eyJhbGciOiJIUzI1NiIsInR5cCI6IkpXVCJ9.eyJ0b2tlbl90eXBlIjoiYWNjZXNzIiwiZXhwIjoxNzgxMDU5OTUwLCJpYXQiOjE3ODEwMzExNTAsImp0aSI6ImFlZGE0ZWJhYmQ3MDRiMzVhN2YzZGFlMGQyNDY1NDQyIiwidXNlcl9pZCI6IjkifQ.gESMPL-cNWZ4mTXPtW5VyKEA8FgV8oFfz7SoDodMgYk HTTP/1.1" 404 4566
WARNING 2026-06-09 21:56:09,823 Not Found: /ws/notifications/
WARNING 2026-06-09 21:56:09,824 "GET /ws/notifications/?token=eyJhbGciOiJIUzI1NiIsInR5cCI6IkpXVCJ9.eyJ0b2tlbl90eXBlIjoiYWNjZXNzIiwiZXhwIjoxNzgxMDU5OTUwLCJpYXQiOjE3ODEwMzExNTAsImp0aSI6ImFlZGE0ZWJhYmQ3MDRiMzVhN2YzZGFlMGQyNDY1NDQyIiwidXNlcl9pZCI6IjkifQ.gESMPL-cNWZ4mTXPtW5VyKEA8FgV8oFfz7SoDodMgYk HTTP/1.1" 404 4566
INFO 2026-06-09 21:56:15,834 "GET /api/notifications/notifications/?ordering=-created_at HTTP/1.1" 200 52
WARNING 2026-06-09 21:56:17,804 Not Found: /ws/notifications/
WARNING 2026-06-09 21:56:17,806 "GET /ws/notifications/?token=eyJhbGciOiJIUzI1NiIsInR5cCI6IkpXVCJ9.eyJ0b2tlbl90eXBlIjoiYWNjZXNzIiwiZXhwIjoxNzgxMDU5OTUwLCJpYXQiOjE3ODEwMzExNTAsImp0aSI6ImFlZGE0ZWJhYmQ3MDRiMzVhN2YzZGFlMGQyNDY1NDQyIiwidXNlcl9pZCI6IjkifQ.gESMPL-cNWZ4mTXPtW5VyKEA8FgV8oFfz7SoDodMgYk HTTP/1.1" 404 4566
WARNING 2026-06-09 21:56:26,711 Not Found: /ws/notifications/
WARNING 2026-06-09 21:56:26,714 "GET /ws/notifications/?token=eyJhbGciOiJIUzI1NiIsInR5cCI6IkpXVCJ9.eyJ0b2tlbl90eXBlIjoiYWNjZXNzIiwiZXhwIjoxNzgxMDU5OTUwLCJpYXQiOjE3ODEwMzExNTAsImp0aSI6ImFlZGE0ZWJhYmQ3MDRiMzVhN2YzZGFlMGQyNDY1NDQyIiwidXNlcl9pZCI6IjkifQ.gESMPL-cNWZ4mTXPtW5VyKEA8FgV8oFfz7SoDodMgYk HTTP/1.1" 404 4566
INFO 2026-06-09 21:56:26,716 - Broken pipe from ('127.0.0.1', 57591)
INFO 2026-06-09 21:56:30,891 "GET /api/products/suppliers/ HTTP/1.1" 200 1014
INFO 2026-06-09 21:56:30,904 "GET /api/sales/ HTTP/1.1" 200 52
INFO 2026-06-09 21:56:30,912 "GET /api/inventory/purchase-orders/ HTTP/1.1" 200 52
INFO 2026-06-09 21:56:30,920 "GET /api/customers/ HTTP/1.1" 200 1217
INFO 2026-06-09 21:56:30,924 "GET /api/users/ HTTP/1.1" 200 5968
INFO 2026-06-09 21:56:30,934 "GET /api/products/ HTTP/1.1" 200 2052
INFO 2026-06-09 21:56:30,944 "GET /api/notifications/notifications/?ordering=-created_at HTTP/1.1" 200 52
WARNING 2026-06-09 21:56:31,731 Not Found: /ws/notifications/
WARNING 2026-06-09 21:56:31,733 "GET /ws/notifications/?token=eyJhbGciOiJIUzI1NiIsInR5cCI6IkpXVCJ9.eyJ0b2tlbl90eXBlIjoiYWNjZXNzIiwiZXhwIjoxNzgxMDU5OTUwLCJpYXQiOjE3ODEwMzExNTAsImp0aSI6ImFlZGE0ZWJhYmQ3MDRiMzVhN2YzZGFlMGQyNDY1NDQyIiwidXNlcl9pZCI6IjkifQ.gESMPL-cNWZ4mTXPtW5VyKEA8FgV8oFfz7SoDodMgYk HTTP/1.1" 404 4566
WARNING 2026-06-09 21:56:36,760 Not Found: /ws/notifications/
WARNING 2026-06-09 21:56:36,761 "GET /ws/notifications/?token=eyJhbGciOiJIUzI1NiIsInR5cCI6IkpXVCJ9.eyJ0b2tlbl90eXBlIjoiYWNjZXNzIiwiZXhwIjoxNzgxMDU5OTUwLCJpYXQiOjE3ODEwMzExNTAsImp0aSI6ImFlZGE0ZWJhYmQ3MDRiMzVhN2YzZGFlMGQyNDY1NDQyIiwidXNlcl9pZCI6IjkifQ.gESMPL-cNWZ4mTXPtW5VyKEA8FgV8oFfz7SoDodMgYk HTTP/1.1" 404 4566
WARNING 2026-06-09 21:56:41,815 Not Found: /ws/notifications/
WARNING 2026-06-09 21:56:41,819 "GET /ws/notifications/?token=eyJhbGciOiJIUzI1NiIsInR5cCI6IkpXVCJ9.eyJ0b2tlbl90eXBlIjoiYWNjZXNzIiwiZXhwIjoxNzgxMDU5OTUwLCJpYXQiOjE3ODEwMzExNTAsImp0aSI6ImFlZGE0ZWJhYmQ3MDRiMzVhN2YzZGFlMGQyNDY1NDQyIiwidXNlcl9pZCI6IjkifQ.gESMPL-cNWZ4mTXPtW5VyKEA8FgV8oFfz7SoDodMgYk HTTP/1.1" 404 4566
INFO 2026-06-09 21:56:45,809 "GET /api/notifications/notifications/?ordering=-created_at HTTP/1.1" 200 52
WARNING 2026-06-09 21:56:46,862 Not Found: /ws/notifications/
WARNING 2026-06-09 21:56:46,865 "GET /ws/notifications/?token=eyJhbGciOiJIUzI1NiIsInR5cCI6IkpXVCJ9.eyJ0b2tlbl90eXBlIjoiYWNjZXNzIiwiZXhwIjoxNzgxMDU5OTUwLCJpYXQiOjE3ODEwMzExNTAsImp0aSI6ImFlZGE0ZWJhYmQ3MDRiMzVhN2YzZGFlMGQyNDY1NDQyIiwidXNlcl9pZCI6IjkifQ.gESMPL-cNWZ4mTXPtW5VyKEA8FgV8oFfz7SoDodMgYk HTTP/1.1" 404 4566
WARNING 2026-06-09 21:56:51,916 Not Found: /ws/notifications/
WARNING 2026-06-09 21:56:51,918 "GET /ws/notifications/?token=eyJhbGciOiJIUzI1NiIsInR5cCI6IkpXVCJ9.eyJ0b2tlbl90eXBlIjoiYWNjZXNzIiwiZXhwIjoxNzgxMDU5OTUwLCJpYXQiOjE3ODEwMzExNTAsImp0aSI6ImFlZGE0ZWJhYmQ3MDRiMzVhN2YzZGFlMGQyNDY1NDQyIiwidXNlcl9pZCI6IjkifQ.gESMPL-cNWZ4mTXPtW5VyKEA8FgV8oFfz7SoDodMgYk HTTP/1.1" 404 4566
WARNING 2026-06-09 21:56:56,969 Not Found: /ws/notifications/
WARNING 2026-06-09 21:56:56,971 "GET /ws/notifications/?token=eyJhbGciOiJIUzI1NiIsInR5cCI6IkpXVCJ9.eyJ0b2tlbl90eXBlIjoiYWNjZXNzIiwiZXhwIjoxNzgxMDU5OTUwLCJpYXQiOjE3ODEwMzExNTAsImp0aSI6ImFlZGE0ZWJhYmQ3MDRiMzVhN2YzZGFlMGQyNDY1NDQyIiwidXNlcl9pZCI6IjkifQ.gESMPL-cNWZ4mTXPtW5VyKEA8FgV8oFfz7SoDodMgYk HTTP/1.1" 404 4566
INFO 2026-06-09 21:57:00,838 "GET /api/products/suppliers/ HTTP/1.1" 200 1014
INFO 2026-06-09 21:57:00,857 "GET /api/sales/ HTTP/1.1" 200 52
INFO 2026-06-09 21:57:00,868 "GET /api/inventory/purchase-orders/ HTTP/1.1" 200 52
INFO 2026-06-09 21:57:00,883 "GET /api/customers/ HTTP/1.1" 200 1217
INFO 2026-06-09 21:57:00,908 "GET /api/notifications/notifications/?ordering=-created_at HTTP/1.1" 200 52
INFO 2026-06-09 21:57:00,915 "GET /api/users/ HTTP/1.1" 200 5968
INFO 2026-06-09 21:57:00,921 "GET /api/products/ HTTP/1.1" 200 2052
WARNING 2026-06-09 21:57:02,018 Not Found: /ws/notifications/
WARNING 2026-06-09 21:57:02,019 "GET /ws/notifications/?token=eyJhbGciOiJIUzI1NiIsInR5cCI6IkpXVCJ9.eyJ0b2tlbl90eXBlIjoiYWNjZXNzIiwiZXhwIjoxNzgxMDU5OTUwLCJpYXQiOjE3ODEwMzExNTAsImp0aSI6ImFlZGE0ZWJhYmQ3MDRiMzVhN2YzZGFlMGQyNDY1NDQyIiwidXNlcl9pZCI6IjkifQ.gESMPL-cNWZ4mTXPtW5VyKEA8FgV8oFfz7SoDodMgYk HTTP/1.1" 404 4566
WARNING 2026-06-09 21:57:07,059 Not Found: /ws/notifications/
WARNING 2026-06-09 21:57:07,061 "GET /ws/notifications/?token=eyJhbGciOiJIUzI1NiIsInR5cCI6IkpXVCJ9.eyJ0b2tlbl90eXBlIjoiYWNjZXNzIiwiZXhwIjoxNzgxMDU5OTUwLCJpYXQiOjE3ODEwMzExNTAsImp0aSI6ImFlZGE0ZWJhYmQ3MDRiMzVhN2YzZGFlMGQyNDY1NDQyIiwidXNlcl9pZCI6IjkifQ.gESMPL-cNWZ4mTXPtW5VyKEA8FgV8oFfz7SoDodMgYk HTTP/1.1" 404 4566
WARNING 2026-06-09 21:57:12,127 Not Found: /ws/notifications/
WARNING 2026-06-09 21:57:12,128 "GET /ws/notifications/?token=eyJhbGciOiJIUzI1NiIsInR5cCI6IkpXVCJ9.eyJ0b2tlbl90eXBlIjoiYWNjZXNzIiwiZXhwIjoxNzgxMDU5OTUwLCJpYXQiOjE3ODEwMzExNTAsImp0aSI6ImFlZGE0ZWJhYmQ3MDRiMzVhN2YzZGFlMGQyNDY1NDQyIiwidXNlcl9pZCI6IjkifQ.gESMPL-cNWZ4mTXPtW5VyKEA8FgV8oFfz7SoDodMgYk HTTP/1.1" 404 4566
INFO 2026-06-09 21:57:15,789 "GET /api/notifications/notifications/?ordering=-created_at HTTP/1.1" 200 52
WARNING 2026-06-09 21:57:17,200 Not Found: /ws/notifications/
WARNING 2026-06-09 21:57:17,202 "GET /ws/notifications/?token=eyJhbGciOiJIUzI1NiIsInR5cCI6IkpXVCJ9.eyJ0b2tlbl90eXBlIjoiYWNjZXNzIiwiZXhwIjoxNzgxMDU5OTUwLCJpYXQiOjE3ODEwMzExNTAsImp0aSI6ImFlZGE0ZWJhYmQ3MDRiMzVhN2YzZGFlMGQyNDY1NDQyIiwidXNlcl9pZCI6IjkifQ.gESMPL-cNWZ4mTXPtW5VyKEA8FgV8oFfz7SoDodMgYk HTTP/1.1" 404 4566
WARNING 2026-06-09 21:57:22,280 Not Found: /ws/notifications/
WARNING 2026-06-09 21:57:22,282 "GET /ws/notifications/?token=eyJhbGciOiJIUzI1NiIsInR5cCI6IkpXVCJ9.eyJ0b2tlbl90eXBlIjoiYWNjZXNzIiwiZXhwIjoxNzgxMDU5OTUwLCJpYXQiOjE3ODEwMzExNTAsImp0aSI6ImFlZGE0ZWJhYmQ3MDRiMzVhN2YzZGFlMGQyNDY1NDQyIiwidXNlcl9pZCI6IjkifQ.gESMPL-cNWZ4mTXPtW5VyKEA8FgV8oFfz7SoDodMgYk HTTP/1.1" 404 4566
WARNING 2026-06-09 21:57:27,432 Not Found: /ws/notifications/
WARNING 2026-06-09 21:57:27,438 "GET /ws/notifications/?token=eyJhbGciOiJIUzI1NiIsInR5cCI6IkpXVCJ9.eyJ0b2tlbl90eXBlIjoiYWNjZXNzIiwiZXhwIjoxNzgxMDU5OTUwLCJpYXQiOjE3ODEwMzExNTAsImp0aSI6ImFlZGE0ZWJhYmQ3MDRiMzVhN2YzZGFlMGQyNDY1NDQyIiwidXNlcl9pZCI6IjkifQ.gESMPL-cNWZ4mTXPtW5VyKEA8FgV8oFfz7SoDodMgYk HTTP/1.1" 404 4566
INFO 2026-06-09 21:57:27,440 - Broken pipe from ('127.0.0.1', 53445)
INFO 2026-06-09 21:57:30,893 "GET /api/customers/ HTTP/1.1" 200 1217
INFO 2026-06-09 21:57:30,905 "GET /api/sales/ HTTP/1.1" 200 52
INFO 2026-06-09 21:57:30,907 "GET /api/inventory/purchase-orders/ HTTP/1.1" 200 52
INFO 2026-06-09 21:57:30,908 "GET /api/products/suppliers/ HTTP/1.1" 200 1014
INFO 2026-06-09 21:57:30,907 "GET /api/users/ HTTP/1.1" 200 5968
INFO 2026-06-09 21:57:30,941 "GET /api/notifications/notifications/?ordering=-created_at HTTP/1.1" 200 52
INFO 2026-06-09 21:57:30,944 "GET /api/products/ HTTP/1.1" 200 2052
WARNING 2026-06-09 21:57:32,764 Not Found: /ws/notifications/
WARNING 2026-06-09 21:57:32,766 "GET /ws/notifications/?token=eyJhbGciOiJIUzI1NiIsInR5cCI6IkpXVCJ9.eyJ0b2tlbl90eXBlIjoiYWNjZXNzIiwiZXhwIjoxNzgxMDU5OTUwLCJpYXQiOjE3ODEwMzExNTAsImp0aSI6ImFlZGE0ZWJhYmQ3MDRiMzVhN2YzZGFlMGQyNDY1NDQyIiwidXNlcl9pZCI6IjkifQ.gESMPL-cNWZ4mTXPtW5VyKEA8FgV8oFfz7SoDodMgYk HTTP/1.1" 404 4566
WARNING 2026-06-09 21:57:38,215 Not Found: /ws/notifications/
WARNING 2026-06-09 21:57:38,223 "GET /ws/notifications/?token=eyJhbGciOiJIUzI1NiIsInR5cCI6IkpXVCJ9.eyJ0b2tlbl90eXBlIjoiYWNjZXNzIiwiZXhwIjoxNzgxMDU5OTUwLCJpYXQiOjE3ODEwMzExNTAsImp0aSI6ImFlZGE0ZWJhYmQ3MDRiMzVhN2YzZGFlMGQyNDY1NDQyIiwidXNlcl9pZCI6IjkifQ.gESMPL-cNWZ4mTXPtW5VyKEA8FgV8oFfz7SoDodMgYk HTTP/1.1" 404 4566
WARNING 2026-06-09 21:57:44,345 Not Found: /ws/notifications/
WARNING 2026-06-09 21:57:44,429 "GET /ws/notifications/?token=eyJhbGciOiJIUzI1NiIsInR5cCI6IkpXVCJ9.eyJ0b2tlbl90eXBlIjoiYWNjZXNzIiwiZXhwIjoxNzgxMDU5OTUwLCJpYXQiOjE3ODEwMzExNTAsImp0aSI6ImFlZGE0ZWJhYmQ3MDRiMzVhN2YzZGFlMGQyNDY1NDQyIiwidXNlcl9pZCI6IjkifQ.gESMPL-cNWZ4mTXPtW5VyKEA8FgV8oFfz7SoDodMgYk HTTP/1.1" 404 4566
INFO 2026-06-09 21:57:45,790 "GET /api/notifications/notifications/?ordering=-created_at HTTP/1.1" 200 52
WARNING 2026-06-09 21:57:50,900 Not Found: /ws/notifications/
WARNING 2026-06-09 21:57:50,902 "GET /ws/notifications/?token=eyJhbGciOiJIUzI1NiIsInR5cCI6IkpXVCJ9.eyJ0b2tlbl90eXBlIjoiYWNjZXNzIiwiZXhwIjoxNzgxMDU5OTUwLCJpYXQiOjE3ODEwMzExNTAsImp0aSI6ImFlZGE0ZWJhYmQ3MDRiMzVhN2YzZGFlMGQyNDY1NDQyIiwidXNlcl9pZCI6IjkifQ.gESMPL-cNWZ4mTXPtW5VyKEA8FgV8oFfz7SoDodMgYk HTTP/1.1" 404 4566
WARNING 2026-06-09 21:57:59,430 Not Found: /ws/notifications/
WARNING 2026-06-09 21:57:59,498 "GET /ws/notifications/?token=eyJhbGciOiJIUzI1NiIsInR5cCI6IkpXVCJ9.eyJ0b2tlbl90eXBlIjoiYWNjZXNzIiwiZXhwIjoxNzgxMDU5OTUwLCJpYXQiOjE3ODEwMzExNTAsImp0aSI6ImFlZGE0ZWJhYmQ3MDRiMzVhN2YzZGFlMGQyNDY1NDQyIiwidXNlcl9pZCI6IjkifQ.gESMPL-cNWZ4mTXPtW5VyKEA8FgV8oFfz7SoDodMgYk HTTP/1.1" 404 4566
INFO 2026-06-09 21:58:02,442 "GET /api/customers/ HTTP/1.1" 200 1217
INFO 2026-06-09 21:58:02,467 "GET /api/inventory/purchase-orders/ HTTP/1.1" 200 52
INFO 2026-06-09 21:58:02,594 "GET /api/sales/ HTTP/1.1" 200 52
INFO 2026-06-09 21:58:03,929 "GET /api/products/suppliers/ HTTP/1.1" 200 1014
INFO 2026-06-09 21:58:03,944 "GET /api/users/ HTTP/1.1" 200 5968
INFO 2026-06-09 21:58:04,022 "GET /api/products/ HTTP/1.1" 200 2052
INFO 2026-06-09 21:58:04,024 "GET /api/notifications/notifications/?ordering=-created_at HTTP/1.1" 200 52
WARNING 2026-06-09 21:58:05,932 Not Found: /ws/notifications/
WARNING 2026-06-09 21:58:05,935 "GET /ws/notifications/?token=eyJhbGciOiJIUzI1NiIsInR5cCI6IkpXVCJ9.eyJ0b2tlbl90eXBlIjoiYWNjZXNzIiwiZXhwIjoxNzgxMDU5OTUwLCJpYXQiOjE3ODEwMzExNTAsImp0aSI6ImFlZGE0ZWJhYmQ3MDRiMzVhN2YzZGFlMGQyNDY1NDQyIiwidXNlcl9pZCI6IjkifQ.gESMPL-cNWZ4mTXPtW5VyKEA8FgV8oFfz7SoDodMgYk HTTP/1.1" 404 4566
WARNING 2026-06-09 21:58:12,990 Not Found: /ws/notifications/
WARNING 2026-06-09 21:58:12,992 "GET /ws/notifications/?token=eyJhbGciOiJIUzI1NiIsInR5cCI6IkpXVCJ9.eyJ0b2tlbl90eXBlIjoiYWNjZXNzIiwiZXhwIjoxNzgxMDU5OTUwLCJpYXQiOjE3ODEwMzExNTAsImp0aSI6ImFlZGE0ZWJhYmQ3MDRiMzVhN2YzZGFlMGQyNDY1NDQyIiwidXNlcl9pZCI6IjkifQ.gESMPL-cNWZ4mTXPtW5VyKEA8FgV8oFfz7SoDodMgYk HTTP/1.1" 404 4566
INFO 2026-06-09 21:58:16,103 "GET /api/notifications/notifications/?ordering=-created_at HTTP/1.1" 200 52
WARNING 2026-06-09 21:58:20,315 Not Found: /ws/notifications/
WARNING 2026-06-09 21:58:20,319 "GET /ws/notifications/?token=eyJhbGciOiJIUzI1NiIsInR5cCI6IkpXVCJ9.eyJ0b2tlbl90eXBlIjoiYWNjZXNzIiwiZXhwIjoxNzgxMDU5OTUwLCJpYXQiOjE3ODEwMzExNTAsImp0aSI6ImFlZGE0ZWJhYmQ3MDRiMzVhN2YzZGFlMGQyNDY1NDQyIiwidXNlcl9pZCI6IjkifQ.gESMPL-cNWZ4mTXPtW5VyKEA8FgV8oFfz7SoDodMgYk HTTP/1.1" 404 4566
WARNING 2026-06-09 21:58:26,835 Not Found: /ws/notifications/
WARNING 2026-06-09 21:58:26,838 "GET /ws/notifications/?token=eyJhbGciOiJIUzI1NiIsInR5cCI6IkpXVCJ9.eyJ0b2tlbl90eXBlIjoiYWNjZXNzIiwiZXhwIjoxNzgxMDU5OTUwLCJpYXQiOjE3ODEwMzExNTAsImp0aSI6ImFlZGE0ZWJhYmQ3MDRiMzVhN2YzZGFlMGQyNDY1NDQyIiwidXNlcl9pZCI6IjkifQ.gESMPL-cNWZ4mTXPtW5VyKEA8FgV8oFfz7SoDodMgYk HTTP/1.1" 404 4566
INFO 2026-06-09 21:58:30,818 "GET /api/sales/ HTTP/1.1" 200 52
INFO 2026-06-09 21:58:30,830 "GET /api/inventory/purchase-orders/ HTTP/1.1" 200 52
INFO 2026-06-09 21:58:30,872 "GET /api/products/suppliers/ HTTP/1.1" 200 1014
INFO 2026-06-09 21:58:30,875 "GET /api/customers/ HTTP/1.1" 200 1217
INFO 2026-06-09 21:58:30,880 "GET /api/users/ HTTP/1.1" 200 5968
INFO 2026-06-09 21:58:30,889 "GET /api/products/ HTTP/1.1" 200 2052
INFO 2026-06-09 21:58:30,890 "GET /api/notifications/notifications/?ordering=-created_at HTTP/1.1" 200 52
WARNING 2026-06-09 21:58:31,880 Not Found: /ws/notifications/
WARNING 2026-06-09 21:58:31,881 "GET /ws/notifications/?token=eyJhbGciOiJIUzI1NiIsInR5cCI6IkpXVCJ9.eyJ0b2tlbl90eXBlIjoiYWNjZXNzIiwiZXhwIjoxNzgxMDU5OTUwLCJpYXQiOjE3ODEwMzExNTAsImp0aSI6ImFlZGE0ZWJhYmQ3MDRiMzVhN2YzZGFlMGQyNDY1NDQyIiwidXNlcl9pZCI6IjkifQ.gESMPL-cNWZ4mTXPtW5VyKEA8FgV8oFfz7SoDodMgYk HTTP/1.1" 404 4566
WARNING 2026-06-09 21:58:36,894 Not Found: /ws/notifications/
WARNING 2026-06-09 21:58:36,896 "GET /ws/notifications/?token=eyJhbGciOiJIUzI1NiIsInR5cCI6IkpXVCJ9.eyJ0b2tlbl90eXBlIjoiYWNjZXNzIiwiZXhwIjoxNzgxMDU5OTUwLCJpYXQiOjE3ODEwMzExNTAsImp0aSI6ImFlZGE0ZWJhYmQ3MDRiMzVhN2YzZGFlMGQyNDY1NDQyIiwidXNlcl9pZCI6IjkifQ.gESMPL-cNWZ4mTXPtW5VyKEA8FgV8oFfz7SoDodMgYk HTTP/1.1" 404 4566
WARNING 2026-06-09 21:58:41,913 Not Found: /ws/notifications/
WARNING 2026-06-09 21:58:41,915 "GET /ws/notifications/?token=eyJhbGciOiJIUzI1NiIsInR5cCI6IkpXVCJ9.eyJ0b2tlbl90eXBlIjoiYWNjZXNzIiwiZXhwIjoxNzgxMDU5OTUwLCJpYXQiOjE3ODEwMzExNTAsImp0aSI6ImFlZGE0ZWJhYmQ3MDRiMzVhN2YzZGFlMGQyNDY1NDQyIiwidXNlcl9pZCI6IjkifQ.gESMPL-cNWZ4mTXPtW5VyKEA8FgV8oFfz7SoDodMgYk HTTP/1.1" 404 4566
INFO 2026-06-09 21:58:45,803 "GET /api/notifications/notifications/?ordering=-created_at HTTP/1.1" 200 52
WARNING 2026-06-09 21:58:46,943 Not Found: /ws/notifications/
WARNING 2026-06-09 21:58:46,945 "GET /ws/notifications/?token=eyJhbGciOiJIUzI1NiIsInR5cCI6IkpXVCJ9.eyJ0b2tlbl90eXBlIjoiYWNjZXNzIiwiZXhwIjoxNzgxMDU5OTUwLCJpYXQiOjE3ODEwMzExNTAsImp0aSI6ImFlZGE0ZWJhYmQ3MDRiMzVhN2YzZGFlMGQyNDY1NDQyIiwidXNlcl9pZCI6IjkifQ.gESMPL-cNWZ4mTXPtW5VyKEA8FgV8oFfz7SoDodMgYk HTTP/1.1" 404 4566
WARNING 2026-06-09 21:58:51,971 Not Found: /ws/notifications/
WARNING 2026-06-09 21:58:51,973 "GET /ws/notifications/?token=eyJhbGciOiJIUzI1NiIsInR5cCI6IkpXVCJ9.eyJ0b2tlbl90eXBlIjoiYWNjZXNzIiwiZXhwIjoxNzgxMDU5OTUwLCJpYXQiOjE3ODEwMzExNTAsImp0aSI6ImFlZGE0ZWJhYmQ3MDRiMzVhN2YzZGFlMGQyNDY1NDQyIiwidXNlcl9pZCI6IjkifQ.gESMPL-cNWZ4mTXPtW5VyKEA8FgV8oFfz7SoDodMgYk HTTP/1.1" 404 4566
WARNING 2026-06-09 21:58:57,010 Not Found: /ws/notifications/
WARNING 2026-06-09 21:58:57,012 "GET /ws/notifications/?token=eyJhbGciOiJIUzI1NiIsInR5cCI6IkpXVCJ9.eyJ0b2tlbl90eXBlIjoiYWNjZXNzIiwiZXhwIjoxNzgxMDU5OTUwLCJpYXQiOjE3ODEwMzExNTAsImp0aSI6ImFlZGE0ZWJhYmQ3MDRiMzVhN2YzZGFlMGQyNDY1NDQyIiwidXNlcl9pZCI6IjkifQ.gESMPL-cNWZ4mTXPtW5VyKEA8FgV8oFfz7SoDodMgYk HTTP/1.1" 404 4566
INFO 2026-06-09 21:59:00,829 "GET /api/inventory/purchase-orders/ HTTP/1.1" 200 52
INFO 2026-06-09 21:59:00,857 "GET /api/products/suppliers/ HTTP/1.1" 200 1014
INFO 2026-06-09 21:59:00,867 "GET /api/sales/ HTTP/1.1" 200 52
INFO 2026-06-09 21:59:00,875 "GET /api/customers/ HTTP/1.1" 200 1217
INFO 2026-06-09 21:59:00,900 "GET /api/notifications/notifications/?ordering=-created_at HTTP/1.1" 200 52
INFO 2026-06-09 21:59:00,901 "GET /api/users/ HTTP/1.1" 200 5968
INFO 2026-06-09 21:59:00,904 "GET /api/products/ HTTP/1.1" 200 2052
WARNING 2026-06-09 21:59:02,043 Not Found: /ws/notifications/
WARNING 2026-06-09 21:59:02,044 "GET /ws/notifications/?token=eyJhbGciOiJIUzI1NiIsInR5cCI6IkpXVCJ9.eyJ0b2tlbl90eXBlIjoiYWNjZXNzIiwiZXhwIjoxNzgxMDU5OTUwLCJpYXQiOjE3ODEwMzExNTAsImp0aSI6ImFlZGE0ZWJhYmQ3MDRiMzVhN2YzZGFlMGQyNDY1NDQyIiwidXNlcl9pZCI6IjkifQ.gESMPL-cNWZ4mTXPtW5VyKEA8FgV8oFfz7SoDodMgYk HTTP/1.1" 404 4566
WARNING 2026-06-09 21:59:07,081 Not Found: /ws/notifications/
WARNING 2026-06-09 21:59:07,082 "GET /ws/notifications/?token=eyJhbGciOiJIUzI1NiIsInR5cCI6IkpXVCJ9.eyJ0b2tlbl90eXBlIjoiYWNjZXNzIiwiZXhwIjoxNzgxMDU5OTUwLCJpYXQiOjE3ODEwMzExNTAsImp0aSI6ImFlZGE0ZWJhYmQ3MDRiMzVhN2YzZGFlMGQyNDY1NDQyIiwidXNlcl9pZCI6IjkifQ.gESMPL-cNWZ4mTXPtW5VyKEA8FgV8oFfz7SoDodMgYk HTTP/1.1" 404 4566
WARNING 2026-06-09 21:59:12,169 Not Found: /ws/notifications/
WARNING 2026-06-09 21:59:12,171 "GET /ws/notifications/?token=eyJhbGciOiJIUzI1NiIsInR5cCI6IkpXVCJ9.eyJ0b2tlbl90eXBlIjoiYWNjZXNzIiwiZXhwIjoxNzgxMDU5OTUwLCJpYXQiOjE3ODEwMzExNTAsImp0aSI6ImFlZGE0ZWJhYmQ3MDRiMzVhN2YzZGFlMGQyNDY1NDQyIiwidXNlcl9pZCI6IjkifQ.gESMPL-cNWZ4mTXPtW5VyKEA8FgV8oFfz7SoDodMgYk HTTP/1.1" 404 4566
INFO 2026-06-09 21:59:15,820 "GET /api/notifications/notifications/?ordering=-created_at HTTP/1.1" 200 52
WARNING 2026-06-09 21:59:17,240 Not Found: /ws/notifications/
WARNING 2026-06-09 21:59:17,242 "GET /ws/notifications/?token=eyJhbGciOiJIUzI1NiIsInR5cCI6IkpXVCJ9.eyJ0b2tlbl90eXBlIjoiYWNjZXNzIiwiZXhwIjoxNzgxMDU5OTUwLCJpYXQiOjE3ODEwMzExNTAsImp0aSI6ImFlZGE0ZWJhYmQ3MDRiMzVhN2YzZGFlMGQyNDY1NDQyIiwidXNlcl9pZCI6IjkifQ.gESMPL-cNWZ4mTXPtW5VyKEA8FgV8oFfz7SoDodMgYk HTTP/1.1" 404 4566
WARNING 2026-06-09 21:59:22,345 Not Found: /ws/notifications/
WARNING 2026-06-09 21:59:22,347 "GET /ws/notifications/?token=eyJhbGciOiJIUzI1NiIsInR5cCI6IkpXVCJ9.eyJ0b2tlbl90eXBlIjoiYWNjZXNzIiwiZXhwIjoxNzgxMDU5OTUwLCJpYXQiOjE3ODEwMzExNTAsImp0aSI6ImFlZGE0ZWJhYmQ3MDRiMzVhN2YzZGFlMGQyNDY1NDQyIiwidXNlcl9pZCI6IjkifQ.gESMPL-cNWZ4mTXPtW5VyKEA8FgV8oFfz7SoDodMgYk HTTP/1.1" 404 4566
WARNING 2026-06-09 21:59:27,499 Not Found: /ws/notifications/
WARNING 2026-06-09 21:59:27,501 "GET /ws/notifications/?token=eyJhbGciOiJIUzI1NiIsInR5cCI6IkpXVCJ9.eyJ0b2tlbl90eXBlIjoiYWNjZXNzIiwiZXhwIjoxNzgxMDU5OTUwLCJpYXQiOjE3ODEwMzExNTAsImp0aSI6ImFlZGE0ZWJhYmQ3MDRiMzVhN2YzZGFlMGQyNDY1NDQyIiwidXNlcl9pZCI6IjkifQ.gESMPL-cNWZ4mTXPtW5VyKEA8FgV8oFfz7SoDodMgYk HTTP/1.1" 404 4566
INFO 2026-06-09 21:59:30,828 "GET /api/sales/ HTTP/1.1" 200 52
INFO 2026-06-09 21:59:30,846 "GET /api/customers/ HTTP/1.1" 200 1217
INFO 2026-06-09 21:59:30,859 "GET /api/inventory/purchase-orders/ HTTP/1.1" 200 52
INFO 2026-06-09 21:59:30,868 "GET /api/users/ HTTP/1.1" 200 5968
INFO 2026-06-09 21:59:30,868 "GET /api/products/suppliers/ HTTP/1.1" 200 1014
INFO 2026-06-09 21:59:30,883 "GET /api/products/ HTTP/1.1" 200 2052
INFO 2026-06-09 21:59:30,884 "GET /api/notifications/notifications/?ordering=-created_at HTTP/1.1" 200 52
WARNING 2026-06-09 21:59:32,823 Not Found: /ws/notifications/
WARNING 2026-06-09 21:59:32,826 "GET /ws/notifications/?token=eyJhbGciOiJIUzI1NiIsInR5cCI6IkpXVCJ9.eyJ0b2tlbl90eXBlIjoiYWNjZXNzIiwiZXhwIjoxNzgxMDU5OTUwLCJpYXQiOjE3ODEwMzExNTAsImp0aSI6ImFlZGE0ZWJhYmQ3MDRiMzVhN2YzZGFlMGQyNDY1NDQyIiwidXNlcl9pZCI6IjkifQ.gESMPL-cNWZ4mTXPtW5VyKEA8FgV8oFfz7SoDodMgYk HTTP/1.1" 404 4566
WARNING 2026-06-09 21:59:38,229 Not Found: /ws/notifications/
WARNING 2026-06-09 21:59:38,232 "GET /ws/notifications/?token=eyJhbGciOiJIUzI1NiIsInR5cCI6IkpXVCJ9.eyJ0b2tlbl90eXBlIjoiYWNjZXNzIiwiZXhwIjoxNzgxMDU5OTUwLCJpYXQiOjE3ODEwMzExNTAsImp0aSI6ImFlZGE0ZWJhYmQ3MDRiMzVhN2YzZGFlMGQyNDY1NDQyIiwidXNlcl9pZCI6IjkifQ.gESMPL-cNWZ4mTXPtW5VyKEA8FgV8oFfz7SoDodMgYk HTTP/1.1" 404 4566
WARNING 2026-06-09 21:59:44,055 Not Found: /ws/notifications/
WARNING 2026-06-09 21:59:44,058 "GET /ws/notifications/?token=eyJhbGciOiJIUzI1NiIsInR5cCI6IkpXVCJ9.eyJ0b2tlbl90eXBlIjoiYWNjZXNzIiwiZXhwIjoxNzgxMDU5OTUwLCJpYXQiOjE3ODEwMzExNTAsImp0aSI6ImFlZGE0ZWJhYmQ3MDRiMzVhN2YzZGFlMGQyNDY1NDQyIiwidXNlcl9pZCI6IjkifQ.gESMPL-cNWZ4mTXPtW5VyKEA8FgV8oFfz7SoDodMgYk HTTP/1.1" 404 4566
INFO 2026-06-09 21:59:45,784 "GET /api/notifications/notifications/?ordering=-created_at HTTP/1.1" 200 52
WARNING 2026-06-09 21:59:51,304 Not Found: /ws/notifications/
WARNING 2026-06-09 21:59:51,310 "GET /ws/notifications/?token=eyJhbGciOiJIUzI1NiIsInR5cCI6IkpXVCJ9.eyJ0b2tlbl90eXBlIjoiYWNjZXNzIiwiZXhwIjoxNzgxMDU5OTUwLCJpYXQiOjE3ODEwMzExNTAsImp0aSI6ImFlZGE0ZWJhYmQ3MDRiMzVhN2YzZGFlMGQyNDY1NDQyIiwidXNlcl9pZCI6IjkifQ.gESMPL-cNWZ4mTXPtW5VyKEA8FgV8oFfz7SoDodMgYk HTTP/1.1" 404 4566
INFO 2026-06-09 21:59:51,311 - Broken pipe from ('127.0.0.1', 53763)
WARNING 2026-06-09 21:59:58,192 Not Found: /ws/notifications/
WARNING 2026-06-09 21:59:58,194 "GET /ws/notifications/?token=eyJhbGciOiJIUzI1NiIsInR5cCI6IkpXVCJ9.eyJ0b2tlbl90eXBlIjoiYWNjZXNzIiwiZXhwIjoxNzgxMDU5OTUwLCJpYXQiOjE3ODEwMzExNTAsImp0aSI6ImFlZGE0ZWJhYmQ3MDRiMzVhN2YzZGFlMGQyNDY1NDQyIiwidXNlcl9pZCI6IjkifQ.gESMPL-cNWZ4mTXPtW5VyKEA8FgV8oFfz7SoDodMgYk HTTP/1.1" 404 4566
INFO 2026-06-09 22:00:01,325 "GET /api/inventory/purchase-orders/ HTTP/1.1" 200 52
INFO 2026-06-09 22:00:01,409 "GET /api/customers/ HTTP/1.1" 200 1217
INFO 2026-06-09 22:00:01,410 "GET /api/sales/ HTTP/1.1" 200 52
INFO 2026-06-09 22:00:01,441 "GET /api/users/ HTTP/1.1" 200 5968
INFO 2026-06-09 22:00:01,482 "GET /api/products/suppliers/ HTTP/1.1" 200 1014
INFO 2026-06-09 22:00:01,513 "GET /api/notifications/notifications/?ordering=-created_at HTTP/1.1" 200 52
INFO 2026-06-09 22:00:01,523 "GET /api/products/ HTTP/1.1" 200 2052
INFO 2026-06-09 22:00:05,727 "GET /api/notifications/notifications/?ordering=-created_at HTTP/1.1" 200 52
WARNING 2026-06-09 22:00:06,726 Not Found: /ws/notifications/
WARNING 2026-06-09 22:00:06,728 "GET /ws/notifications/?token=eyJhbGciOiJIUzI1NiIsInR5cCI6IkpXVCJ9.eyJ0b2tlbl90eXBlIjoiYWNjZXNzIiwiZXhwIjoxNzgxMDU5OTUwLCJpYXQiOjE3ODEwMzExNTAsImp0aSI6ImFlZGE0ZWJhYmQ3MDRiMzVhN2YzZGFlMGQyNDY1NDQyIiwidXNlcl9pZCI6IjkifQ.gESMPL-cNWZ4mTXPtW5VyKEA8FgV8oFfz7SoDodMgYk HTTP/1.1" 404 4566
WARNING 2026-06-09 22:00:13,298 Not Found: /ws/notifications/
WARNING 2026-06-09 22:00:13,308 "GET /ws/notifications/?token=eyJhbGciOiJIUzI1NiIsInR5cCI6IkpXVCJ9.eyJ0b2tlbl90eXBlIjoiYWNjZXNzIiwiZXhwIjoxNzgxMDU5OTUwLCJpYXQiOjE3ODEwMzExNTAsImp0aSI6ImFlZGE0ZWJhYmQ3MDRiMzVhN2YzZGFlMGQyNDY1NDQyIiwidXNlcl9pZCI6IjkifQ.gESMPL-cNWZ4mTXPtW5VyKEA8FgV8oFfz7SoDodMgYk HTTP/1.1" 404 4566
INFO 2026-06-09 22:00:13,311 - Broken pipe from ('127.0.0.1', 49605)
INFO 2026-06-09 22:00:15,800 "GET /api/notifications/notifications/?ordering=-created_at HTTP/1.1" 200 52
WARNING 2026-06-09 22:00:21,311 Not Found: /ws/notifications/
WARNING 2026-06-09 22:00:21,312 "GET /ws/notifications/?token=eyJhbGciOiJIUzI1NiIsInR5cCI6IkpXVCJ9.eyJ0b2tlbl90eXBlIjoiYWNjZXNzIiwiZXhwIjoxNzgxMDU5OTUwLCJpYXQiOjE3ODEwMzExNTAsImp0aSI6ImFlZGE0ZWJhYmQ3MDRiMzVhN2YzZGFlMGQyNDY1NDQyIiwidXNlcl9pZCI6IjkifQ.gESMPL-cNWZ4mTXPtW5VyKEA8FgV8oFfz7SoDodMgYk HTTP/1.1" 404 4566
WARNING 2026-06-09 22:00:29,981 Not Found: /ws/notifications/
WARNING 2026-06-09 22:00:29,984 "GET /ws/notifications/?token=eyJhbGciOiJIUzI1NiIsInR5cCI6IkpXVCJ9.eyJ0b2tlbl90eXBlIjoiYWNjZXNzIiwiZXhwIjoxNzgxMDU5OTUwLCJpYXQiOjE3ODEwMzExNTAsImp0aSI6ImFlZGE0ZWJhYmQ3MDRiMzVhN2YzZGFlMGQyNDY1NDQyIiwidXNlcl9pZCI6IjkifQ.gESMPL-cNWZ4mTXPtW5VyKEA8FgV8oFfz7SoDodMgYk HTTP/1.1" 404 4566
INFO 2026-06-09 22:00:29,986 - Broken pipe from ('127.0.0.1', 64769)
INFO 2026-06-09 22:00:30,872 "GET /api/inventory/purchase-orders/ HTTP/1.1" 200 52
INFO 2026-06-09 22:00:30,912 "GET /api/sales/ HTTP/1.1" 200 52
INFO 2026-06-09 22:00:30,935 "GET /api/products/suppliers/ HTTP/1.1" 200 1014
INFO 2026-06-09 22:00:30,951 "GET /api/customers/ HTTP/1.1" 200 1217
INFO 2026-06-09 22:00:30,993 "GET /api/notifications/notifications/?ordering=-created_at HTTP/1.1" 200 52
INFO 2026-06-09 22:00:30,995 "GET /api/users/ HTTP/1.1" 200 5968
INFO 2026-06-09 22:00:30,998 "GET /api/products/ HTTP/1.1" 200 2052
WARNING 2026-06-09 22:00:35,016 Not Found: /ws/notifications/
WARNING 2026-06-09 22:00:35,021 "GET /ws/notifications/?token=eyJhbGciOiJIUzI1NiIsInR5cCI6IkpXVCJ9.eyJ0b2tlbl90eXBlIjoiYWNjZXNzIiwiZXhwIjoxNzgxMDU5OTUwLCJpYXQiOjE3ODEwMzExNTAsImp0aSI6ImFlZGE0ZWJhYmQ3MDRiMzVhN2YzZGFlMGQyNDY1NDQyIiwidXNlcl9pZCI6IjkifQ.gESMPL-cNWZ4mTXPtW5VyKEA8FgV8oFfz7SoDodMgYk HTTP/1.1" 404 4566
WARNING 2026-06-09 22:00:40,046 Not Found: /ws/notifications/
WARNING 2026-06-09 22:00:40,048 "GET /ws/notifications/?token=eyJhbGciOiJIUzI1NiIsInR5cCI6IkpXVCJ9.eyJ0b2tlbl90eXBlIjoiYWNjZXNzIiwiZXhwIjoxNzgxMDU5OTUwLCJpYXQiOjE3ODEwMzExNTAsImp0aSI6ImFlZGE0ZWJhYmQ3MDRiMzVhN2YzZGFlMGQyNDY1NDQyIiwidXNlcl9pZCI6IjkifQ.gESMPL-cNWZ4mTXPtW5VyKEA8FgV8oFfz7SoDodMgYk HTTP/1.1" 404 4566
WARNING 2026-06-09 22:00:45,075 Not Found: /ws/notifications/
WARNING 2026-06-09 22:00:45,079 "GET /ws/notifications/?token=eyJhbGciOiJIUzI1NiIsInR5cCI6IkpXVCJ9.eyJ0b2tlbl90eXBlIjoiYWNjZXNzIiwiZXhwIjoxNzgxMDU5OTUwLCJpYXQiOjE3ODEwMzExNTAsImp0aSI6ImFlZGE0ZWJhYmQ3MDRiMzVhN2YzZGFlMGQyNDY1NDQyIiwidXNlcl9pZCI6IjkifQ.gESMPL-cNWZ4mTXPtW5VyKEA8FgV8oFfz7SoDodMgYk HTTP/1.1" 404 4566
INFO 2026-06-09 22:00:45,801 "GET /api/notifications/notifications/?ordering=-created_at HTTP/1.1" 200 52
WARNING 2026-06-09 22:00:50,101 Not Found: /ws/notifications/
WARNING 2026-06-09 22:00:50,102 "GET /ws/notifications/?token=eyJhbGciOiJIUzI1NiIsInR5cCI6IkpXVCJ9.eyJ0b2tlbl90eXBlIjoiYWNjZXNzIiwiZXhwIjoxNzgxMDU5OTUwLCJpYXQiOjE3ODEwMzExNTAsImp0aSI6ImFlZGE0ZWJhYmQ3MDRiMzVhN2YzZGFlMGQyNDY1NDQyIiwidXNlcl9pZCI6IjkifQ.gESMPL-cNWZ4mTXPtW5VyKEA8FgV8oFfz7SoDodMgYk HTTP/1.1" 404 4566
WARNING 2026-06-09 22:00:55,150 Not Found: /ws/notifications/
WARNING 2026-06-09 22:00:55,154 "GET /ws/notifications/?token=eyJhbGciOiJIUzI1NiIsInR5cCI6IkpXVCJ9.eyJ0b2tlbl90eXBlIjoiYWNjZXNzIiwiZXhwIjoxNzgxMDU5OTUwLCJpYXQiOjE3ODEwMzExNTAsImp0aSI6ImFlZGE0ZWJhYmQ3MDRiMzVhN2YzZGFlMGQyNDY1NDQyIiwidXNlcl9pZCI6IjkifQ.gESMPL-cNWZ4mTXPtW5VyKEA8FgV8oFfz7SoDodMgYk HTTP/1.1" 404 4566
WARNING 2026-06-09 22:01:00,194 Not Found: /ws/notifications/
WARNING 2026-06-09 22:01:00,197 "GET /ws/notifications/?token=eyJhbGciOiJIUzI1NiIsInR5cCI6IkpXVCJ9.eyJ0b2tlbl90eXBlIjoiYWNjZXNzIiwiZXhwIjoxNzgxMDU5OTUwLCJpYXQiOjE3ODEwMzExNTAsImp0aSI6ImFlZGE0ZWJhYmQ3MDRiMzVhN2YzZGFlMGQyNDY1NDQyIiwidXNlcl9pZCI6IjkifQ.gESMPL-cNWZ4mTXPtW5VyKEA8FgV8oFfz7SoDodMgYk HTTP/1.1" 404 4566
INFO 2026-06-09 22:01:00,839 "GET /api/sales/ HTTP/1.1" 200 52
INFO 2026-06-09 22:01:00,858 "GET /api/inventory/purchase-orders/ HTTP/1.1" 200 52
INFO 2026-06-09 22:01:00,874 "GET /api/products/suppliers/ HTTP/1.1" 200 1014
INFO 2026-06-09 22:01:00,894 "GET /api/customers/ HTTP/1.1" 200 1217
INFO 2026-06-09 22:01:00,894 "GET /api/users/ HTTP/1.1" 200 5968
INFO 2026-06-09 22:01:00,905 "GET /api/products/ HTTP/1.1" 200 2052
INFO 2026-06-09 22:01:00,905 "GET /api/notifications/notifications/?ordering=-created_at HTTP/1.1" 200 52
WARNING 2026-06-09 22:01:05,255 Not Found: /ws/notifications/
WARNING 2026-06-09 22:01:05,260 "GET /ws/notifications/?token=eyJhbGciOiJIUzI1NiIsInR5cCI6IkpXVCJ9.eyJ0b2tlbl90eXBlIjoiYWNjZXNzIiwiZXhwIjoxNzgxMDU5OTUwLCJpYXQiOjE3ODEwMzExNTAsImp0aSI6ImFlZGE0ZWJhYmQ3MDRiMzVhN2YzZGFlMGQyNDY1NDQyIiwidXNlcl9pZCI6IjkifQ.gESMPL-cNWZ4mTXPtW5VyKEA8FgV8oFfz7SoDodMgYk HTTP/1.1" 404 4566
WARNING 2026-06-09 22:01:10,321 Not Found: /ws/notifications/
WARNING 2026-06-09 22:01:10,323 "GET /ws/notifications/?token=eyJhbGciOiJIUzI1NiIsInR5cCI6IkpXVCJ9.eyJ0b2tlbl90eXBlIjoiYWNjZXNzIiwiZXhwIjoxNzgxMDU5OTUwLCJpYXQiOjE3ODEwMzExNTAsImp0aSI6ImFlZGE0ZWJhYmQ3MDRiMzVhN2YzZGFlMGQyNDY1NDQyIiwidXNlcl9pZCI6IjkifQ.gESMPL-cNWZ4mTXPtW5VyKEA8FgV8oFfz7SoDodMgYk HTTP/1.1" 404 4566
WARNING 2026-06-09 22:01:15,364 Not Found: /ws/notifications/
WARNING 2026-06-09 22:01:15,365 "GET /ws/notifications/?token=eyJhbGciOiJIUzI1NiIsInR5cCI6IkpXVCJ9.eyJ0b2tlbl90eXBlIjoiYWNjZXNzIiwiZXhwIjoxNzgxMDU5OTUwLCJpYXQiOjE3ODEwMzExNTAsImp0aSI6ImFlZGE0ZWJhYmQ3MDRiMzVhN2YzZGFlMGQyNDY1NDQyIiwidXNlcl9pZCI6IjkifQ.gESMPL-cNWZ4mTXPtW5VyKEA8FgV8oFfz7SoDodMgYk HTTP/1.1" 404 4566
INFO 2026-06-09 22:01:15,790 "GET /api/notifications/notifications/?ordering=-created_at HTTP/1.1" 200 52
WARNING 2026-06-09 22:01:20,415 Not Found: /ws/notifications/
WARNING 2026-06-09 22:01:20,418 "GET /ws/notifications/?token=eyJhbGciOiJIUzI1NiIsInR5cCI6IkpXVCJ9.eyJ0b2tlbl90eXBlIjoiYWNjZXNzIiwiZXhwIjoxNzgxMDU5OTUwLCJpYXQiOjE3ODEwMzExNTAsImp0aSI6ImFlZGE0ZWJhYmQ3MDRiMzVhN2YzZGFlMGQyNDY1NDQyIiwidXNlcl9pZCI6IjkifQ.gESMPL-cNWZ4mTXPtW5VyKEA8FgV8oFfz7SoDodMgYk HTTP/1.1" 404 4566
WARNING 2026-06-09 22:01:25,487 Not Found: /ws/notifications/
WARNING 2026-06-09 22:01:25,488 "GET /ws/notifications/?token=eyJhbGciOiJIUzI1NiIsInR5cCI6IkpXVCJ9.eyJ0b2tlbl90eXBlIjoiYWNjZXNzIiwiZXhwIjoxNzgxMDU5OTUwLCJpYXQiOjE3ODEwMzExNTAsImp0aSI6ImFlZGE0ZWJhYmQ3MDRiMzVhN2YzZGFlMGQyNDY1NDQyIiwidXNlcl9pZCI6IjkifQ.gESMPL-cNWZ4mTXPtW5VyKEA8FgV8oFfz7SoDodMgYk HTTP/1.1" 404 4566
WARNING 2026-06-09 22:01:30,613 Not Found: /ws/notifications/
WARNING 2026-06-09 22:01:30,620 "GET /ws/notifications/?token=eyJhbGciOiJIUzI1NiIsInR5cCI6IkpXVCJ9.eyJ0b2tlbl90eXBlIjoiYWNjZXNzIiwiZXhwIjoxNzgxMDU5OTUwLCJpYXQiOjE3ODEwMzExNTAsImp0aSI6ImFlZGE0ZWJhYmQ3MDRiMzVhN2YzZGFlMGQyNDY1NDQyIiwidXNlcl9pZCI6IjkifQ.gESMPL-cNWZ4mTXPtW5VyKEA8FgV8oFfz7SoDodMgYk HTTP/1.1" 404 4566
INFO 2026-06-09 22:01:30,858 "GET /api/inventory/purchase-orders/ HTTP/1.1" 200 52
INFO 2026-06-09 22:01:30,893 "GET /api/users/ HTTP/1.1" 200 5968
INFO 2026-06-09 22:01:30,912 "GET /api/customers/ HTTP/1.1" 200 1217
INFO 2026-06-09 22:01:30,919 "GET /api/sales/ HTTP/1.1" 200 52
INFO 2026-06-09 22:01:30,945 "GET /api/products/suppliers/ HTTP/1.1" 200 1014
INFO 2026-06-09 22:01:30,945 "GET /api/notifications/notifications/?ordering=-created_at HTTP/1.1" 200 52
INFO 2026-06-09 22:01:30,947 "GET /api/products/ HTTP/1.1" 200 2052
WARNING 2026-06-09 22:01:35,968 Not Found: /ws/notifications/
WARNING 2026-06-09 22:01:35,980 "GET /ws/notifications/?token=eyJhbGciOiJIUzI1NiIsInR5cCI6IkpXVCJ9.eyJ0b2tlbl90eXBlIjoiYWNjZXNzIiwiZXhwIjoxNzgxMDU5OTUwLCJpYXQiOjE3ODEwMzExNTAsImp0aSI6ImFlZGE0ZWJhYmQ3MDRiMzVhN2YzZGFlMGQyNDY1NDQyIiwidXNlcl9pZCI6IjkifQ.gESMPL-cNWZ4mTXPtW5VyKEA8FgV8oFfz7SoDodMgYk HTTP/1.1" 404 4566
WARNING 2026-06-09 22:01:41,195 Not Found: /ws/notifications/
WARNING 2026-06-09 22:01:41,197 "GET /ws/notifications/?token=eyJhbGciOiJIUzI1NiIsInR5cCI6IkpXVCJ9.eyJ0b2tlbl90eXBlIjoiYWNjZXNzIiwiZXhwIjoxNzgxMDU5OTUwLCJpYXQiOjE3ODEwMzExNTAsImp0aSI6ImFlZGE0ZWJhYmQ3MDRiMzVhN2YzZGFlMGQyNDY1NDQyIiwidXNlcl9pZCI6IjkifQ.gESMPL-cNWZ4mTXPtW5VyKEA8FgV8oFfz7SoDodMgYk HTTP/1.1" 404 4566
INFO 2026-06-09 22:01:45,857 "GET /api/notifications/notifications/?ordering=-created_at HTTP/1.1" 200 52
WARNING 2026-06-09 22:01:46,495 Not Found: /ws/notifications/
WARNING 2026-06-09 22:01:46,500 "GET /ws/notifications/?token=eyJhbGciOiJIUzI1NiIsInR5cCI6IkpXVCJ9.eyJ0b2tlbl90eXBlIjoiYWNjZXNzIiwiZXhwIjoxNzgxMDU5OTUwLCJpYXQiOjE3ODEwMzExNTAsImp0aSI6ImFlZGE0ZWJhYmQ3MDRiMzVhN2YzZGFlMGQyNDY1NDQyIiwidXNlcl9pZCI6IjkifQ.gESMPL-cNWZ4mTXPtW5VyKEA8FgV8oFfz7SoDodMgYk HTTP/1.1" 404 4566
WARNING 2026-06-09 22:01:52,759 Not Found: /ws/notifications/
WARNING 2026-06-09 22:01:52,760 "GET /ws/notifications/?token=eyJhbGciOiJIUzI1NiIsInR5cCI6IkpXVCJ9.eyJ0b2tlbl90eXBlIjoiYWNjZXNzIiwiZXhwIjoxNzgxMDU5OTUwLCJpYXQiOjE3ODEwMzExNTAsImp0aSI6ImFlZGE0ZWJhYmQ3MDRiMzVhN2YzZGFlMGQyNDY1NDQyIiwidXNlcl9pZCI6IjkifQ.gESMPL-cNWZ4mTXPtW5VyKEA8FgV8oFfz7SoDodMgYk HTTP/1.1" 404 4566
WARNING 2026-06-09 22:01:59,756 Not Found: /ws/notifications/
WARNING 2026-06-09 22:01:59,759 "GET /ws/notifications/?token=eyJhbGciOiJIUzI1NiIsInR5cCI6IkpXVCJ9.eyJ0b2tlbl90eXBlIjoiYWNjZXNzIiwiZXhwIjoxNzgxMDU5OTUwLCJpYXQiOjE3ODEwMzExNTAsImp0aSI6ImFlZGE0ZWJhYmQ3MDRiMzVhN2YzZGFlMGQyNDY1NDQyIiwidXNlcl9pZCI6IjkifQ.gESMPL-cNWZ4mTXPtW5VyKEA8FgV8oFfz7SoDodMgYk HTTP/1.1" 404 4566
INFO 2026-06-09 22:02:00,889 "GET /api/sales/ HTTP/1.1" 200 52
INFO 2026-06-09 22:02:00,907 "GET /api/inventory/purchase-orders/ HTTP/1.1" 200 52
INFO 2026-06-09 22:02:00,919 "GET /api/users/ HTTP/1.1" 200 5968
INFO 2026-06-09 22:02:00,920 "GET /api/customers/ HTTP/1.1" 200 1217
INFO 2026-06-09 22:02:00,933 "GET /api/products/suppliers/ HTTP/1.1" 200 1014
INFO 2026-06-09 22:02:00,938 "GET /api/products/ HTTP/1.1" 200 2052
INFO 2026-06-09 22:02:00,949 "GET /api/notifications/notifications/?ordering=-created_at HTTP/1.1" 200 52
WARNING 2026-06-09 22:02:08,501 Not Found: /ws/notifications/
WARNING 2026-06-09 22:02:08,503 "GET /ws/notifications/?token=eyJhbGciOiJIUzI1NiIsInR5cCI6IkpXVCJ9.eyJ0b2tlbl90eXBlIjoiYWNjZXNzIiwiZXhwIjoxNzgxMDU5OTUwLCJpYXQiOjE3ODEwMzExNTAsImp0aSI6ImFlZGE0ZWJhYmQ3MDRiMzVhN2YzZGFlMGQyNDY1NDQyIiwidXNlcl9pZCI6IjkifQ.gESMPL-cNWZ4mTXPtW5VyKEA8FgV8oFfz7SoDodMgYk HTTP/1.1" 404 4566
INFO 2026-06-09 22:02:15,803 "GET /api/notifications/notifications/?ordering=-created_at HTTP/1.1" 200 52
WARNING 2026-06-09 22:02:17,745 Not Found: /ws/notifications/
WARNING 2026-06-09 22:02:17,747 "GET /ws/notifications/?token=eyJhbGciOiJIUzI1NiIsInR5cCI6IkpXVCJ9.eyJ0b2tlbl90eXBlIjoiYWNjZXNzIiwiZXhwIjoxNzgxMDU5OTUwLCJpYXQiOjE3ODEwMzExNTAsImp0aSI6ImFlZGE0ZWJhYmQ3MDRiMzVhN2YzZGFlMGQyNDY1NDQyIiwidXNlcl9pZCI6IjkifQ.gESMPL-cNWZ4mTXPtW5VyKEA8FgV8oFfz7SoDodMgYk HTTP/1.1" 404 4566
WARNING 2026-06-09 22:02:25,214 Not Found: /ws/notifications/
WARNING 2026-06-09 22:02:25,217 "GET /ws/notifications/?token=eyJhbGciOiJIUzI1NiIsInR5cCI6IkpXVCJ9.eyJ0b2tlbl90eXBlIjoiYWNjZXNzIiwiZXhwIjoxNzgxMDU5OTUwLCJpYXQiOjE3ODEwMzExNTAsImp0aSI6ImFlZGE0ZWJhYmQ3MDRiMzVhN2YzZGFlMGQyNDY1NDQyIiwidXNlcl9pZCI6IjkifQ.gESMPL-cNWZ4mTXPtW5VyKEA8FgV8oFfz7SoDodMgYk HTTP/1.1" 404 4566
INFO 2026-06-09 22:02:30,962 "GET /api/sales/ HTTP/1.1" 200 52
INFO 2026-06-09 22:02:31,015 "GET /api/customers/ HTTP/1.1" 200 1217
INFO 2026-06-09 22:02:31,015 "GET /api/inventory/purchase-orders/ HTTP/1.1" 200 52
INFO 2026-06-09 22:02:31,018 "GET /api/products/suppliers/ HTTP/1.1" 200 1014
INFO 2026-06-09 22:02:31,038 "GET /api/users/ HTTP/1.1" 200 5968
INFO 2026-06-09 22:02:31,055 "GET /api/notifications/notifications/?ordering=-created_at HTTP/1.1" 200 52
INFO 2026-06-09 22:02:31,055 "GET /api/products/ HTTP/1.1" 200 2052
WARNING 2026-06-09 22:02:34,255 Not Found: /ws/notifications/
WARNING 2026-06-09 22:02:34,261 "GET /ws/notifications/?token=eyJhbGciOiJIUzI1NiIsInR5cCI6IkpXVCJ9.eyJ0b2tlbl90eXBlIjoiYWNjZXNzIiwiZXhwIjoxNzgxMDU5OTUwLCJpYXQiOjE3ODEwMzExNTAsImp0aSI6ImFlZGE0ZWJhYmQ3MDRiMzVhN2YzZGFlMGQyNDY1NDQyIiwidXNlcl9pZCI6IjkifQ.gESMPL-cNWZ4mTXPtW5VyKEA8FgV8oFfz7SoDodMgYk HTTP/1.1" 404 4566
WARNING 2026-06-09 22:02:39,339 Not Found: /ws/notifications/
WARNING 2026-06-09 22:02:39,340 "GET /ws/notifications/?token=eyJhbGciOiJIUzI1NiIsInR5cCI6IkpXVCJ9.eyJ0b2tlbl90eXBlIjoiYWNjZXNzIiwiZXhwIjoxNzgxMDU5OTUwLCJpYXQiOjE3ODEwMzExNTAsImp0aSI6ImFlZGE0ZWJhYmQ3MDRiMzVhN2YzZGFlMGQyNDY1NDQyIiwidXNlcl9pZCI6IjkifQ.gESMPL-cNWZ4mTXPtW5VyKEA8FgV8oFfz7SoDodMgYk HTTP/1.1" 404 4566
WARNING 2026-06-09 22:02:44,368 Not Found: /ws/notifications/
WARNING 2026-06-09 22:02:44,369 "GET /ws/notifications/?token=eyJhbGciOiJIUzI1NiIsInR5cCI6IkpXVCJ9.eyJ0b2tlbl90eXBlIjoiYWNjZXNzIiwiZXhwIjoxNzgxMDU5OTUwLCJpYXQiOjE3ODEwMzExNTAsImp0aSI6ImFlZGE0ZWJhYmQ3MDRiMzVhN2YzZGFlMGQyNDY1NDQyIiwidXNlcl9pZCI6IjkifQ.gESMPL-cNWZ4mTXPtW5VyKEA8FgV8oFfz7SoDodMgYk HTTP/1.1" 404 4566
INFO 2026-06-09 22:02:45,842 "GET /api/notifications/notifications/?ordering=-created_at HTTP/1.1" 200 52
WARNING 2026-06-09 22:02:49,431 Not Found: /ws/notifications/
WARNING 2026-06-09 22:02:49,433 "GET /ws/notifications/?token=eyJhbGciOiJIUzI1NiIsInR5cCI6IkpXVCJ9.eyJ0b2tlbl90eXBlIjoiYWNjZXNzIiwiZXhwIjoxNzgxMDU5OTUwLCJpYXQiOjE3ODEwMzExNTAsImp0aSI6ImFlZGE0ZWJhYmQ3MDRiMzVhN2YzZGFlMGQyNDY1NDQyIiwidXNlcl9pZCI6IjkifQ.gESMPL-cNWZ4mTXPtW5VyKEA8FgV8oFfz7SoDodMgYk HTTP/1.1" 404 4566
WARNING 2026-06-09 22:02:54,491 Not Found: /ws/notifications/
WARNING 2026-06-09 22:02:54,494 "GET /ws/notifications/?token=eyJhbGciOiJIUzI1NiIsInR5cCI6IkpXVCJ9.eyJ0b2tlbl90eXBlIjoiYWNjZXNzIiwiZXhwIjoxNzgxMDU5OTUwLCJpYXQiOjE3ODEwMzExNTAsImp0aSI6ImFlZGE0ZWJhYmQ3MDRiMzVhN2YzZGFlMGQyNDY1NDQyIiwidXNlcl9pZCI6IjkifQ.gESMPL-cNWZ4mTXPtW5VyKEA8FgV8oFfz7SoDodMgYk HTTP/1.1" 404 4566
WARNING 2026-06-09 22:02:59,534 Not Found: /ws/notifications/
WARNING 2026-06-09 22:02:59,540 "GET /ws/notifications/?token=eyJhbGciOiJIUzI1NiIsInR5cCI6IkpXVCJ9.eyJ0b2tlbl90eXBlIjoiYWNjZXNzIiwiZXhwIjoxNzgxMDU5OTUwLCJpYXQiOjE3ODEwMzExNTAsImp0aSI6ImFlZGE0ZWJhYmQ3MDRiMzVhN2YzZGFlMGQyNDY1NDQyIiwidXNlcl9pZCI6IjkifQ.gESMPL-cNWZ4mTXPtW5VyKEA8FgV8oFfz7SoDodMgYk HTTP/1.1" 404 4566
INFO 2026-06-09 22:03:00,833 "GET /api/sales/ HTTP/1.1" 200 52
INFO 2026-06-09 22:03:00,843 "GET /api/customers/ HTTP/1.1" 200 1217
INFO 2026-06-09 22:03:00,882 "GET /api/inventory/purchase-orders/ HTTP/1.1" 200 52
INFO 2026-06-09 22:03:00,899 "GET /api/users/ HTTP/1.1" 200 5968
INFO 2026-06-09 22:03:00,900 "GET /api/products/suppliers/ HTTP/1.1" 200 1014
INFO 2026-06-09 22:03:00,914 "GET /api/products/ HTTP/1.1" 200 2052
INFO 2026-06-09 22:03:00,915 "GET /api/notifications/notifications/?ordering=-created_at HTTP/1.1" 200 52
WARNING 2026-06-09 22:03:04,585 Not Found: /ws/notifications/
WARNING 2026-06-09 22:03:04,589 "GET /ws/notifications/?token=eyJhbGciOiJIUzI1NiIsInR5cCI6IkpXVCJ9.eyJ0b2tlbl90eXBlIjoiYWNjZXNzIiwiZXhwIjoxNzgxMDU5OTUwLCJpYXQiOjE3ODEwMzExNTAsImp0aSI6ImFlZGE0ZWJhYmQ3MDRiMzVhN2YzZGFlMGQyNDY1NDQyIiwidXNlcl9pZCI6IjkifQ.gESMPL-cNWZ4mTXPtW5VyKEA8FgV8oFfz7SoDodMgYk HTTP/1.1" 404 4566
WARNING 2026-06-09 22:03:09,618 Not Found: /ws/notifications/
WARNING 2026-06-09 22:03:09,620 "GET /ws/notifications/?token=eyJhbGciOiJIUzI1NiIsInR5cCI6IkpXVCJ9.eyJ0b2tlbl90eXBlIjoiYWNjZXNzIiwiZXhwIjoxNzgxMDU5OTUwLCJpYXQiOjE3ODEwMzExNTAsImp0aSI6ImFlZGE0ZWJhYmQ3MDRiMzVhN2YzZGFlMGQyNDY1NDQyIiwidXNlcl9pZCI6IjkifQ.gESMPL-cNWZ4mTXPtW5VyKEA8FgV8oFfz7SoDodMgYk HTTP/1.1" 404 4566
WARNING 2026-06-09 22:03:14,674 Not Found: /ws/notifications/
WARNING 2026-06-09 22:03:14,682 "GET /ws/notifications/?token=eyJhbGciOiJIUzI1NiIsInR5cCI6IkpXVCJ9.eyJ0b2tlbl90eXBlIjoiYWNjZXNzIiwiZXhwIjoxNzgxMDU5OTUwLCJpYXQiOjE3ODEwMzExNTAsImp0aSI6ImFlZGE0ZWJhYmQ3MDRiMzVhN2YzZGFlMGQyNDY1NDQyIiwidXNlcl9pZCI6IjkifQ.gESMPL-cNWZ4mTXPtW5VyKEA8FgV8oFfz7SoDodMgYk HTTP/1.1" 404 4566
INFO 2026-06-09 22:03:14,684 - Broken pipe from ('127.0.0.1', 60630)
INFO 2026-06-09 22:03:15,820 "GET /api/notifications/notifications/?ordering=-created_at HTTP/1.1" 200 52
WARNING 2026-06-09 22:03:19,749 Not Found: /ws/notifications/
WARNING 2026-06-09 22:03:19,751 "GET /ws/notifications/?token=eyJhbGciOiJIUzI1NiIsInR5cCI6IkpXVCJ9.eyJ0b2tlbl90eXBlIjoiYWNjZXNzIiwiZXhwIjoxNzgxMDU5OTUwLCJpYXQiOjE3ODEwMzExNTAsImp0aSI6ImFlZGE0ZWJhYmQ3MDRiMzVhN2YzZGFlMGQyNDY1NDQyIiwidXNlcl9pZCI6IjkifQ.gESMPL-cNWZ4mTXPtW5VyKEA8FgV8oFfz7SoDodMgYk HTTP/1.1" 404 4566
WARNING 2026-06-09 22:03:24,840 Not Found: /ws/notifications/
WARNING 2026-06-09 22:03:24,844 "GET /ws/notifications/?token=eyJhbGciOiJIUzI1NiIsInR5cCI6IkpXVCJ9.eyJ0b2tlbl90eXBlIjoiYWNjZXNzIiwiZXhwIjoxNzgxMDU5OTUwLCJpYXQiOjE3ODEwMzExNTAsImp0aSI6ImFlZGE0ZWJhYmQ3MDRiMzVhN2YzZGFlMGQyNDY1NDQyIiwidXNlcl9pZCI6IjkifQ.gESMPL-cNWZ4mTXPtW5VyKEA8FgV8oFfz7SoDodMgYk HTTP/1.1" 404 4566
WARNING 2026-06-09 22:03:29,912 Not Found: /ws/notifications/
WARNING 2026-06-09 22:03:29,914 "GET /ws/notifications/?token=eyJhbGciOiJIUzI1NiIsInR5cCI6IkpXVCJ9.eyJ0b2tlbl90eXBlIjoiYWNjZXNzIiwiZXhwIjoxNzgxMDU5OTUwLCJpYXQiOjE3ODEwMzExNTAsImp0aSI6ImFlZGE0ZWJhYmQ3MDRiMzVhN2YzZGFlMGQyNDY1NDQyIiwidXNlcl9pZCI6IjkifQ.gESMPL-cNWZ4mTXPtW5VyKEA8FgV8oFfz7SoDodMgYk HTTP/1.1" 404 4566
INFO 2026-06-09 22:03:30,877 "GET /api/products/suppliers/ HTTP/1.1" 200 1014
INFO 2026-06-09 22:03:30,902 "GET /api/sales/ HTTP/1.1" 200 52
INFO 2026-06-09 22:03:30,910 "GET /api/inventory/purchase-orders/ HTTP/1.1" 200 52
INFO 2026-06-09 22:03:30,989 "GET /api/users/ HTTP/1.1" 200 5968
INFO 2026-06-09 22:03:31,025 "GET /api/notifications/notifications/?ordering=-created_at HTTP/1.1" 200 52
INFO 2026-06-09 22:03:31,026 "GET /api/customers/ HTTP/1.1" 200 1217
INFO 2026-06-09 22:03:31,060 "GET /api/products/ HTTP/1.1" 200 2052
WARNING 2026-06-09 22:03:35,076 Not Found: /ws/notifications/
WARNING 2026-06-09 22:03:35,078 "GET /ws/notifications/?token=eyJhbGciOiJIUzI1NiIsInR5cCI6IkpXVCJ9.eyJ0b2tlbl90eXBlIjoiYWNjZXNzIiwiZXhwIjoxNzgxMDU5OTUwLCJpYXQiOjE3ODEwMzExNTAsImp0aSI6ImFlZGE0ZWJhYmQ3MDRiMzVhN2YzZGFlMGQyNDY1NDQyIiwidXNlcl9pZCI6IjkifQ.gESMPL-cNWZ4mTXPtW5VyKEA8FgV8oFfz7SoDodMgYk HTTP/1.1" 404 4566
WARNING 2026-06-09 22:03:40,296 Not Found: /ws/notifications/
WARNING 2026-06-09 22:03:40,301 "GET /ws/notifications/?token=eyJhbGciOiJIUzI1NiIsInR5cCI6IkpXVCJ9.eyJ0b2tlbl90eXBlIjoiYWNjZXNzIiwiZXhwIjoxNzgxMDU5OTUwLCJpYXQiOjE3ODEwMzExNTAsImp0aSI6ImFlZGE0ZWJhYmQ3MDRiMzVhN2YzZGFlMGQyNDY1NDQyIiwidXNlcl9pZCI6IjkifQ.gESMPL-cNWZ4mTXPtW5VyKEA8FgV8oFfz7SoDodMgYk HTTP/1.1" 404 4566
WARNING 2026-06-09 22:03:45,613 Not Found: /ws/notifications/
WARNING 2026-06-09 22:03:45,617 "GET /ws/notifications/?token=eyJhbGciOiJIUzI1NiIsInR5cCI6IkpXVCJ9.eyJ0b2tlbl90eXBlIjoiYWNjZXNzIiwiZXhwIjoxNzgxMDU5OTUwLCJpYXQiOjE3ODEwMzExNTAsImp0aSI6ImFlZGE0ZWJhYmQ3MDRiMzVhN2YzZGFlMGQyNDY1NDQyIiwidXNlcl9pZCI6IjkifQ.gESMPL-cNWZ4mTXPtW5VyKEA8FgV8oFfz7SoDodMgYk HTTP/1.1" 404 4566
INFO 2026-06-09 22:03:45,789 "GET /api/notifications/notifications/?ordering=-created_at HTTP/1.1" 200 52
WARNING 2026-06-09 22:03:51,644 Not Found: /ws/notifications/
WARNING 2026-06-09 22:03:51,649 "GET /ws/notifications/?token=eyJhbGciOiJIUzI1NiIsInR5cCI6IkpXVCJ9.eyJ0b2tlbl90eXBlIjoiYWNjZXNzIiwiZXhwIjoxNzgxMDU5OTUwLCJpYXQiOjE3ODEwMzExNTAsImp0aSI6ImFlZGE0ZWJhYmQ3MDRiMzVhN2YzZGFlMGQyNDY1NDQyIiwidXNlcl9pZCI6IjkifQ.gESMPL-cNWZ4mTXPtW5VyKEA8FgV8oFfz7SoDodMgYk HTTP/1.1" 404 4566
WARNING 2026-06-09 22:03:58,975 Not Found: /ws/notifications/
WARNING 2026-06-09 22:03:58,980 "GET /ws/notifications/?token=eyJhbGciOiJIUzI1NiIsInR5cCI6IkpXVCJ9.eyJ0b2tlbl90eXBlIjoiYWNjZXNzIiwiZXhwIjoxNzgxMDU5OTUwLCJpYXQiOjE3ODEwMzExNTAsImp0aSI6ImFlZGE0ZWJhYmQ3MDRiMzVhN2YzZGFlMGQyNDY1NDQyIiwidXNlcl9pZCI6IjkifQ.gESMPL-cNWZ4mTXPtW5VyKEA8FgV8oFfz7SoDodMgYk HTTP/1.1" 404 4566
INFO 2026-06-09 22:04:00,832 "GET /api/sales/ HTTP/1.1" 200 52
INFO 2026-06-09 22:04:00,839 "GET /api/inventory/purchase-orders/ HTTP/1.1" 200 52
INFO 2026-06-09 22:04:00,853 "GET /api/customers/ HTTP/1.1" 200 1217
INFO 2026-06-09 22:04:00,877 "GET /api/products/suppliers/ HTTP/1.1" 200 1014
INFO 2026-06-09 22:04:00,878 "GET /api/products/ HTTP/1.1" 200 2052
INFO 2026-06-09 22:04:00,878 "GET /api/users/ HTTP/1.1" 200 5968
INFO 2026-06-09 22:04:00,889 "GET /api/notifications/notifications/?ordering=-created_at HTTP/1.1" 200 52
WARNING 2026-06-09 22:04:08,599 Not Found: /ws/notifications/
WARNING 2026-06-09 22:04:08,601 "GET /ws/notifications/?token=eyJhbGciOiJIUzI1NiIsInR5cCI6IkpXVCJ9.eyJ0b2tlbl90eXBlIjoiYWNjZXNzIiwiZXhwIjoxNzgxMDU5OTUwLCJpYXQiOjE3ODEwMzExNTAsImp0aSI6ImFlZGE0ZWJhYmQ3MDRiMzVhN2YzZGFlMGQyNDY1NDQyIiwidXNlcl9pZCI6IjkifQ.gESMPL-cNWZ4mTXPtW5VyKEA8FgV8oFfz7SoDodMgYk HTTP/1.1" 404 4566
WARNING 2026-06-09 22:04:14,975 Not Found: /ws/notifications/
WARNING 2026-06-09 22:04:14,977 "GET /ws/notifications/?token=eyJhbGciOiJIUzI1NiIsInR5cCI6IkpXVCJ9.eyJ0b2tlbl90eXBlIjoiYWNjZXNzIiwiZXhwIjoxNzgxMDU5OTUwLCJpYXQiOjE3ODEwMzExNTAsImp0aSI6ImFlZGE0ZWJhYmQ3MDRiMzVhN2YzZGFlMGQyNDY1NDQyIiwidXNlcl9pZCI6IjkifQ.gESMPL-cNWZ4mTXPtW5VyKEA8FgV8oFfz7SoDodMgYk HTTP/1.1" 404 4566
INFO 2026-06-09 22:04:15,834 "GET /api/notifications/notifications/?ordering=-created_at HTTP/1.1" 200 52
WARNING 2026-06-09 22:04:24,072 Not Found: /ws/notifications/
WARNING 2026-06-09 22:04:24,074 "GET /ws/notifications/?token=eyJhbGciOiJIUzI1NiIsInR5cCI6IkpXVCJ9.eyJ0b2tlbl90eXBlIjoiYWNjZXNzIiwiZXhwIjoxNzgxMDU5OTUwLCJpYXQiOjE3ODEwMzExNTAsImp0aSI6ImFlZGE0ZWJhYmQ3MDRiMzVhN2YzZGFlMGQyNDY1NDQyIiwidXNlcl9pZCI6IjkifQ.gESMPL-cNWZ4mTXPtW5VyKEA8FgV8oFfz7SoDodMgYk HTTP/1.1" 404 4566
INFO 2026-06-09 22:04:30,873 "GET /api/sales/ HTTP/1.1" 200 52
INFO 2026-06-09 22:04:30,881 "GET /api/inventory/purchase-orders/ HTTP/1.1" 200 52
INFO 2026-06-09 22:04:30,891 "GET /api/customers/ HTTP/1.1" 200 1217
INFO 2026-06-09 22:04:30,907 "GET /api/products/suppliers/ HTTP/1.1" 200 1014
INFO 2026-06-09 22:04:30,908 "GET /api/products/ HTTP/1.1" 200 2052
INFO 2026-06-09 22:04:30,908 "GET /api/users/ HTTP/1.1" 200 5968
INFO 2026-06-09 22:04:30,929 "GET /api/notifications/notifications/?ordering=-created_at HTTP/1.1" 200 52
WARNING 2026-06-09 22:04:30,943 Not Found: /ws/notifications/
WARNING 2026-06-09 22:04:30,944 "GET /ws/notifications/?token=eyJhbGciOiJIUzI1NiIsInR5cCI6IkpXVCJ9.eyJ0b2tlbl90eXBlIjoiYWNjZXNzIiwiZXhwIjoxNzgxMDU5OTUwLCJpYXQiOjE3ODEwMzExNTAsImp0aSI6ImFlZGE0ZWJhYmQ3MDRiMzVhN2YzZGFlMGQyNDY1NDQyIiwidXNlcl9pZCI6IjkifQ.gESMPL-cNWZ4mTXPtW5VyKEA8FgV8oFfz7SoDodMgYk HTTP/1.1" 404 4566
WARNING 2026-06-09 22:04:40,588 Not Found: /ws/notifications/
WARNING 2026-06-09 22:04:40,589 "GET /ws/notifications/?token=eyJhbGciOiJIUzI1NiIsInR5cCI6IkpXVCJ9.eyJ0b2tlbl90eXBlIjoiYWNjZXNzIiwiZXhwIjoxNzgxMDU5OTUwLCJpYXQiOjE3ODEwMzExNTAsImp0aSI6ImFlZGE0ZWJhYmQ3MDRiMzVhN2YzZGFlMGQyNDY1NDQyIiwidXNlcl9pZCI6IjkifQ.gESMPL-cNWZ4mTXPtW5VyKEA8FgV8oFfz7SoDodMgYk HTTP/1.1" 404 4566
INFO 2026-06-09 22:04:45,779 "GET /api/notifications/notifications/?ordering=-created_at HTTP/1.1" 200 52
WARNING 2026-06-09 22:04:48,634 Not Found: /ws/notifications/
WARNING 2026-06-09 22:04:48,637 "GET /ws/notifications/?token=eyJhbGciOiJIUzI1NiIsInR5cCI6IkpXVCJ9.eyJ0b2tlbl90eXBlIjoiYWNjZXNzIiwiZXhwIjoxNzgxMDU5OTUwLCJpYXQiOjE3ODEwMzExNTAsImp0aSI6ImFlZGE0ZWJhYmQ3MDRiMzVhN2YzZGFlMGQyNDY1NDQyIiwidXNlcl9pZCI6IjkifQ.gESMPL-cNWZ4mTXPtW5VyKEA8FgV8oFfz7SoDodMgYk HTTP/1.1" 404 4566
WARNING 2026-06-09 22:04:56,603 Not Found: /ws/notifications/
WARNING 2026-06-09 22:04:56,604 "GET /ws/notifications/?token=eyJhbGciOiJIUzI1NiIsInR5cCI6IkpXVCJ9.eyJ0b2tlbl90eXBlIjoiYWNjZXNzIiwiZXhwIjoxNzgxMDU5OTUwLCJpYXQiOjE3ODEwMzExNTAsImp0aSI6ImFlZGE0ZWJhYmQ3MDRiMzVhN2YzZGFlMGQyNDY1NDQyIiwidXNlcl9pZCI6IjkifQ.gESMPL-cNWZ4mTXPtW5VyKEA8FgV8oFfz7SoDodMgYk HTTP/1.1" 404 4566
INFO 2026-06-09 22:05:00,891 "GET /api/sales/ HTTP/1.1" 200 52
INFO 2026-06-09 22:05:00,912 "GET /api/inventory/purchase-orders/ HTTP/1.1" 200 52
INFO 2026-06-09 22:05:00,918 "GET /api/products/suppliers/ HTTP/1.1" 200 1014
INFO 2026-06-09 22:05:00,930 "GET /api/customers/ HTTP/1.1" 200 1217
INFO 2026-06-09 22:05:00,932 "GET /api/users/ HTTP/1.1" 200 5968
INFO 2026-06-09 22:05:00,943 "GET /api/products/ HTTP/1.1" 200 2052
INFO 2026-06-09 22:05:00,948 "GET /api/notifications/notifications/?ordering=-created_at HTTP/1.1" 200 52
WARNING 2026-06-09 22:05:03,077 Not Found: /ws/notifications/
WARNING 2026-06-09 22:05:03,079 "GET /ws/notifications/?token=eyJhbGciOiJIUzI1NiIsInR5cCI6IkpXVCJ9.eyJ0b2tlbl90eXBlIjoiYWNjZXNzIiwiZXhwIjoxNzgxMDU5OTUwLCJpYXQiOjE3ODEwMzExNTAsImp0aSI6ImFlZGE0ZWJhYmQ3MDRiMzVhN2YzZGFlMGQyNDY1NDQyIiwidXNlcl9pZCI6IjkifQ.gESMPL-cNWZ4mTXPtW5VyKEA8FgV8oFfz7SoDodMgYk HTTP/1.1" 404 4566
WARNING 2026-06-09 22:05:11,824 Not Found: /ws/notifications/
WARNING 2026-06-09 22:05:11,827 "GET /ws/notifications/?token=eyJhbGciOiJIUzI1NiIsInR5cCI6IkpXVCJ9.eyJ0b2tlbl90eXBlIjoiYWNjZXNzIiwiZXhwIjoxNzgxMDU5OTUwLCJpYXQiOjE3ODEwMzExNTAsImp0aSI6ImFlZGE0ZWJhYmQ3MDRiMzVhN2YzZGFlMGQyNDY1NDQyIiwidXNlcl9pZCI6IjkifQ.gESMPL-cNWZ4mTXPtW5VyKEA8FgV8oFfz7SoDodMgYk HTTP/1.1" 404 4566
INFO 2026-06-09 22:05:15,818 "GET /api/notifications/notifications/?ordering=-created_at HTTP/1.1" 200 52
WARNING 2026-06-09 22:05:21,112 Not Found: /ws/notifications/
WARNING 2026-06-09 22:05:21,114 "GET /ws/notifications/?token=eyJhbGciOiJIUzI1NiIsInR5cCI6IkpXVCJ9.eyJ0b2tlbl90eXBlIjoiYWNjZXNzIiwiZXhwIjoxNzgxMDU5OTUwLCJpYXQiOjE3ODEwMzExNTAsImp0aSI6ImFlZGE0ZWJhYmQ3MDRiMzVhN2YzZGFlMGQyNDY1NDQyIiwidXNlcl9pZCI6IjkifQ.gESMPL-cNWZ4mTXPtW5VyKEA8FgV8oFfz7SoDodMgYk HTTP/1.1" 404 4566
WARNING 2026-06-09 22:05:30,141 Not Found: /ws/notifications/
WARNING 2026-06-09 22:05:30,143 "GET /ws/notifications/?token=eyJhbGciOiJIUzI1NiIsInR5cCI6IkpXVCJ9.eyJ0b2tlbl90eXBlIjoiYWNjZXNzIiwiZXhwIjoxNzgxMDU5OTUwLCJpYXQiOjE3ODEwMzExNTAsImp0aSI6ImFlZGE0ZWJhYmQ3MDRiMzVhN2YzZGFlMGQyNDY1NDQyIiwidXNlcl9pZCI6IjkifQ.gESMPL-cNWZ4mTXPtW5VyKEA8FgV8oFfz7SoDodMgYk HTTP/1.1" 404 4566
INFO 2026-06-09 22:05:30,871 "GET /api/sales/ HTTP/1.1" 200 52
INFO 2026-06-09 22:05:30,875 "GET /api/customers/ HTTP/1.1" 200 1217
INFO 2026-06-09 22:05:30,888 "GET /api/inventory/purchase-orders/ HTTP/1.1" 200 52
INFO 2026-06-09 22:05:30,889 "GET /api/products/suppliers/ HTTP/1.1" 200 1014
INFO 2026-06-09 22:05:30,907 "GET /api/users/ HTTP/1.1" 200 5968
INFO 2026-06-09 22:05:30,920 "GET /api/products/ HTTP/1.1" 200 2052
INFO 2026-06-09 22:05:30,925 "GET /api/notifications/notifications/?ordering=-created_at HTTP/1.1" 200 52
WARNING 2026-06-09 22:05:37,581 Not Found: /ws/notifications/
WARNING 2026-06-09 22:05:37,583 "GET /ws/notifications/?token=eyJhbGciOiJIUzI1NiIsInR5cCI6IkpXVCJ9.eyJ0b2tlbl90eXBlIjoiYWNjZXNzIiwiZXhwIjoxNzgxMDU5OTUwLCJpYXQiOjE3ODEwMzExNTAsImp0aSI6ImFlZGE0ZWJhYmQ3MDRiMzVhN2YzZGFlMGQyNDY1NDQyIiwidXNlcl9pZCI6IjkifQ.gESMPL-cNWZ4mTXPtW5VyKEA8FgV8oFfz7SoDodMgYk HTTP/1.1" 404 4566
WARNING 2026-06-09 22:05:44,644 Not Found: /ws/notifications/
WARNING 2026-06-09 22:05:44,652 "GET /ws/notifications/?token=eyJhbGciOiJIUzI1NiIsInR5cCI6IkpXVCJ9.eyJ0b2tlbl90eXBlIjoiYWNjZXNzIiwiZXhwIjoxNzgxMDU5OTUwLCJpYXQiOjE3ODEwMzExNTAsImp0aSI6ImFlZGE0ZWJhYmQ3MDRiMzVhN2YzZGFlMGQyNDY1NDQyIiwidXNlcl9pZCI6IjkifQ.gESMPL-cNWZ4mTXPtW5VyKEA8FgV8oFfz7SoDodMgYk HTTP/1.1" 404 4566
INFO 2026-06-09 22:05:44,654 - Broken pipe from ('127.0.0.1', 56565)
INFO 2026-06-09 22:05:45,831 "GET /api/notifications/notifications/?ordering=-created_at HTTP/1.1" 200 52
WARNING 2026-06-09 22:05:54,333 Not Found: /ws/notifications/
WARNING 2026-06-09 22:05:54,335 "GET /ws/notifications/?token=eyJhbGciOiJIUzI1NiIsInR5cCI6IkpXVCJ9.eyJ0b2tlbl90eXBlIjoiYWNjZXNzIiwiZXhwIjoxNzgxMDU5OTUwLCJpYXQiOjE3ODEwMzExNTAsImp0aSI6ImFlZGE0ZWJhYmQ3MDRiMzVhN2YzZGFlMGQyNDY1NDQyIiwidXNlcl9pZCI6IjkifQ.gESMPL-cNWZ4mTXPtW5VyKEA8FgV8oFfz7SoDodMgYk HTTP/1.1" 404 4566
INFO 2026-06-09 22:06:00,842 "GET /api/inventory/purchase-orders/ HTTP/1.1" 200 52
INFO 2026-06-09 22:06:00,857 "GET /api/products/suppliers/ HTTP/1.1" 200 1014
INFO 2026-06-09 22:06:00,883 "GET /api/sales/ HTTP/1.1" 200 52
INFO 2026-06-09 22:06:00,899 "GET /api/customers/ HTTP/1.1" 200 1217
INFO 2026-06-09 22:06:00,904 "GET /api/users/ HTTP/1.1" 200 5968
INFO 2026-06-09 22:06:00,918 "GET /api/products/ HTTP/1.1" 200 2052
INFO 2026-06-09 22:06:00,919 "GET /api/notifications/notifications/?ordering=-created_at HTTP/1.1" 200 52
WARNING 2026-06-09 22:06:02,534 Not Found: /ws/notifications/
WARNING 2026-06-09 22:06:02,537 "GET /ws/notifications/?token=eyJhbGciOiJIUzI1NiIsInR5cCI6IkpXVCJ9.eyJ0b2tlbl90eXBlIjoiYWNjZXNzIiwiZXhwIjoxNzgxMDU5OTUwLCJpYXQiOjE3ODEwMzExNTAsImp0aSI6ImFlZGE0ZWJhYmQ3MDRiMzVhN2YzZGFlMGQyNDY1NDQyIiwidXNlcl9pZCI6IjkifQ.gESMPL-cNWZ4mTXPtW5VyKEA8FgV8oFfz7SoDodMgYk HTTP/1.1" 404 4566
WARNING 2026-06-09 22:06:09,865 Not Found: /ws/notifications/
WARNING 2026-06-09 22:06:09,867 "GET /ws/notifications/?token=eyJhbGciOiJIUzI1NiIsInR5cCI6IkpXVCJ9.eyJ0b2tlbl90eXBlIjoiYWNjZXNzIiwiZXhwIjoxNzgxMDU5OTUwLCJpYXQiOjE3ODEwMzExNTAsImp0aSI6ImFlZGE0ZWJhYmQ3MDRiMzVhN2YzZGFlMGQyNDY1NDQyIiwidXNlcl9pZCI6IjkifQ.gESMPL-cNWZ4mTXPtW5VyKEA8FgV8oFfz7SoDodMgYk HTTP/1.1" 404 4566
INFO 2026-06-09 22:06:15,813 "GET /api/notifications/notifications/?ordering=-created_at HTTP/1.1" 200 52
WARNING 2026-06-09 22:06:19,835 Not Found: /ws/notifications/
WARNING 2026-06-09 22:06:19,837 "GET /ws/notifications/?token=eyJhbGciOiJIUzI1NiIsInR5cCI6IkpXVCJ9.eyJ0b2tlbl90eXBlIjoiYWNjZXNzIiwiZXhwIjoxNzgxMDU5OTUwLCJpYXQiOjE3ODEwMzExNTAsImp0aSI6ImFlZGE0ZWJhYmQ3MDRiMzVhN2YzZGFlMGQyNDY1NDQyIiwidXNlcl9pZCI6IjkifQ.gESMPL-cNWZ4mTXPtW5VyKEA8FgV8oFfz7SoDodMgYk HTTP/1.1" 404 4566
WARNING 2026-06-09 22:06:26,511 Not Found: /ws/notifications/
WARNING 2026-06-09 22:06:26,512 "GET /ws/notifications/?token=eyJhbGciOiJIUzI1NiIsInR5cCI6IkpXVCJ9.eyJ0b2tlbl90eXBlIjoiYWNjZXNzIiwiZXhwIjoxNzgxMDU5OTUwLCJpYXQiOjE3ODEwMzExNTAsImp0aSI6ImFlZGE0ZWJhYmQ3MDRiMzVhN2YzZGFlMGQyNDY1NDQyIiwidXNlcl9pZCI6IjkifQ.gESMPL-cNWZ4mTXPtW5VyKEA8FgV8oFfz7SoDodMgYk HTTP/1.1" 404 4566
INFO 2026-06-09 22:06:30,827 "GET /api/sales/ HTTP/1.1" 200 52
INFO 2026-06-09 22:06:30,859 "GET /api/inventory/purchase-orders/ HTTP/1.1" 200 52
INFO 2026-06-09 22:06:30,874 "GET /api/products/suppliers/ HTTP/1.1" 200 1014
INFO 2026-06-09 22:06:30,890 "GET /api/notifications/notifications/?ordering=-created_at HTTP/1.1" 200 52
INFO 2026-06-09 22:06:30,891 "GET /api/customers/ HTTP/1.1" 200 1217
INFO 2026-06-09 22:06:30,896 "GET /api/products/ HTTP/1.1" 200 2052
INFO 2026-06-09 22:06:30,894 "GET /api/users/ HTTP/1.1" 200 5968
WARNING 2026-06-09 22:06:33,533 Not Found: /ws/notifications/
WARNING 2026-06-09 22:06:33,535 "GET /ws/notifications/?token=eyJhbGciOiJIUzI1NiIsInR5cCI6IkpXVCJ9.eyJ0b2tlbl90eXBlIjoiYWNjZXNzIiwiZXhwIjoxNzgxMDU5OTUwLCJpYXQiOjE3ODEwMzExNTAsImp0aSI6ImFlZGE0ZWJhYmQ3MDRiMzVhN2YzZGFlMGQyNDY1NDQyIiwidXNlcl9pZCI6IjkifQ.gESMPL-cNWZ4mTXPtW5VyKEA8FgV8oFfz7SoDodMgYk HTTP/1.1" 404 4566
WARNING 2026-06-09 22:06:41,175 Not Found: /ws/notifications/
WARNING 2026-06-09 22:06:41,181 "GET /ws/notifications/?token=eyJhbGciOiJIUzI1NiIsInR5cCI6IkpXVCJ9.eyJ0b2tlbl90eXBlIjoiYWNjZXNzIiwiZXhwIjoxNzgxMDU5OTUwLCJpYXQiOjE3ODEwMzExNTAsImp0aSI6ImFlZGE0ZWJhYmQ3MDRiMzVhN2YzZGFlMGQyNDY1NDQyIiwidXNlcl9pZCI6IjkifQ.gESMPL-cNWZ4mTXPtW5VyKEA8FgV8oFfz7SoDodMgYk HTTP/1.1" 404 4566
INFO 2026-06-09 22:06:45,819 "GET /api/notifications/notifications/?ordering=-created_at HTTP/1.1" 200 52
WARNING 2026-06-09 22:06:49,224 Not Found: /ws/notifications/
WARNING 2026-06-09 22:06:49,225 "GET /ws/notifications/?token=eyJhbGciOiJIUzI1NiIsInR5cCI6IkpXVCJ9.eyJ0b2tlbl90eXBlIjoiYWNjZXNzIiwiZXhwIjoxNzgxMDU5OTUwLCJpYXQiOjE3ODEwMzExNTAsImp0aSI6ImFlZGE0ZWJhYmQ3MDRiMzVhN2YzZGFlMGQyNDY1NDQyIiwidXNlcl9pZCI6IjkifQ.gESMPL-cNWZ4mTXPtW5VyKEA8FgV8oFfz7SoDodMgYk HTTP/1.1" 404 4566
WARNING 2026-06-09 22:06:58,312 Not Found: /ws/notifications/
WARNING 2026-06-09 22:06:58,313 "GET /ws/notifications/?token=eyJhbGciOiJIUzI1NiIsInR5cCI6IkpXVCJ9.eyJ0b2tlbl90eXBlIjoiYWNjZXNzIiwiZXhwIjoxNzgxMDU5OTUwLCJpYXQiOjE3ODEwMzExNTAsImp0aSI6ImFlZGE0ZWJhYmQ3MDRiMzVhN2YzZGFlMGQyNDY1NDQyIiwidXNlcl9pZCI6IjkifQ.gESMPL-cNWZ4mTXPtW5VyKEA8FgV8oFfz7SoDodMgYk HTTP/1.1" 404 4566
INFO 2026-06-09 22:07:00,883 "GET /api/inventory/purchase-orders/ HTTP/1.1" 200 52
INFO 2026-06-09 22:07:00,891 "GET /api/users/ HTTP/1.1" 200 5968
INFO 2026-06-09 22:07:00,886 "GET /api/customers/ HTTP/1.1" 200 1217
INFO 2026-06-09 22:07:00,899 "GET /api/sales/ HTTP/1.1" 200 52
INFO 2026-06-09 22:07:00,901 "GET /api/products/suppliers/ HTTP/1.1" 200 1014
INFO 2026-06-09 22:07:00,931 "GET /api/products/ HTTP/1.1" 200 2052
INFO 2026-06-09 22:07:00,932 "GET /api/notifications/notifications/?ordering=-created_at HTTP/1.1" 200 52
WARNING 2026-06-09 22:07:06,579 Not Found: /ws/notifications/
WARNING 2026-06-09 22:07:06,598 "GET /ws/notifications/?token=eyJhbGciOiJIUzI1NiIsInR5cCI6IkpXVCJ9.eyJ0b2tlbl90eXBlIjoiYWNjZXNzIiwiZXhwIjoxNzgxMDU5OTUwLCJpYXQiOjE3ODEwMzExNTAsImp0aSI6ImFlZGE0ZWJhYmQ3MDRiMzVhN2YzZGFlMGQyNDY1NDQyIiwidXNlcl9pZCI6IjkifQ.gESMPL-cNWZ4mTXPtW5VyKEA8FgV8oFfz7SoDodMgYk HTTP/1.1" 404 4566
INFO 2026-06-09 22:07:15,858 "GET /api/notifications/notifications/?ordering=-created_at HTTP/1.1" 200 52
WARNING 2026-06-09 22:07:16,462 Not Found: /ws/notifications/
WARNING 2026-06-09 22:07:16,469 "GET /ws/notifications/?token=eyJhbGciOiJIUzI1NiIsInR5cCI6IkpXVCJ9.eyJ0b2tlbl90eXBlIjoiYWNjZXNzIiwiZXhwIjoxNzgxMDU5OTUwLCJpYXQiOjE3ODEwMzExNTAsImp0aSI6ImFlZGE0ZWJhYmQ3MDRiMzVhN2YzZGFlMGQyNDY1NDQyIiwidXNlcl9pZCI6IjkifQ.gESMPL-cNWZ4mTXPtW5VyKEA8FgV8oFfz7SoDodMgYk HTTP/1.1" 404 4566
WARNING 2026-06-09 22:07:22,756 Not Found: /ws/notifications/
WARNING 2026-06-09 22:07:22,760 "GET /ws/notifications/?token=eyJhbGciOiJIUzI1NiIsInR5cCI6IkpXVCJ9.eyJ0b2tlbl90eXBlIjoiYWNjZXNzIiwiZXhwIjoxNzgxMDU5OTUwLCJpYXQiOjE3ODEwMzExNTAsImp0aSI6ImFlZGE0ZWJhYmQ3MDRiMzVhN2YzZGFlMGQyNDY1NDQyIiwidXNlcl9pZCI6IjkifQ.gESMPL-cNWZ4mTXPtW5VyKEA8FgV8oFfz7SoDodMgYk HTTP/1.1" 404 4566
WARNING 2026-06-09 22:07:30,728 Not Found: /ws/notifications/
WARNING 2026-06-09 22:07:30,729 "GET /ws/notifications/?token=eyJhbGciOiJIUzI1NiIsInR5cCI6IkpXVCJ9.eyJ0b2tlbl90eXBlIjoiYWNjZXNzIiwiZXhwIjoxNzgxMDU5OTUwLCJpYXQiOjE3ODEwMzExNTAsImp0aSI6ImFlZGE0ZWJhYmQ3MDRiMzVhN2YzZGFlMGQyNDY1NDQyIiwidXNlcl9pZCI6IjkifQ.gESMPL-cNWZ4mTXPtW5VyKEA8FgV8oFfz7SoDodMgYk HTTP/1.1" 404 4566
INFO 2026-06-09 22:07:30,833 "GET /api/sales/ HTTP/1.1" 200 52
INFO 2026-06-09 22:07:30,865 "GET /api/users/ HTTP/1.1" 200 5968
INFO 2026-06-09 22:07:30,905 "GET /api/inventory/purchase-orders/ HTTP/1.1" 200 52
INFO 2026-06-09 22:07:30,913 "GET /api/products/suppliers/ HTTP/1.1" 200 1014
INFO 2026-06-09 22:07:30,916 "GET /api/customers/ HTTP/1.1" 200 1217
INFO 2026-06-09 22:07:30,920 "GET /api/notifications/notifications/?ordering=-created_at HTTP/1.1" 200 52
INFO 2026-06-09 22:07:30,920 "GET /api/products/ HTTP/1.1" 200 2052
WARNING 2026-06-09 22:07:40,283 Not Found: /ws/notifications/
WARNING 2026-06-09 22:07:40,304 "GET /ws/notifications/?token=eyJhbGciOiJIUzI1NiIsInR5cCI6IkpXVCJ9.eyJ0b2tlbl90eXBlIjoiYWNjZXNzIiwiZXhwIjoxNzgxMDU5OTUwLCJpYXQiOjE3ODEwMzExNTAsImp0aSI6ImFlZGE0ZWJhYmQ3MDRiMzVhN2YzZGFlMGQyNDY1NDQyIiwidXNlcl9pZCI6IjkifQ.gESMPL-cNWZ4mTXPtW5VyKEA8FgV8oFfz7SoDodMgYk HTTP/1.1" 404 4566
INFO 2026-06-09 22:07:45,824 "GET /api/notifications/notifications/?ordering=-created_at HTTP/1.1" 200 52
WARNING 2026-06-09 22:07:48,962 Not Found: /ws/notifications/
WARNING 2026-06-09 22:07:48,966 "GET /ws/notifications/?token=eyJhbGciOiJIUzI1NiIsInR5cCI6IkpXVCJ9.eyJ0b2tlbl90eXBlIjoiYWNjZXNzIiwiZXhwIjoxNzgxMDU5OTUwLCJpYXQiOjE3ODEwMzExNTAsImp0aSI6ImFlZGE0ZWJhYmQ3MDRiMzVhN2YzZGFlMGQyNDY1NDQyIiwidXNlcl9pZCI6IjkifQ.gESMPL-cNWZ4mTXPtW5VyKEA8FgV8oFfz7SoDodMgYk HTTP/1.1" 404 4566
WARNING 2026-06-09 22:07:56,594 Not Found: /ws/notifications/
WARNING 2026-06-09 22:07:56,604 "GET /ws/notifications/?token=eyJhbGciOiJIUzI1NiIsInR5cCI6IkpXVCJ9.eyJ0b2tlbl90eXBlIjoiYWNjZXNzIiwiZXhwIjoxNzgxMDU5OTUwLCJpYXQiOjE3ODEwMzExNTAsImp0aSI6ImFlZGE0ZWJhYmQ3MDRiMzVhN2YzZGFlMGQyNDY1NDQyIiwidXNlcl9pZCI6IjkifQ.gESMPL-cNWZ4mTXPtW5VyKEA8FgV8oFfz7SoDodMgYk HTTP/1.1" 404 4566
INFO 2026-06-09 22:07:56,608 - Broken pipe from ('127.0.0.1', 59528)
INFO 2026-06-09 22:08:00,825 "GET /api/inventory/purchase-orders/ HTTP/1.1" 200 52
INFO 2026-06-09 22:08:00,870 "GET /api/products/suppliers/ HTTP/1.1" 200 1014
INFO 2026-06-09 22:08:00,882 "GET /api/sales/ HTTP/1.1" 200 52
INFO 2026-06-09 22:08:00,883 "GET /api/customers/ HTTP/1.1" 200 1217
INFO 2026-06-09 22:08:00,887 "GET /api/users/ HTTP/1.1" 200 5968
INFO 2026-06-09 22:08:00,909 "GET /api/notifications/notifications/?ordering=-created_at HTTP/1.1" 200 52
INFO 2026-06-09 22:08:00,910 "GET /api/products/ HTTP/1.1" 200 2052
WARNING 2026-06-09 22:08:03,003 Not Found: /ws/notifications/
WARNING 2026-06-09 22:08:03,005 "GET /ws/notifications/?token=eyJhbGciOiJIUzI1NiIsInR5cCI6IkpXVCJ9.eyJ0b2tlbl90eXBlIjoiYWNjZXNzIiwiZXhwIjoxNzgxMDU5OTUwLCJpYXQiOjE3ODEwMzExNTAsImp0aSI6ImFlZGE0ZWJhYmQ3MDRiMzVhN2YzZGFlMGQyNDY1NDQyIiwidXNlcl9pZCI6IjkifQ.gESMPL-cNWZ4mTXPtW5VyKEA8FgV8oFfz7SoDodMgYk HTTP/1.1" 404 4566
WARNING 2026-06-09 22:08:09,296 Not Found: /ws/notifications/
WARNING 2026-06-09 22:08:09,300 "GET /ws/notifications/?token=eyJhbGciOiJIUzI1NiIsInR5cCI6IkpXVCJ9.eyJ0b2tlbl90eXBlIjoiYWNjZXNzIiwiZXhwIjoxNzgxMDU5OTUwLCJpYXQiOjE3ODEwMzExNTAsImp0aSI6ImFlZGE0ZWJhYmQ3MDRiMzVhN2YzZGFlMGQyNDY1NDQyIiwidXNlcl9pZCI6IjkifQ.gESMPL-cNWZ4mTXPtW5VyKEA8FgV8oFfz7SoDodMgYk HTTP/1.1" 404 4566
INFO 2026-06-09 22:08:15,787 "GET /api/notifications/notifications/?ordering=-created_at HTTP/1.1" 200 52
WARNING 2026-06-09 22:08:17,919 Not Found: /ws/notifications/
WARNING 2026-06-09 22:08:17,921 "GET /ws/notifications/?token=eyJhbGciOiJIUzI1NiIsInR5cCI6IkpXVCJ9.eyJ0b2tlbl90eXBlIjoiYWNjZXNzIiwiZXhwIjoxNzgxMDU5OTUwLCJpYXQiOjE3ODEwMzExNTAsImp0aSI6ImFlZGE0ZWJhYmQ3MDRiMzVhN2YzZGFlMGQyNDY1NDQyIiwidXNlcl9pZCI6IjkifQ.gESMPL-cNWZ4mTXPtW5VyKEA8FgV8oFfz7SoDodMgYk HTTP/1.1" 404 4566
WARNING 2026-06-09 22:08:25,153 Not Found: /ws/notifications/
WARNING 2026-06-09 22:08:25,156 "GET /ws/notifications/?token=eyJhbGciOiJIUzI1NiIsInR5cCI6IkpXVCJ9.eyJ0b2tlbl90eXBlIjoiYWNjZXNzIiwiZXhwIjoxNzgxMDU5OTUwLCJpYXQiOjE3ODEwMzExNTAsImp0aSI6ImFlZGE0ZWJhYmQ3MDRiMzVhN2YzZGFlMGQyNDY1NDQyIiwidXNlcl9pZCI6IjkifQ.gESMPL-cNWZ4mTXPtW5VyKEA8FgV8oFfz7SoDodMgYk HTTP/1.1" 404 4566
INFO 2026-06-09 22:08:30,848 "GET /api/sales/ HTTP/1.1" 200 52
INFO 2026-06-09 22:08:30,854 "GET /api/customers/ HTTP/1.1" 200 1217
INFO 2026-06-09 22:08:30,854 "GET /api/inventory/purchase-orders/ HTTP/1.1" 200 52
INFO 2026-06-09 22:08:30,875 "GET /api/products/suppliers/ HTTP/1.1" 200 1014
INFO 2026-06-09 22:08:30,889 "GET /api/users/ HTTP/1.1" 200 5968
INFO 2026-06-09 22:08:30,905 "GET /api/notifications/notifications/?ordering=-created_at HTTP/1.1" 200 52
INFO 2026-06-09 22:08:30,909 "GET /api/products/ HTTP/1.1" 200 2052
WARNING 2026-06-09 22:08:32,116 Not Found: /ws/notifications/
WARNING 2026-06-09 22:08:32,120 "GET /ws/notifications/?token=eyJhbGciOiJIUzI1NiIsInR5cCI6IkpXVCJ9.eyJ0b2tlbl90eXBlIjoiYWNjZXNzIiwiZXhwIjoxNzgxMDU5OTUwLCJpYXQiOjE3ODEwMzExNTAsImp0aSI6ImFlZGE0ZWJhYmQ3MDRiMzVhN2YzZGFlMGQyNDY1NDQyIiwidXNlcl9pZCI6IjkifQ.gESMPL-cNWZ4mTXPtW5VyKEA8FgV8oFfz7SoDodMgYk HTTP/1.1" 404 4566
WARNING 2026-06-09 22:08:41,091 Not Found: /ws/notifications/
WARNING 2026-06-09 22:08:41,100 "GET /ws/notifications/?token=eyJhbGciOiJIUzI1NiIsInR5cCI6IkpXVCJ9.eyJ0b2tlbl90eXBlIjoiYWNjZXNzIiwiZXhwIjoxNzgxMDU5OTUwLCJpYXQiOjE3ODEwMzExNTAsImp0aSI6ImFlZGE0ZWJhYmQ3MDRiMzVhN2YzZGFlMGQyNDY1NDQyIiwidXNlcl9pZCI6IjkifQ.gESMPL-cNWZ4mTXPtW5VyKEA8FgV8oFfz7SoDodMgYk HTTP/1.1" 404 4566
INFO 2026-06-09 22:08:45,794 "GET /api/notifications/notifications/?ordering=-created_at HTTP/1.1" 200 52
WARNING 2026-06-09 22:08:48,824 Not Found: /ws/notifications/
WARNING 2026-06-09 22:08:48,833 "GET /ws/notifications/?token=eyJhbGciOiJIUzI1NiIsInR5cCI6IkpXVCJ9.eyJ0b2tlbl90eXBlIjoiYWNjZXNzIiwiZXhwIjoxNzgxMDU5OTUwLCJpYXQiOjE3ODEwMzExNTAsImp0aSI6ImFlZGE0ZWJhYmQ3MDRiMzVhN2YzZGFlMGQyNDY1NDQyIiwidXNlcl9pZCI6IjkifQ.gESMPL-cNWZ4mTXPtW5VyKEA8FgV8oFfz7SoDodMgYk HTTP/1.1" 404 4566
WARNING 2026-06-09 22:08:55,047 Not Found: /ws/notifications/
WARNING 2026-06-09 22:08:55,048 "GET /ws/notifications/?token=eyJhbGciOiJIUzI1NiIsInR5cCI6IkpXVCJ9.eyJ0b2tlbl90eXBlIjoiYWNjZXNzIiwiZXhwIjoxNzgxMDU5OTUwLCJpYXQiOjE3ODEwMzExNTAsImp0aSI6ImFlZGE0ZWJhYmQ3MDRiMzVhN2YzZGFlMGQyNDY1NDQyIiwidXNlcl9pZCI6IjkifQ.gESMPL-cNWZ4mTXPtW5VyKEA8FgV8oFfz7SoDodMgYk HTTP/1.1" 404 4566
INFO 2026-06-09 22:09:00,864 "GET /api/sales/ HTTP/1.1" 200 52
INFO 2026-06-09 22:09:00,882 "GET /api/inventory/purchase-orders/ HTTP/1.1" 200 52
INFO 2026-06-09 22:09:00,883 "GET /api/products/suppliers/ HTTP/1.1" 200 1014
INFO 2026-06-09 22:09:00,885 "GET /api/customers/ HTTP/1.1" 200 1217
INFO 2026-06-09 22:09:00,898 "GET /api/users/ HTTP/1.1" 200 5968
INFO 2026-06-09 22:09:00,908 "GET /api/products/ HTTP/1.1" 200 2052
INFO 2026-06-09 22:09:00,921 "GET /api/notifications/notifications/?ordering=-created_at HTTP/1.1" 200 52
WARNING 2026-06-09 22:09:04,513 Not Found: /ws/notifications/
WARNING 2026-06-09 22:09:04,515 "GET /ws/notifications/?token=eyJhbGciOiJIUzI1NiIsInR5cCI6IkpXVCJ9.eyJ0b2tlbl90eXBlIjoiYWNjZXNzIiwiZXhwIjoxNzgxMDU5OTUwLCJpYXQiOjE3ODEwMzExNTAsImp0aSI6ImFlZGE0ZWJhYmQ3MDRiMzVhN2YzZGFlMGQyNDY1NDQyIiwidXNlcl9pZCI6IjkifQ.gESMPL-cNWZ4mTXPtW5VyKEA8FgV8oFfz7SoDodMgYk HTTP/1.1" 404 4566
WARNING 2026-06-09 22:09:11,311 Not Found: /ws/notifications/
WARNING 2026-06-09 22:09:11,317 "GET /ws/notifications/?token=eyJhbGciOiJIUzI1NiIsInR5cCI6IkpXVCJ9.eyJ0b2tlbl90eXBlIjoiYWNjZXNzIiwiZXhwIjoxNzgxMDU5OTUwLCJpYXQiOjE3ODEwMzExNTAsImp0aSI6ImFlZGE0ZWJhYmQ3MDRiMzVhN2YzZGFlMGQyNDY1NDQyIiwidXNlcl9pZCI6IjkifQ.gESMPL-cNWZ4mTXPtW5VyKEA8FgV8oFfz7SoDodMgYk HTTP/1.1" 404 4566
INFO 2026-06-09 22:09:11,320 - Broken pipe from ('127.0.0.1', 61940)
INFO 2026-06-09 22:09:15,824 "GET /api/notifications/notifications/?ordering=-created_at HTTP/1.1" 200 52
WARNING 2026-06-09 22:09:21,102 Not Found: /ws/notifications/
WARNING 2026-06-09 22:09:21,103 "GET /ws/notifications/?token=eyJhbGciOiJIUzI1NiIsInR5cCI6IkpXVCJ9.eyJ0b2tlbl90eXBlIjoiYWNjZXNzIiwiZXhwIjoxNzgxMDU5OTUwLCJpYXQiOjE3ODEwMzExNTAsImp0aSI6ImFlZGE0ZWJhYmQ3MDRiMzVhN2YzZGFlMGQyNDY1NDQyIiwidXNlcl9pZCI6IjkifQ.gESMPL-cNWZ4mTXPtW5VyKEA8FgV8oFfz7SoDodMgYk HTTP/1.1" 404 4566
WARNING 2026-06-09 22:09:28,069 Not Found: /ws/notifications/
WARNING 2026-06-09 22:09:28,070 "GET /ws/notifications/?token=eyJhbGciOiJIUzI1NiIsInR5cCI6IkpXVCJ9.eyJ0b2tlbl90eXBlIjoiYWNjZXNzIiwiZXhwIjoxNzgxMDU5OTUwLCJpYXQiOjE3ODEwMzExNTAsImp0aSI6ImFlZGE0ZWJhYmQ3MDRiMzVhN2YzZGFlMGQyNDY1NDQyIiwidXNlcl9pZCI6IjkifQ.gESMPL-cNWZ4mTXPtW5VyKEA8FgV8oFfz7SoDodMgYk HTTP/1.1" 404 4566
INFO 2026-06-09 22:09:30,890 "GET /api/sales/ HTTP/1.1" 200 52
INFO 2026-06-09 22:09:30,891 "GET /api/products/suppliers/ HTTP/1.1" 200 1014
INFO 2026-06-09 22:09:30,898 "GET /api/inventory/purchase-orders/ HTTP/1.1" 200 52
INFO 2026-06-09 22:09:30,917 "GET /api/products/ HTTP/1.1" 200 2052
INFO 2026-06-09 22:09:30,920 "GET /api/customers/ HTTP/1.1" 200 1217
INFO 2026-06-09 22:09:30,933 "GET /api/users/ HTTP/1.1" 200 5968
INFO 2026-06-09 22:09:30,940 "GET /api/notifications/notifications/?ordering=-created_at HTTP/1.1" 200 52
WARNING 2026-06-09 22:09:35,925 Not Found: /ws/notifications/
WARNING 2026-06-09 22:09:35,927 "GET /ws/notifications/?token=eyJhbGciOiJIUzI1NiIsInR5cCI6IkpXVCJ9.eyJ0b2tlbl90eXBlIjoiYWNjZXNzIiwiZXhwIjoxNzgxMDU5OTUwLCJpYXQiOjE3ODEwMzExNTAsImp0aSI6ImFlZGE0ZWJhYmQ3MDRiMzVhN2YzZGFlMGQyNDY1NDQyIiwidXNlcl9pZCI6IjkifQ.gESMPL-cNWZ4mTXPtW5VyKEA8FgV8oFfz7SoDodMgYk HTTP/1.1" 404 4566
WARNING 2026-06-09 22:09:45,725 Not Found: /ws/notifications/
WARNING 2026-06-09 22:09:45,727 "GET /ws/notifications/?token=eyJhbGciOiJIUzI1NiIsInR5cCI6IkpXVCJ9.eyJ0b2tlbl90eXBlIjoiYWNjZXNzIiwiZXhwIjoxNzgxMDU5OTUwLCJpYXQiOjE3ODEwMzExNTAsImp0aSI6ImFlZGE0ZWJhYmQ3MDRiMzVhN2YzZGFlMGQyNDY1NDQyIiwidXNlcl9pZCI6IjkifQ.gESMPL-cNWZ4mTXPtW5VyKEA8FgV8oFfz7SoDodMgYk HTTP/1.1" 404 4566
INFO 2026-06-09 22:09:45,811 "GET /api/notifications/notifications/?ordering=-created_at HTTP/1.1" 200 52
WARNING 2026-06-09 22:09:52,756 Not Found: /ws/notifications/
WARNING 2026-06-09 22:09:52,760 "GET /ws/notifications/?token=eyJhbGciOiJIUzI1NiIsInR5cCI6IkpXVCJ9.eyJ0b2tlbl90eXBlIjoiYWNjZXNzIiwiZXhwIjoxNzgxMDU5OTUwLCJpYXQiOjE3ODEwMzExNTAsImp0aSI6ImFlZGE0ZWJhYmQ3MDRiMzVhN2YzZGFlMGQyNDY1NDQyIiwidXNlcl9pZCI6IjkifQ.gESMPL-cNWZ4mTXPtW5VyKEA8FgV8oFfz7SoDodMgYk HTTP/1.1" 404 4566
WARNING 2026-06-09 22:09:58,989 Not Found: /ws/notifications/
WARNING 2026-06-09 22:09:58,991 "GET /ws/notifications/?token=eyJhbGciOiJIUzI1NiIsInR5cCI6IkpXVCJ9.eyJ0b2tlbl90eXBlIjoiYWNjZXNzIiwiZXhwIjoxNzgxMDU5OTUwLCJpYXQiOjE3ODEwMzExNTAsImp0aSI6ImFlZGE0ZWJhYmQ3MDRiMzVhN2YzZGFlMGQyNDY1NDQyIiwidXNlcl9pZCI6IjkifQ.gESMPL-cNWZ4mTXPtW5VyKEA8FgV8oFfz7SoDodMgYk HTTP/1.1" 404 4566
INFO 2026-06-09 22:10:00,826 "GET /api/sales/ HTTP/1.1" 200 52
INFO 2026-06-09 22:10:00,852 "GET /api/inventory/purchase-orders/ HTTP/1.1" 200 52
INFO 2026-06-09 22:10:00,902 "GET /api/customers/ HTTP/1.1" 200 1217
INFO 2026-06-09 22:10:00,903 "GET /api/users/ HTTP/1.1" 200 5968
INFO 2026-06-09 22:10:00,916 "GET /api/products/suppliers/ HTTP/1.1" 200 1014
INFO 2026-06-09 22:10:00,929 "GET /api/notifications/notifications/?ordering=-created_at HTTP/1.1" 200 52
INFO 2026-06-09 22:10:00,938 "GET /api/products/ HTTP/1.1" 200 2052
WARNING 2026-06-09 22:10:01,213 Bad Request: /api/inventory/purchase-orders/
WARNING 2026-06-09 22:10:01,215 "POST /api/inventory/purchase-orders/ HTTP/1.1" 400 42
WARNING 2026-06-09 22:10:05,835 Not Found: /ws/notifications/
WARNING 2026-06-09 22:10:05,841 "GET /ws/notifications/?token=eyJhbGciOiJIUzI1NiIsInR5cCI6IkpXVCJ9.eyJ0b2tlbl90eXBlIjoiYWNjZXNzIiwiZXhwIjoxNzgxMDU5OTUwLCJpYXQiOjE3ODEwMzExNTAsImp0aSI6ImFlZGE0ZWJhYmQ3MDRiMzVhN2YzZGFlMGQyNDY1NDQyIiwidXNlcl9pZCI6IjkifQ.gESMPL-cNWZ4mTXPtW5VyKEA8FgV8oFfz7SoDodMgYk HTTP/1.1" 404 4566
INFO 2026-06-09 22:10:05,844 - Broken pipe from ('127.0.0.1', 61109)
WARNING 2026-06-09 22:10:12,919 Not Found: /ws/notifications/
WARNING 2026-06-09 22:10:12,921 "GET /ws/notifications/?token=eyJhbGciOiJIUzI1NiIsInR5cCI6IkpXVCJ9.eyJ0b2tlbl90eXBlIjoiYWNjZXNzIiwiZXhwIjoxNzgxMDU5OTUwLCJpYXQiOjE3ODEwMzExNTAsImp0aSI6ImFlZGE0ZWJhYmQ3MDRiMzVhN2YzZGFlMGQyNDY1NDQyIiwidXNlcl9pZCI6IjkifQ.gESMPL-cNWZ4mTXPtW5VyKEA8FgV8oFfz7SoDodMgYk HTTP/1.1" 404 4566
INFO 2026-06-09 22:10:15,873 "GET /api/notifications/notifications/?ordering=-created_at HTTP/1.1" 200 52
WARNING 2026-06-09 22:10:22,373 Not Found: /ws/notifications/
WARNING 2026-06-09 22:10:22,379 "GET /ws/notifications/?token=eyJhbGciOiJIUzI1NiIsInR5cCI6IkpXVCJ9.eyJ0b2tlbl90eXBlIjoiYWNjZXNzIiwiZXhwIjoxNzgxMDU5OTUwLCJpYXQiOjE3ODEwMzExNTAsImp0aSI6ImFlZGE0ZWJhYmQ3MDRiMzVhN2YzZGFlMGQyNDY1NDQyIiwidXNlcl9pZCI6IjkifQ.gESMPL-cNWZ4mTXPtW5VyKEA8FgV8oFfz7SoDodMgYk HTTP/1.1" 404 4566
INFO 2026-06-09 22:10:22,381 - Broken pipe from ('127.0.0.1', 55503)
WARNING 2026-06-09 22:10:30,513 Not Found: /ws/notifications/
WARNING 2026-06-09 22:10:30,517 "GET /ws/notifications/?token=eyJhbGciOiJIUzI1NiIsInR5cCI6IkpXVCJ9.eyJ0b2tlbl90eXBlIjoiYWNjZXNzIiwiZXhwIjoxNzgxMDU5OTUwLCJpYXQiOjE3ODEwMzExNTAsImp0aSI6ImFlZGE0ZWJhYmQ3MDRiMzVhN2YzZGFlMGQyNDY1NDQyIiwidXNlcl9pZCI6IjkifQ.gESMPL-cNWZ4mTXPtW5VyKEA8FgV8oFfz7SoDodMgYk HTTP/1.1" 404 4566
INFO 2026-06-09 22:10:30,520 - Broken pipe from ('127.0.0.1', 61516)
INFO 2026-06-09 22:10:30,833 "GET /api/sales/ HTTP/1.1" 200 52
INFO 2026-06-09 22:10:30,880 "GET /api/products/suppliers/ HTTP/1.1" 200 1014
INFO 2026-06-09 22:10:30,889 "GET /api/inventory/purchase-orders/ HTTP/1.1" 200 52
INFO 2026-06-09 22:10:30,904 "GET /api/customers/ HTTP/1.1" 200 1217
INFO 2026-06-09 22:10:30,929 "GET /api/users/ HTTP/1.1" 200 5968
INFO 2026-06-09 22:10:30,934 "GET /api/products/ HTTP/1.1" 200 2052
INFO 2026-06-09 22:10:30,934 "GET /api/notifications/notifications/?ordering=-created_at HTTP/1.1" 200 52
WARNING 2026-06-09 22:10:38,479 Not Found: /ws/notifications/
WARNING 2026-06-09 22:10:38,481 "GET /ws/notifications/?token=eyJhbGciOiJIUzI1NiIsInR5cCI6IkpXVCJ9.eyJ0b2tlbl90eXBlIjoiYWNjZXNzIiwiZXhwIjoxNzgxMDU5OTUwLCJpYXQiOjE3ODEwMzExNTAsImp0aSI6ImFlZGE0ZWJhYmQ3MDRiMzVhN2YzZGFlMGQyNDY1NDQyIiwidXNlcl9pZCI6IjkifQ.gESMPL-cNWZ4mTXPtW5VyKEA8FgV8oFfz7SoDodMgYk HTTP/1.1" 404 4566
WARNING 2026-06-09 22:10:43,532 Not Found: /ws/notifications/
WARNING 2026-06-09 22:10:43,535 "GET /ws/notifications/?token=eyJhbGciOiJIUzI1NiIsInR5cCI6IkpXVCJ9.eyJ0b2tlbl90eXBlIjoiYWNjZXNzIiwiZXhwIjoxNzgxMDU5OTUwLCJpYXQiOjE3ODEwMzExNTAsImp0aSI6ImFlZGE0ZWJhYmQ3MDRiMzVhN2YzZGFlMGQyNDY1NDQyIiwidXNlcl9pZCI6IjkifQ.gESMPL-cNWZ4mTXPtW5VyKEA8FgV8oFfz7SoDodMgYk HTTP/1.1" 404 4566
INFO 2026-06-09 22:10:45,819 "GET /api/notifications/notifications/?ordering=-created_at HTTP/1.1" 200 52
WARNING 2026-06-09 22:10:48,575 Not Found: /ws/notifications/
WARNING 2026-06-09 22:10:48,577 "GET /ws/notifications/?token=eyJhbGciOiJIUzI1NiIsInR5cCI6IkpXVCJ9.eyJ0b2tlbl90eXBlIjoiYWNjZXNzIiwiZXhwIjoxNzgxMDU5OTUwLCJpYXQiOjE3ODEwMzExNTAsImp0aSI6ImFlZGE0ZWJhYmQ3MDRiMzVhN2YzZGFlMGQyNDY1NDQyIiwidXNlcl9pZCI6IjkifQ.gESMPL-cNWZ4mTXPtW5VyKEA8FgV8oFfz7SoDodMgYk HTTP/1.1" 404 4566
WARNING 2026-06-09 22:10:53,633 Not Found: /ws/notifications/
WARNING 2026-06-09 22:10:53,636 "GET /ws/notifications/?token=eyJhbGciOiJIUzI1NiIsInR5cCI6IkpXVCJ9.eyJ0b2tlbl90eXBlIjoiYWNjZXNzIiwiZXhwIjoxNzgxMDU5OTUwLCJpYXQiOjE3ODEwMzExNTAsImp0aSI6ImFlZGE0ZWJhYmQ3MDRiMzVhN2YzZGFlMGQyNDY1NDQyIiwidXNlcl9pZCI6IjkifQ.gESMPL-cNWZ4mTXPtW5VyKEA8FgV8oFfz7SoDodMgYk HTTP/1.1" 404 4566
WARNING 2026-06-09 22:10:58,685 Not Found: /ws/notifications/
WARNING 2026-06-09 22:10:58,687 "GET /ws/notifications/?token=eyJhbGciOiJIUzI1NiIsInR5cCI6IkpXVCJ9.eyJ0b2tlbl90eXBlIjoiYWNjZXNzIiwiZXhwIjoxNzgxMDU5OTUwLCJpYXQiOjE3ODEwMzExNTAsImp0aSI6ImFlZGE0ZWJhYmQ3MDRiMzVhN2YzZGFlMGQyNDY1NDQyIiwidXNlcl9pZCI6IjkifQ.gESMPL-cNWZ4mTXPtW5VyKEA8FgV8oFfz7SoDodMgYk HTTP/1.1" 404 4566
INFO 2026-06-09 22:11:00,911 "GET /api/inventory/purchase-orders/ HTTP/1.1" 200 52
INFO 2026-06-09 22:11:00,912 "GET /api/sales/ HTTP/1.1" 200 52
INFO 2026-06-09 22:11:00,924 "GET /api/users/ HTTP/1.1" 200 5968
INFO 2026-06-09 22:11:00,937 "GET /api/products/suppliers/ HTTP/1.1" 200 1014
INFO 2026-06-09 22:11:00,938 "GET /api/customers/ HTTP/1.1" 200 1217
INFO 2026-06-09 22:11:00,961 "GET /api/notifications/notifications/?ordering=-created_at HTTP/1.1" 200 52
INFO 2026-06-09 22:11:00,963 "GET /api/products/ HTTP/1.1" 200 2052
WARNING 2026-06-09 22:11:03,722 Not Found: /ws/notifications/
WARNING 2026-06-09 22:11:03,724 "GET /ws/notifications/?token=eyJhbGciOiJIUzI1NiIsInR5cCI6IkpXVCJ9.eyJ0b2tlbl90eXBlIjoiYWNjZXNzIiwiZXhwIjoxNzgxMDU5OTUwLCJpYXQiOjE3ODEwMzExNTAsImp0aSI6ImFlZGE0ZWJhYmQ3MDRiMzVhN2YzZGFlMGQyNDY1NDQyIiwidXNlcl9pZCI6IjkifQ.gESMPL-cNWZ4mTXPtW5VyKEA8FgV8oFfz7SoDodMgYk HTTP/1.1" 404 4566
WARNING 2026-06-09 22:11:08,766 Not Found: /ws/notifications/
WARNING 2026-06-09 22:11:08,767 "GET /ws/notifications/?token=eyJhbGciOiJIUzI1NiIsInR5cCI6IkpXVCJ9.eyJ0b2tlbl90eXBlIjoiYWNjZXNzIiwiZXhwIjoxNzgxMDU5OTUwLCJpYXQiOjE3ODEwMzExNTAsImp0aSI6ImFlZGE0ZWJhYmQ3MDRiMzVhN2YzZGFlMGQyNDY1NDQyIiwidXNlcl9pZCI6IjkifQ.gESMPL-cNWZ4mTXPtW5VyKEA8FgV8oFfz7SoDodMgYk HTTP/1.1" 404 4566
WARNING 2026-06-09 22:11:13,791 Not Found: /ws/notifications/
WARNING 2026-06-09 22:11:13,792 "GET /ws/notifications/?token=eyJhbGciOiJIUzI1NiIsInR5cCI6IkpXVCJ9.eyJ0b2tlbl90eXBlIjoiYWNjZXNzIiwiZXhwIjoxNzgxMDU5OTUwLCJpYXQiOjE3ODEwMzExNTAsImp0aSI6ImFlZGE0ZWJhYmQ3MDRiMzVhN2YzZGFlMGQyNDY1NDQyIiwidXNlcl9pZCI6IjkifQ.gESMPL-cNWZ4mTXPtW5VyKEA8FgV8oFfz7SoDodMgYk HTTP/1.1" 404 4566
INFO 2026-06-09 22:11:15,784 "GET /api/notifications/notifications/?ordering=-created_at HTTP/1.1" 200 52
WARNING 2026-06-09 22:11:18,827 Not Found: /ws/notifications/
WARNING 2026-06-09 22:11:18,829 "GET /ws/notifications/?token=eyJhbGciOiJIUzI1NiIsInR5cCI6IkpXVCJ9.eyJ0b2tlbl90eXBlIjoiYWNjZXNzIiwiZXhwIjoxNzgxMDU5OTUwLCJpYXQiOjE3ODEwMzExNTAsImp0aSI6ImFlZGE0ZWJhYmQ3MDRiMzVhN2YzZGFlMGQyNDY1NDQyIiwidXNlcl9pZCI6IjkifQ.gESMPL-cNWZ4mTXPtW5VyKEA8FgV8oFfz7SoDodMgYk HTTP/1.1" 404 4566
WARNING 2026-06-09 22:11:23,884 Not Found: /ws/notifications/
WARNING 2026-06-09 22:11:23,885 "GET /ws/notifications/?token=eyJhbGciOiJIUzI1NiIsInR5cCI6IkpXVCJ9.eyJ0b2tlbl90eXBlIjoiYWNjZXNzIiwiZXhwIjoxNzgxMDU5OTUwLCJpYXQiOjE3ODEwMzExNTAsImp0aSI6ImFlZGE0ZWJhYmQ3MDRiMzVhN2YzZGFlMGQyNDY1NDQyIiwidXNlcl9pZCI6IjkifQ.gESMPL-cNWZ4mTXPtW5VyKEA8FgV8oFfz7SoDodMgYk HTTP/1.1" 404 4566
WARNING 2026-06-09 22:11:28,910 Not Found: /ws/notifications/
WARNING 2026-06-09 22:11:28,911 "GET /ws/notifications/?token=eyJhbGciOiJIUzI1NiIsInR5cCI6IkpXVCJ9.eyJ0b2tlbl90eXBlIjoiYWNjZXNzIiwiZXhwIjoxNzgxMDU5OTUwLCJpYXQiOjE3ODEwMzExNTAsImp0aSI6ImFlZGE0ZWJhYmQ3MDRiMzVhN2YzZGFlMGQyNDY1NDQyIiwidXNlcl9pZCI6IjkifQ.gESMPL-cNWZ4mTXPtW5VyKEA8FgV8oFfz7SoDodMgYk HTTP/1.1" 404 4566
INFO 2026-06-09 22:11:30,832 "GET /api/sales/ HTTP/1.1" 200 52
INFO 2026-06-09 22:11:30,851 "GET /api/customers/ HTTP/1.1" 200 1217
INFO 2026-06-09 22:11:30,874 "GET /api/products/suppliers/ HTTP/1.1" 200 1014
INFO 2026-06-09 22:11:30,875 "GET /api/products/ HTTP/1.1" 200 2052
INFO 2026-06-09 22:11:30,877 "GET /api/users/ HTTP/1.1" 200 5968
INFO 2026-06-09 22:11:30,877 "GET /api/inventory/purchase-orders/ HTTP/1.1" 200 52
INFO 2026-06-09 22:11:30,890 "GET /api/notifications/notifications/?ordering=-created_at HTTP/1.1" 200 52
WARNING 2026-06-09 22:11:34,030 Not Found: /ws/notifications/
WARNING 2026-06-09 22:11:34,037 "GET /ws/notifications/?token=eyJhbGciOiJIUzI1NiIsInR5cCI6IkpXVCJ9.eyJ0b2tlbl90eXBlIjoiYWNjZXNzIiwiZXhwIjoxNzgxMDU5OTUwLCJpYXQiOjE3ODEwMzExNTAsImp0aSI6ImFlZGE0ZWJhYmQ3MDRiMzVhN2YzZGFlMGQyNDY1NDQyIiwidXNlcl9pZCI6IjkifQ.gESMPL-cNWZ4mTXPtW5VyKEA8FgV8oFfz7SoDodMgYk HTTP/1.1" 404 4566
WARNING 2026-06-09 22:11:39,176 Not Found: /ws/notifications/
WARNING 2026-06-09 22:11:39,179 "GET /ws/notifications/?token=eyJhbGciOiJIUzI1NiIsInR5cCI6IkpXVCJ9.eyJ0b2tlbl90eXBlIjoiYWNjZXNzIiwiZXhwIjoxNzgxMDU5OTUwLCJpYXQiOjE3ODEwMzExNTAsImp0aSI6ImFlZGE0ZWJhYmQ3MDRiMzVhN2YzZGFlMGQyNDY1NDQyIiwidXNlcl9pZCI6IjkifQ.gESMPL-cNWZ4mTXPtW5VyKEA8FgV8oFfz7SoDodMgYk HTTP/1.1" 404 4566
WARNING 2026-06-09 22:11:44,279 Not Found: /ws/notifications/
WARNING 2026-06-09 22:11:44,280 "GET /ws/notifications/?token=eyJhbGciOiJIUzI1NiIsInR5cCI6IkpXVCJ9.eyJ0b2tlbl90eXBlIjoiYWNjZXNzIiwiZXhwIjoxNzgxMDU5OTUwLCJpYXQiOjE3ODEwMzExNTAsImp0aSI6ImFlZGE0ZWJhYmQ3MDRiMzVhN2YzZGFlMGQyNDY1NDQyIiwidXNlcl9pZCI6IjkifQ.gESMPL-cNWZ4mTXPtW5VyKEA8FgV8oFfz7SoDodMgYk HTTP/1.1" 404 4566
INFO 2026-06-09 22:11:45,803 "GET /api/notifications/notifications/?ordering=-created_at HTTP/1.1" 200 52
WARNING 2026-06-09 22:11:49,495 Not Found: /ws/notifications/
WARNING 2026-06-09 22:11:49,497 "GET /ws/notifications/?token=eyJhbGciOiJIUzI1NiIsInR5cCI6IkpXVCJ9.eyJ0b2tlbl90eXBlIjoiYWNjZXNzIiwiZXhwIjoxNzgxMDU5OTUwLCJpYXQiOjE3ODEwMzExNTAsImp0aSI6ImFlZGE0ZWJhYmQ3MDRiMzVhN2YzZGFlMGQyNDY1NDQyIiwidXNlcl9pZCI6IjkifQ.gESMPL-cNWZ4mTXPtW5VyKEA8FgV8oFfz7SoDodMgYk HTTP/1.1" 404 4566
INFO 2026-06-09 22:11:49,498 - Broken pipe from ('127.0.0.1', 51700)
WARNING 2026-06-09 22:11:55,027 Not Found: /ws/notifications/
WARNING 2026-06-09 22:11:55,029 "GET /ws/notifications/?token=eyJhbGciOiJIUzI1NiIsInR5cCI6IkpXVCJ9.eyJ0b2tlbl90eXBlIjoiYWNjZXNzIiwiZXhwIjoxNzgxMDU5OTUwLCJpYXQiOjE3ODEwMzExNTAsImp0aSI6ImFlZGE0ZWJhYmQ3MDRiMzVhN2YzZGFlMGQyNDY1NDQyIiwidXNlcl9pZCI6IjkifQ.gESMPL-cNWZ4mTXPtW5VyKEA8FgV8oFfz7SoDodMgYk HTTP/1.1" 404 4566
INFO 2026-06-09 22:12:00,855 "GET /api/inventory/purchase-orders/ HTTP/1.1" 200 52
INFO 2026-06-09 22:12:00,856 "GET /api/sales/ HTTP/1.1" 200 52
INFO 2026-06-09 22:12:00,871 "GET /api/customers/ HTTP/1.1" 200 1217
INFO 2026-06-09 22:12:00,871 "GET /api/products/suppliers/ HTTP/1.1" 200 1014
INFO 2026-06-09 22:12:00,877 "GET /api/users/ HTTP/1.1" 200 5968
INFO 2026-06-09 22:12:00,888 "GET /api/products/ HTTP/1.1" 200 2052
INFO 2026-06-09 22:12:00,898 "GET /api/notifications/notifications/?ordering=-created_at HTTP/1.1" 200 52
WARNING 2026-06-09 22:12:01,742 Not Found: /ws/notifications/
WARNING 2026-06-09 22:12:01,744 "GET /ws/notifications/?token=eyJhbGciOiJIUzI1NiIsInR5cCI6IkpXVCJ9.eyJ0b2tlbl90eXBlIjoiYWNjZXNzIiwiZXhwIjoxNzgxMDU5OTUwLCJpYXQiOjE3ODEwMzExNTAsImp0aSI6ImFlZGE0ZWJhYmQ3MDRiMzVhN2YzZGFlMGQyNDY1NDQyIiwidXNlcl9pZCI6IjkifQ.gESMPL-cNWZ4mTXPtW5VyKEA8FgV8oFfz7SoDodMgYk HTTP/1.1" 404 4566
WARNING 2026-06-09 22:12:11,060 Not Found: /ws/notifications/
WARNING 2026-06-09 22:12:11,061 "GET /ws/notifications/?token=eyJhbGciOiJIUzI1NiIsInR5cCI6IkpXVCJ9.eyJ0b2tlbl90eXBlIjoiYWNjZXNzIiwiZXhwIjoxNzgxMDU5OTUwLCJpYXQiOjE3ODEwMzExNTAsImp0aSI6ImFlZGE0ZWJhYmQ3MDRiMzVhN2YzZGFlMGQyNDY1NDQyIiwidXNlcl9pZCI6IjkifQ.gESMPL-cNWZ4mTXPtW5VyKEA8FgV8oFfz7SoDodMgYk HTTP/1.1" 404 4566
INFO 2026-06-09 22:12:15,797 "GET /api/notifications/notifications/?ordering=-created_at HTTP/1.1" 200 52
WARNING 2026-06-09 22:12:17,857 Not Found: /ws/notifications/
WARNING 2026-06-09 22:12:17,858 "GET /ws/notifications/?token=eyJhbGciOiJIUzI1NiIsInR5cCI6IkpXVCJ9.eyJ0b2tlbl90eXBlIjoiYWNjZXNzIiwiZXhwIjoxNzgxMDU5OTUwLCJpYXQiOjE3ODEwMzExNTAsImp0aSI6ImFlZGE0ZWJhYmQ3MDRiMzVhN2YzZGFlMGQyNDY1NDQyIiwidXNlcl9pZCI6IjkifQ.gESMPL-cNWZ4mTXPtW5VyKEA8FgV8oFfz7SoDodMgYk HTTP/1.1" 404 4566
WARNING 2026-06-09 22:12:26,345 Not Found: /ws/notifications/
WARNING 2026-06-09 22:12:26,347 "GET /ws/notifications/?token=eyJhbGciOiJIUzI1NiIsInR5cCI6IkpXVCJ9.eyJ0b2tlbl90eXBlIjoiYWNjZXNzIiwiZXhwIjoxNzgxMDU5OTUwLCJpYXQiOjE3ODEwMzExNTAsImp0aSI6ImFlZGE0ZWJhYmQ3MDRiMzVhN2YzZGFlMGQyNDY1NDQyIiwidXNlcl9pZCI6IjkifQ.gESMPL-cNWZ4mTXPtW5VyKEA8FgV8oFfz7SoDodMgYk HTTP/1.1" 404 4566
INFO 2026-06-09 22:12:30,859 "GET /api/inventory/purchase-orders/ HTTP/1.1" 200 52
INFO 2026-06-09 22:12:30,884 "GET /api/sales/ HTTP/1.1" 200 52
INFO 2026-06-09 22:12:30,885 "GET /api/products/suppliers/ HTTP/1.1" 200 1014
INFO 2026-06-09 22:12:30,885 "GET /api/customers/ HTTP/1.1" 200 1217
INFO 2026-06-09 22:12:30,892 "GET /api/users/ HTTP/1.1" 200 5968
INFO 2026-06-09 22:12:30,898 "GET /api/products/ HTTP/1.1" 200 2052
INFO 2026-06-09 22:12:30,909 "GET /api/notifications/notifications/?ordering=-created_at HTTP/1.1" 200 52
WARNING 2026-06-09 22:12:33,649 Not Found: /ws/notifications/
WARNING 2026-06-09 22:12:33,652 "GET /ws/notifications/?token=eyJhbGciOiJIUzI1NiIsInR5cCI6IkpXVCJ9.eyJ0b2tlbl90eXBlIjoiYWNjZXNzIiwiZXhwIjoxNzgxMDU5OTUwLCJpYXQiOjE3ODEwMzExNTAsImp0aSI6ImFlZGE0ZWJhYmQ3MDRiMzVhN2YzZGFlMGQyNDY1NDQyIiwidXNlcl9pZCI6IjkifQ.gESMPL-cNWZ4mTXPtW5VyKEA8FgV8oFfz7SoDodMgYk HTTP/1.1" 404 4566
WARNING 2026-06-09 22:12:41,270 Not Found: /ws/notifications/
WARNING 2026-06-09 22:12:41,272 "GET /ws/notifications/?token=eyJhbGciOiJIUzI1NiIsInR5cCI6IkpXVCJ9.eyJ0b2tlbl90eXBlIjoiYWNjZXNzIiwiZXhwIjoxNzgxMDU5OTUwLCJpYXQiOjE3ODEwMzExNTAsImp0aSI6ImFlZGE0ZWJhYmQ3MDRiMzVhN2YzZGFlMGQyNDY1NDQyIiwidXNlcl9pZCI6IjkifQ.gESMPL-cNWZ4mTXPtW5VyKEA8FgV8oFfz7SoDodMgYk HTTP/1.1" 404 4566
INFO 2026-06-09 22:12:45,793 "GET /api/notifications/notifications/?ordering=-created_at HTTP/1.1" 200 52
WARNING 2026-06-09 22:12:46,327 Not Found: /ws/notifications/
WARNING 2026-06-09 22:12:46,329 "GET /ws/notifications/?token=eyJhbGciOiJIUzI1NiIsInR5cCI6IkpXVCJ9.eyJ0b2tlbl90eXBlIjoiYWNjZXNzIiwiZXhwIjoxNzgxMDU5OTUwLCJpYXQiOjE3ODEwMzExNTAsImp0aSI6ImFlZGE0ZWJhYmQ3MDRiMzVhN2YzZGFlMGQyNDY1NDQyIiwidXNlcl9pZCI6IjkifQ.gESMPL-cNWZ4mTXPtW5VyKEA8FgV8oFfz7SoDodMgYk HTTP/1.1" 404 4566
WARNING 2026-06-09 22:12:51,360 Not Found: /ws/notifications/
WARNING 2026-06-09 22:12:51,361 "GET /ws/notifications/?token=eyJhbGciOiJIUzI1NiIsInR5cCI6IkpXVCJ9.eyJ0b2tlbl90eXBlIjoiYWNjZXNzIiwiZXhwIjoxNzgxMDU5OTUwLCJpYXQiOjE3ODEwMzExNTAsImp0aSI6ImFlZGE0ZWJhYmQ3MDRiMzVhN2YzZGFlMGQyNDY1NDQyIiwidXNlcl9pZCI6IjkifQ.gESMPL-cNWZ4mTXPtW5VyKEA8FgV8oFfz7SoDodMgYk HTTP/1.1" 404 4566
WARNING 2026-06-09 22:12:56,374 Not Found: /ws/notifications/
WARNING 2026-06-09 22:12:56,376 "GET /ws/notifications/?token=eyJhbGciOiJIUzI1NiIsInR5cCI6IkpXVCJ9.eyJ0b2tlbl90eXBlIjoiYWNjZXNzIiwiZXhwIjoxNzgxMDU5OTUwLCJpYXQiOjE3ODEwMzExNTAsImp0aSI6ImFlZGE0ZWJhYmQ3MDRiMzVhN2YzZGFlMGQyNDY1NDQyIiwidXNlcl9pZCI6IjkifQ.gESMPL-cNWZ4mTXPtW5VyKEA8FgV8oFfz7SoDodMgYk HTTP/1.1" 404 4566
INFO 2026-06-09 22:13:00,820 "GET /api/sales/ HTTP/1.1" 200 52
INFO 2026-06-09 22:13:00,847 "GET /api/inventory/purchase-orders/ HTTP/1.1" 200 52
INFO 2026-06-09 22:13:00,855 "GET /api/products/suppliers/ HTTP/1.1" 200 1014
INFO 2026-06-09 22:13:00,861 "GET /api/customers/ HTTP/1.1" 200 1217
INFO 2026-06-09 22:13:00,870 "GET /api/notifications/notifications/?ordering=-created_at HTTP/1.1" 200 52
INFO 2026-06-09 22:13:00,881 "GET /api/users/ HTTP/1.1" 200 5968
INFO 2026-06-09 22:13:00,888 "GET /api/products/ HTTP/1.1" 200 2052
WARNING 2026-06-09 22:13:01,420 Not Found: /ws/notifications/
WARNING 2026-06-09 22:13:01,427 "GET /ws/notifications/?token=eyJhbGciOiJIUzI1NiIsInR5cCI6IkpXVCJ9.eyJ0b2tlbl90eXBlIjoiYWNjZXNzIiwiZXhwIjoxNzgxMDU5OTUwLCJpYXQiOjE3ODEwMzExNTAsImp0aSI6ImFlZGE0ZWJhYmQ3MDRiMzVhN2YzZGFlMGQyNDY1NDQyIiwidXNlcl9pZCI6IjkifQ.gESMPL-cNWZ4mTXPtW5VyKEA8FgV8oFfz7SoDodMgYk HTTP/1.1" 404 4566
INFO 2026-06-09 22:13:01,428 - Broken pipe from ('127.0.0.1', 52248)
WARNING 2026-06-09 22:13:06,442 Not Found: /ws/notifications/
WARNING 2026-06-09 22:13:06,443 "GET /ws/notifications/?token=eyJhbGciOiJIUzI1NiIsInR5cCI6IkpXVCJ9.eyJ0b2tlbl90eXBlIjoiYWNjZXNzIiwiZXhwIjoxNzgxMDU5OTUwLCJpYXQiOjE3ODEwMzExNTAsImp0aSI6ImFlZGE0ZWJhYmQ3MDRiMzVhN2YzZGFlMGQyNDY1NDQyIiwidXNlcl9pZCI6IjkifQ.gESMPL-cNWZ4mTXPtW5VyKEA8FgV8oFfz7SoDodMgYk HTTP/1.1" 404 4566
WARNING 2026-06-09 22:13:12,163 Not Found: /ws/notifications/
WARNING 2026-06-09 22:13:12,167 "GET /ws/notifications/?token=eyJhbGciOiJIUzI1NiIsInR5cCI6IkpXVCJ9.eyJ0b2tlbl90eXBlIjoiYWNjZXNzIiwiZXhwIjoxNzgxMDU5OTUwLCJpYXQiOjE3ODEwMzExNTAsImp0aSI6ImFlZGE0ZWJhYmQ3MDRiMzVhN2YzZGFlMGQyNDY1NDQyIiwidXNlcl9pZCI6IjkifQ.gESMPL-cNWZ4mTXPtW5VyKEA8FgV8oFfz7SoDodMgYk HTTP/1.1" 404 4566
INFO 2026-06-09 22:13:12,169 - Broken pipe from ('127.0.0.1', 62164)
INFO 2026-06-09 22:13:16,175 "GET /api/notifications/notifications/?ordering=-created_at HTTP/1.1" 200 52
WARNING 2026-06-09 22:13:19,883 Not Found: /ws/notifications/
WARNING 2026-06-09 22:13:19,884 "GET /ws/notifications/?token=eyJhbGciOiJIUzI1NiIsInR5cCI6IkpXVCJ9.eyJ0b2tlbl90eXBlIjoiYWNjZXNzIiwiZXhwIjoxNzgxMDU5OTUwLCJpYXQiOjE3ODEwMzExNTAsImp0aSI6ImFlZGE0ZWJhYmQ3MDRiMzVhN2YzZGFlMGQyNDY1NDQyIiwidXNlcl9pZCI6IjkifQ.gESMPL-cNWZ4mTXPtW5VyKEA8FgV8oFfz7SoDodMgYk HTTP/1.1" 404 4566
WARNING 2026-06-09 22:13:25,164 Not Found: /ws/notifications/
WARNING 2026-06-09 22:13:25,167 "GET /ws/notifications/?token=eyJhbGciOiJIUzI1NiIsInR5cCI6IkpXVCJ9.eyJ0b2tlbl90eXBlIjoiYWNjZXNzIiwiZXhwIjoxNzgxMDU5OTUwLCJpYXQiOjE3ODEwMzExNTAsImp0aSI6ImFlZGE0ZWJhYmQ3MDRiMzVhN2YzZGFlMGQyNDY1NDQyIiwidXNlcl9pZCI6IjkifQ.gESMPL-cNWZ4mTXPtW5VyKEA8FgV8oFfz7SoDodMgYk HTTP/1.1" 404 4566
INFO 2026-06-09 22:13:25,168 - Broken pipe from ('127.0.0.1', 50235)
WARNING 2026-06-09 22:13:31,160 Not Found: /ws/notifications/
INFO 2026-06-09 22:13:31,163 "GET /api/inventory/purchase-orders/ HTTP/1.1" 200 52
WARNING 2026-06-09 22:13:31,167 "GET /ws/notifications/?token=eyJhbGciOiJIUzI1NiIsInR5cCI6IkpXVCJ9.eyJ0b2tlbl90eXBlIjoiYWNjZXNzIiwiZXhwIjoxNzgxMDU5OTUwLCJpYXQiOjE3ODEwMzExNTAsImp0aSI6ImFlZGE0ZWJhYmQ3MDRiMzVhN2YzZGFlMGQyNDY1NDQyIiwidXNlcl9pZCI6IjkifQ.gESMPL-cNWZ4mTXPtW5VyKEA8FgV8oFfz7SoDodMgYk HTTP/1.1" 404 4566
INFO 2026-06-09 22:13:31,168 - Broken pipe from ('127.0.0.1', 63302)
INFO 2026-06-09 22:13:31,182 "GET /api/sales/ HTTP/1.1" 200 52
INFO 2026-06-09 22:13:31,193 "GET /api/products/suppliers/ HTTP/1.1" 200 1014
INFO 2026-06-09 22:13:31,203 "GET /api/customers/ HTTP/1.1" 200 1217
INFO 2026-06-09 22:13:31,209 "GET /api/notifications/notifications/?ordering=-created_at HTTP/1.1" 200 52
INFO 2026-06-09 22:13:31,217 "GET /api/users/ HTTP/1.1" 200 5968
INFO 2026-06-09 22:13:31,223 "GET /api/products/ HTTP/1.1" 200 2052
WARNING 2026-06-09 22:13:37,191 Not Found: /ws/notifications/
WARNING 2026-06-09 22:13:37,193 "GET /ws/notifications/?token=eyJhbGciOiJIUzI1NiIsInR5cCI6IkpXVCJ9.eyJ0b2tlbl90eXBlIjoiYWNjZXNzIiwiZXhwIjoxNzgxMDU5OTUwLCJpYXQiOjE3ODEwMzExNTAsImp0aSI6ImFlZGE0ZWJhYmQ3MDRiMzVhN2YzZGFlMGQyNDY1NDQyIiwidXNlcl9pZCI6IjkifQ.gESMPL-cNWZ4mTXPtW5VyKEA8FgV8oFfz7SoDodMgYk HTTP/1.1" 404 4566
WARNING 2026-06-09 22:13:43,232 Not Found: /ws/notifications/
WARNING 2026-06-09 22:13:43,234 "GET /ws/notifications/?token=eyJhbGciOiJIUzI1NiIsInR5cCI6IkpXVCJ9.eyJ0b2tlbl90eXBlIjoiYWNjZXNzIiwiZXhwIjoxNzgxMDU5OTUwLCJpYXQiOjE3ODEwMzExNTAsImp0aSI6ImFlZGE0ZWJhYmQ3MDRiMzVhN2YzZGFlMGQyNDY1NDQyIiwidXNlcl9pZCI6IjkifQ.gESMPL-cNWZ4mTXPtW5VyKEA8FgV8oFfz7SoDodMgYk HTTP/1.1" 404 4566
INFO 2026-06-09 22:13:46,129 "GET /api/notifications/notifications/?ordering=-created_at HTTP/1.1" 200 52
WARNING 2026-06-09 22:13:49,293 Not Found: /ws/notifications/
WARNING 2026-06-09 22:13:49,295 "GET /ws/notifications/?token=eyJhbGciOiJIUzI1NiIsInR5cCI6IkpXVCJ9.eyJ0b2tlbl90eXBlIjoiYWNjZXNzIiwiZXhwIjoxNzgxMDU5OTUwLCJpYXQiOjE3ODEwMzExNTAsImp0aSI6ImFlZGE0ZWJhYmQ3MDRiMzVhN2YzZGFlMGQyNDY1NDQyIiwidXNlcl9pZCI6IjkifQ.gESMPL-cNWZ4mTXPtW5VyKEA8FgV8oFfz7SoDodMgYk HTTP/1.1" 404 4566
WARNING 2026-06-09 22:13:55,347 Not Found: /ws/notifications/
WARNING 2026-06-09 22:13:55,349 "GET /ws/notifications/?token=eyJhbGciOiJIUzI1NiIsInR5cCI6IkpXVCJ9.eyJ0b2tlbl90eXBlIjoiYWNjZXNzIiwiZXhwIjoxNzgxMDU5OTUwLCJpYXQiOjE3ODEwMzExNTAsImp0aSI6ImFlZGE0ZWJhYmQ3MDRiMzVhN2YzZGFlMGQyNDY1NDQyIiwidXNlcl9pZCI6IjkifQ.gESMPL-cNWZ4mTXPtW5VyKEA8FgV8oFfz7SoDodMgYk HTTP/1.1" 404 4566
INFO 2026-06-09 22:14:01,194 "GET /api/products/suppliers/ HTTP/1.1" 200 1014
INFO 2026-06-09 22:14:01,209 "GET /api/sales/ HTTP/1.1" 200 52
INFO 2026-06-09 22:14:01,219 "GET /api/inventory/purchase-orders/ HTTP/1.1" 200 52
INFO 2026-06-09 22:14:01,237 "GET /api/customers/ HTTP/1.1" 200 1217
INFO 2026-06-09 22:14:01,239 "GET /api/users/ HTTP/1.1" 200 5968
INFO 2026-06-09 22:14:01,245 "GET /api/products/ HTTP/1.1" 200 2052
INFO 2026-06-09 22:14:01,251 "GET /api/notifications/notifications/?ordering=-created_at HTTP/1.1" 200 52
WARNING 2026-06-09 22:14:01,637 Not Found: /ws/notifications/
WARNING 2026-06-09 22:14:01,640 "GET /ws/notifications/?token=eyJhbGciOiJIUzI1NiIsInR5cCI6IkpXVCJ9.eyJ0b2tlbl90eXBlIjoiYWNjZXNzIiwiZXhwIjoxNzgxMDU5OTUwLCJpYXQiOjE3ODEwMzExNTAsImp0aSI6ImFlZGE0ZWJhYmQ3MDRiMzVhN2YzZGFlMGQyNDY1NDQyIiwidXNlcl9pZCI6IjkifQ.gESMPL-cNWZ4mTXPtW5VyKEA8FgV8oFfz7SoDodMgYk HTTP/1.1" 404 4566
WARNING 2026-06-09 22:14:07,492 Not Found: /ws/notifications/
WARNING 2026-06-09 22:14:07,494 "GET /ws/notifications/?token=eyJhbGciOiJIUzI1NiIsInR5cCI6IkpXVCJ9.eyJ0b2tlbl90eXBlIjoiYWNjZXNzIiwiZXhwIjoxNzgxMDU5OTUwLCJpYXQiOjE3ODEwMzExNTAsImp0aSI6ImFlZGE0ZWJhYmQ3MDRiMzVhN2YzZGFlMGQyNDY1NDQyIiwidXNlcl9pZCI6IjkifQ.gESMPL-cNWZ4mTXPtW5VyKEA8FgV8oFfz7SoDodMgYk HTTP/1.1" 404 4566
WARNING 2026-06-09 22:14:14,891 Not Found: /ws/notifications/
WARNING 2026-06-09 22:14:14,893 "GET /ws/notifications/?token=eyJhbGciOiJIUzI1NiIsInR5cCI6IkpXVCJ9.eyJ0b2tlbl90eXBlIjoiYWNjZXNzIiwiZXhwIjoxNzgxMDU5OTUwLCJpYXQiOjE3ODEwMzExNTAsImp0aSI6ImFlZGE0ZWJhYmQ3MDRiMzVhN2YzZGFlMGQyNDY1NDQyIiwidXNlcl9pZCI6IjkifQ.gESMPL-cNWZ4mTXPtW5VyKEA8FgV8oFfz7SoDodMgYk HTTP/1.1" 404 4566
WARNING 2026-06-09 22:14:22,488 Not Found: /ws/notifications/
WARNING 2026-06-09 22:14:22,490 "GET /ws/notifications/?token=eyJhbGciOiJIUzI1NiIsInR5cCI6IkpXVCJ9.eyJ0b2tlbl90eXBlIjoiYWNjZXNzIiwiZXhwIjoxNzgxMDU5OTUwLCJpYXQiOjE3ODEwMzExNTAsImp0aSI6ImFlZGE0ZWJhYmQ3MDRiMzVhN2YzZGFlMGQyNDY1NDQyIiwidXNlcl9pZCI6IjkifQ.gESMPL-cNWZ4mTXPtW5VyKEA8FgV8oFfz7SoDodMgYk HTTP/1.1" 404 4566
WARNING 2026-06-09 22:14:32,167 Not Found: /ws/notifications/
WARNING 2026-06-09 22:14:32,168 "GET /ws/notifications/?token=eyJhbGciOiJIUzI1NiIsInR5cCI6IkpXVCJ9.eyJ0b2tlbl90eXBlIjoiYWNjZXNzIiwiZXhwIjoxNzgxMDU5OTUwLCJpYXQiOjE3ODEwMzExNTAsImp0aSI6ImFlZGE0ZWJhYmQ3MDRiMzVhN2YzZGFlMGQyNDY1NDQyIiwidXNlcl9pZCI6IjkifQ.gESMPL-cNWZ4mTXPtW5VyKEA8FgV8oFfz7SoDodMgYk HTTP/1.1" 404 4566
WARNING 2026-06-09 22:14:42,126 Not Found: /ws/notifications/
WARNING 2026-06-09 22:14:42,128 "GET /ws/notifications/?token=eyJhbGciOiJIUzI1NiIsInR5cCI6IkpXVCJ9.eyJ0b2tlbl90eXBlIjoiYWNjZXNzIiwiZXhwIjoxNzgxMDU5OTUwLCJpYXQiOjE3ODEwMzExNTAsImp0aSI6ImFlZGE0ZWJhYmQ3MDRiMzVhN2YzZGFlMGQyNDY1NDQyIiwidXNlcl9pZCI6IjkifQ.gESMPL-cNWZ4mTXPtW5VyKEA8FgV8oFfz7SoDodMgYk HTTP/1.1" 404 4566
WARNING 2026-06-09 22:14:48,144 Not Found: /ws/notifications/
WARNING 2026-06-09 22:14:48,147 "GET /ws/notifications/?token=eyJhbGciOiJIUzI1NiIsInR5cCI6IkpXVCJ9.eyJ0b2tlbl90eXBlIjoiYWNjZXNzIiwiZXhwIjoxNzgxMDU5OTUwLCJpYXQiOjE3ODEwMzExNTAsImp0aSI6ImFlZGE0ZWJhYmQ3MDRiMzVhN2YzZGFlMGQyNDY1NDQyIiwidXNlcl9pZCI6IjkifQ.gESMPL-cNWZ4mTXPtW5VyKEA8FgV8oFfz7SoDodMgYk HTTP/1.1" 404 4566
WARNING 2026-06-09 22:14:54,133 Not Found: /ws/notifications/
WARNING 2026-06-09 22:14:54,134 "GET /ws/notifications/?token=eyJhbGciOiJIUzI1NiIsInR5cCI6IkpXVCJ9.eyJ0b2tlbl90eXBlIjoiYWNjZXNzIiwiZXhwIjoxNzgxMDU5OTUwLCJpYXQiOjE3ODEwMzExNTAsImp0aSI6ImFlZGE0ZWJhYmQ3MDRiMzVhN2YzZGFlMGQyNDY1NDQyIiwidXNlcl9pZCI6IjkifQ.gESMPL-cNWZ4mTXPtW5VyKEA8FgV8oFfz7SoDodMgYk HTTP/1.1" 404 4566
INFO 2026-06-09 22:14:58,164 "GET /api/notifications/notifications/?ordering=-created_at HTTP/1.1" 200 52
INFO 2026-06-09 22:14:58,212 "GET /api/products/ HTTP/1.1" 200 2052
INFO 2026-06-09 22:14:59,556 "GET /api/sales/ HTTP/1.1" 200 52
INFO 2026-06-09 22:14:59,578 "GET /api/inventory/purchase-orders/ HTTP/1.1" 200 52
INFO 2026-06-09 22:14:59,596 "GET /api/products/suppliers/ HTTP/1.1" 200 1014
INFO 2026-06-09 22:14:59,596 "GET /api/users/ HTTP/1.1" 200 5968
INFO 2026-06-09 22:14:59,596 "GET /api/customers/ HTTP/1.1" 200 1217
WARNING 2026-06-09 22:15:02,219 Not Found: /ws/notifications/
WARNING 2026-06-09 22:15:02,241 "GET /ws/notifications/?token=eyJhbGciOiJIUzI1NiIsInR5cCI6IkpXVCJ9.eyJ0b2tlbl90eXBlIjoiYWNjZXNzIiwiZXhwIjoxNzgxMDU5OTUwLCJpYXQiOjE3ODEwMzExNTAsImp0aSI6ImFlZGE0ZWJhYmQ3MDRiMzVhN2YzZGFlMGQyNDY1NDQyIiwidXNlcl9pZCI6IjkifQ.gESMPL-cNWZ4mTXPtW5VyKEA8FgV8oFfz7SoDodMgYk HTTP/1.1" 404 4566
WARNING 2026-06-09 22:15:13,406 Not Found: /ws/notifications/
WARNING 2026-06-09 22:15:13,408 "GET /ws/notifications/?token=eyJhbGciOiJIUzI1NiIsInR5cCI6IkpXVCJ9.eyJ0b2tlbl90eXBlIjoiYWNjZXNzIiwiZXhwIjoxNzgxMDU5OTUwLCJpYXQiOjE3ODEwMzExNTAsImp0aSI6ImFlZGE0ZWJhYmQ3MDRiMzVhN2YzZGFlMGQyNDY1NDQyIiwidXNlcl9pZCI6IjkifQ.gESMPL-cNWZ4mTXPtW5VyKEA8FgV8oFfz7SoDodMgYk HTTP/1.1" 404 4566
WARNING 2026-06-09 22:15:19,184 Not Found: /ws/notifications/
WARNING 2026-06-09 22:15:19,186 "GET /ws/notifications/?token=eyJhbGciOiJIUzI1NiIsInR5cCI6IkpXVCJ9.eyJ0b2tlbl90eXBlIjoiYWNjZXNzIiwiZXhwIjoxNzgxMDU5OTUwLCJpYXQiOjE3ODEwMzExNTAsImp0aSI6ImFlZGE0ZWJhYmQ3MDRiMzVhN2YzZGFlMGQyNDY1NDQyIiwidXNlcl9pZCI6IjkifQ.gESMPL-cNWZ4mTXPtW5VyKEA8FgV8oFfz7SoDodMgYk HTTP/1.1" 404 4566
WARNING 2026-06-09 22:15:25,144 Not Found: /ws/notifications/
WARNING 2026-06-09 22:15:25,145 "GET /ws/notifications/?token=eyJhbGciOiJIUzI1NiIsInR5cCI6IkpXVCJ9.eyJ0b2tlbl90eXBlIjoiYWNjZXNzIiwiZXhwIjoxNzgxMDU5OTUwLCJpYXQiOjE3ODEwMzExNTAsImp0aSI6ImFlZGE0ZWJhYmQ3MDRiMzVhN2YzZGFlMGQyNDY1NDQyIiwidXNlcl9pZCI6IjkifQ.gESMPL-cNWZ4mTXPtW5VyKEA8FgV8oFfz7SoDodMgYk HTTP/1.1" 404 4566
INFO 2026-06-09 22:15:30,813 "GET /api/inventory/purchase-orders/ HTTP/1.1" 200 52
INFO 2026-06-09 22:15:30,814 "GET /api/sales/ HTTP/1.1" 200 52
WARNING 2026-06-09 22:15:30,853 Not Found: /ws/notifications/
INFO 2026-06-09 22:15:30,862 "GET /api/products/suppliers/ HTTP/1.1" 200 1014
INFO 2026-06-09 22:15:30,867 "GET /api/customers/ HTTP/1.1" 200 1217
WARNING 2026-06-09 22:15:30,876 "GET /ws/notifications/?token=eyJhbGciOiJIUzI1NiIsInR5cCI6IkpXVCJ9.eyJ0b2tlbl90eXBlIjoiYWNjZXNzIiwiZXhwIjoxNzgxMDU5OTUwLCJpYXQiOjE3ODEwMzExNTAsImp0aSI6ImFlZGE0ZWJhYmQ3MDRiMzVhN2YzZGFlMGQyNDY1NDQyIiwidXNlcl9pZCI6IjkifQ.gESMPL-cNWZ4mTXPtW5VyKEA8FgV8oFfz7SoDodMgYk HTTP/1.1" 404 4566
INFO 2026-06-09 22:15:30,877 - Broken pipe from ('127.0.0.1', 50410)
INFO 2026-06-09 22:15:30,877 "GET /api/users/ HTTP/1.1" 200 5968
INFO 2026-06-09 22:15:30,877 "GET /api/notifications/notifications/?ordering=-created_at HTTP/1.1" 200 52
INFO 2026-06-09 22:15:30,888 "GET /api/products/ HTTP/1.1" 200 2052
INFO 2026-06-09 22:15:30,901 "GET /api/notifications/notifications/?ordering=-created_at HTTP/1.1" 200 52
